45000
1 1.17055
2 1.17055
3 1.17055
4 1.17055
5 1.17055
6 1.17055
7 1.17055
8 1.17055
9 1.17055
10 1.17055
11 1.17055
12 1.17055
13 1.17055
14 1.17055
15 1.17055
16 1.17055
17 1.17055
18 1.17055
19 1.17055
20 1.17055
21 1.17055
22 1.17055
23 1.17055
24 1.17055
25 1.17055
26 1.17055
27 1.17055
28 1.17055
29 1.17055
30 1.17055
31 1.17055
32 1.17055
33 1.17055
34 1.17055
35 1.17055
36 1.17055
37 1.17055
38 1.17055
39 1.17055
40 1.17055
41 1.17055
42 1.17055
43 1.17055
44 1.17055
45 1.17055
46 1.17055
47 1.17055
48 1.17055
49 1.17055
50 1.17055
51 0.809313
52 0.809313
53 0.809313
54 0.809313
55 0.809313
56 0.809313
57 0.809313
58 0.809313
59 0.809313
60 0.809313
61 0.809313
62 0.809313
63 0.809313
64 0.809313
65 0.809313
66 0.809313
67 0.809313
68 0.809313
69 0.809313
70 0.809313
71 0.809313
72 0.809313
73 0.809313
74 0.809313
75 0.809313
76 0.809313
77 0.809313
78 0.809313
79 0.809313
80 0.809313
81 0.809313
82 0.809313
83 0.809313
84 0.809313
85 0.809313
86 0.809313
87 0.809313
88 0.809313
89 0.809313
90 0.809313
91 0.809313
92 0.809313
93 0.809313
94 0.809313
95 0.809313
96 0.809313
97 0.809313
98 0.809313
99 0.809313
100 0.809313
101 2.48068
102 2.48068
103 2.48068
104 2.48068
105 2.48068
106 2.48068
107 2.48068
108 2.48068
109 2.48068
110 2.48068
111 2.48068
112 2.48068
113 2.48068
114 2.48068
115 2.48068
116 2.48068
117 2.48068
118 2.48068
119 2.48068
120 2.48068
121 2.48068
122 2.48068
123 2.48068
124 2.48068
125 2.48068
126 2.48068
127 2.48068
128 2.48068
129 2.48068
130 2.48068
131 2.48068
132 2.48068
133 2.48068
134 2.48068
135 2.48068
136 2.48068
137 2.48068
138 2.48068
139 2.48068
140 2.48068
141 2.48068
142 2.48068
143 2.48068
144 2.48068
145 2.48068
146 2.48068
147 2.48068
148 2.48068
149 2.48068
150 2.48068
151 0.422183
152 0.422183
153 0.422183
154 0.422183
155 0.422183
156 0.422183
157 0.422183
158 0.422183
159 0.422183
160 0.422183
161 0.422183
162 0.422183
163 0.422183
164 0.422183
165 0.422183
166 0.422183
167 0.422183
168 0.422183
169 0.422183
170 0.422183
171 0.422183
172 0.422183
173 0.422183
174 0.422183
175 0.422183
176 0.422183
177 0.422183
178 0.422183
179 0.422183
180 0.422183
181 0.422183
182 0.422183
183 0.422183
184 0.422183
185 0.422183
186 0.422183
187 0.422183
188 0.422183
189 0.422183
190 0.422183
191 0.422183
192 0.422183
193 0.422183
194 0.422183
195 0.422183
196 0.422183
197 0.422183
198 0.422183
199 0.422183
200 0.422183
201 4.2656
202 4.2656
203 4.2656
204 4.2656
205 4.2656
206 4.2656
207 4.2656
208 4.2656
209 4.2656
210 4.2656
211 4.2656
212 4.2656
213 4.2656
214 4.2656
215 4.2656
216 4.2656
217 4.2656
218 4.2656
219 4.2656
220 4.2656
221 4.2656
222 4.2656
223 4.2656
224 4.2656
225 4.2656
226 4.2656
227 4.2656
228 4.2656
229 4.2656
230 4.2656
231 4.2656
232 4.2656
233 4.2656
234 4.2656
235 4.2656
236 4.2656
237 4.2656
238 4.2656
239 4.2656
240 4.2656
241 4.2656
242 4.2656
243 4.2656
244 4.2656
245 4.2656
246 4.2656
247 4.2656
248 4.2656
249 4.2656
250 4.2656
251 1.51913
252 1.51913
253 1.51913
254 1.51913
255 1.51913
256 1.51913
257 1.51913
258 1.51913
259 1.51913
260 1.51913
261 1.51913
262 1.51913
263 1.51913
264 1.51913
265 1.51913
266 1.51913
267 1.51913
268 1.51913
269 1.51913
270 1.51913
271 1.51913
272 1.51913
273 1.51913
274 1.51913
275 1.51913
276 1.51913
277 1.51913
278 1.51913
279 1.51913
280 1.51913
281 1.51913
282 1.51913
283 1.51913
284 1.51913
285 1.51913
286 1.51913
287 1.51913
288 1.51913
289 1.51913
290 1.51913
291 1.51913
292 1.51913
293 1.51913
294 1.51913
295 1.51913
296 1.51913
297 1.51913
298 1.51913
299 1.51913
300 1.51913
301 1.16964
302 1.16964
303 1.16964
304 1.16964
305 1.16964
306 1.16964
307 1.16964
308 1.16964
309 1.16964
310 1.16964
311 1.16964
312 1.16964
313 1.16964
314 1.16964
315 1.16964
316 1.16964
317 1.16964
318 1.16964
319 1.16964
320 1.16964
321 1.16964
322 1.16964
323 1.16964
324 1.16964
325 1.16964
326 1.16964
327 1.16964
328 1.16964
329 1.16964
330 1.16964
331 1.16964
332 1.16964
333 1.16964
334 1.16964
335 1.16964
336 1.16964
337 1.16964
338 1.16964
339 1.16964
340 1.16964
341 1.16964
342 1.16964
343 1.16964
344 1.16964
345 1.16964
346 1.16964
347 1.16964
348 1.16964
349 1.16964
350 1.16964
351 5.57668
352 5.57668
353 5.57668
354 5.57668
355 5.57668
356 5.57668
357 5.57668
358 5.57668
359 5.57668
360 5.57668
361 5.57668
362 5.57668
363 5.57668
364 5.57668
365 5.57668
366 5.57668
367 5.57668
368 5.57668
369 5.57668
370 5.57668
371 5.57668
372 5.57668
373 5.57668
374 5.57668
375 5.57668
376 5.57668
377 5.57668
378 5.57668
379 5.57668
380 5.57668
381 5.57668
382 5.57668
383 5.57668
384 5.57668
385 5.57668
386 5.57668
387 5.57668
388 5.57668
389 5.57668
390 5.57668
391 5.57668
392 5.57668
393 5.57668
394 5.57668
395 5.57668
396 5.57668
397 5.57668
398 5.57668
399 5.57668
400 5.57668
401 4.55809
402 4.55809
403 4.55809
404 4.55809
405 4.55809
406 4.55809
407 4.55809
408 4.55809
409 4.55809
410 4.55809
411 4.55809
412 4.55809
413 4.55809
414 4.55809
415 4.55809
416 4.55809
417 4.55809
418 4.55809
419 4.55809
420 4.55809
421 4.55809
422 4.55809
423 4.55809
424 4.55809
425 4.55809
426 4.55809
427 4.55809
428 4.55809
429 4.55809
430 4.55809
431 4.55809
432 4.55809
433 4.55809
434 4.55809
435 4.55809
436 4.55809
437 4.55809
438 4.55809
439 4.55809
440 4.55809
441 4.55809
442 4.55809
443 4.55809
444 4.55809
445 4.55809
446 4.55809
447 4.55809
448 4.55809
449 4.55809
450 4.55809
451 5.89378
452 5.89378
453 5.89378
454 5.89378
455 5.89378
456 5.89378
457 5.89378
458 5.89378
459 5.89378
460 5.89378
461 5.89378
462 5.89378
463 5.89378
464 5.89378
465 5.89378
466 5.89378
467 5.89378
468 5.89378
469 5.89378
470 5.89378
471 5.89378
472 5.89378
473 5.89378
474 5.89378
475 5.89378
476 5.89378
477 5.89378
478 5.89378
479 5.89378
480 5.89378
481 5.89378
482 5.89378
483 5.89378
484 5.89378
485 5.89378
486 5.89378
487 5.89378
488 5.89378
489 5.89378
490 5.89378
491 5.89378
492 5.89378
493 5.89378
494 5.89378
495 5.89378
496 5.89378
497 5.89378
498 5.89378
499 5.89378
500 5.89378
501 3.65374
502 3.65374
503 3.65374
504 3.65374
505 3.65374
506 3.65374
507 3.65374
508 3.65374
509 3.65374
510 3.65374
511 3.65374
512 3.65374
513 3.65374
514 3.65374
515 3.65374
516 3.65374
517 3.65374
518 3.65374
519 3.65374
520 3.65374
521 3.65374
522 3.65374
523 3.65374
524 3.65374
525 3.65374
526 3.65374
527 3.65374
528 3.65374
529 3.65374
530 3.65374
531 3.65374
532 3.65374
533 3.65374
534 3.65374
535 3.65374
536 3.65374
537 3.65374
538 3.65374
539 3.65374
540 3.65374
541 3.65374
542 3.65374
543 3.65374
544 3.65374
545 3.65374
546 3.65374
547 3.65374
548 3.65374
549 3.65374
550 3.65374
551 1.68517
552 1.68517
553 1.68517
554 1.68517
555 1.68517
556 1.68517
557 1.68517
558 1.68517
559 1.68517
560 1.68517
561 1.68517
562 1.68517
563 1.68517
564 1.68517
565 1.68517
566 1.68517
567 1.68517
568 1.68517
569 1.68517
570 1.68517
571 1.68517
572 1.68517
573 1.68517
574 1.68517
575 1.68517
576 1.68517
577 1.68517
578 1.68517
579 1.68517
580 1.68517
581 1.68517
582 1.68517
583 1.68517
584 1.68517
585 1.68517
586 1.68517
587 1.68517
588 1.68517
589 1.68517
590 1.68517
591 1.68517
592 1.68517
593 1.68517
594 1.68517
595 1.68517
596 1.68517
597 1.68517
598 1.68517
599 1.68517
600 1.68517
601 3.08134
602 3.08134
603 3.08134
604 3.08134
605 3.08134
606 3.08134
607 3.08134
608 3.08134
609 3.08134
610 3.08134
611 3.08134
612 3.08134
613 3.08134
614 3.08134
615 3.08134
616 3.08134
617 3.08134
618 3.08134
619 3.08134
620 3.08134
621 3.08134
622 3.08134
623 3.08134
624 3.08134
625 3.08134
626 3.08134
627 3.08134
628 3.08134
629 3.08134
630 3.08134
631 3.08134
632 3.08134
633 3.08134
634 3.08134
635 3.08134
636 3.08134
637 3.08134
638 3.08134
639 3.08134
640 3.08134
641 3.08134
642 3.08134
643 3.08134
644 3.08134
645 3.08134
646 3.08134
647 3.08134
648 3.08134
649 3.08134
650 3.08134
651 5.85098
652 5.85098
653 5.85098
654 5.85098
655 5.85098
656 5.85098
657 5.85098
658 5.85098
659 5.85098
660 5.85098
661 5.85098
662 5.85098
663 5.85098
664 5.85098
665 5.85098
666 5.85098
667 5.85098
668 5.85098
669 5.85098
670 5.85098
671 5.85098
672 5.85098
673 5.85098
674 5.85098
675 5.85098
676 5.85098
677 5.85098
678 5.85098
679 5.85098
680 5.85098
681 5.85098
682 5.85098
683 5.85098
684 5.85098
685 5.85098
686 5.85098
687 5.85098
688 5.85098
689 5.85098
690 5.85098
691 5.85098
692 5.85098
693 5.85098
694 5.85098
695 5.85098
696 5.85098
697 5.85098
698 5.85098
699 5.85098
700 5.85098
701 6.03133
702 6.03133
703 6.03133
704 6.03133
705 6.03133
706 6.03133
707 6.03133
708 6.03133
709 6.03133
710 6.03133
711 6.03133
712 6.03133
713 6.03133
714 6.03133
715 6.03133
716 6.03133
717 6.03133
718 6.03133
719 6.03133
720 6.03133
721 6.03133
722 6.03133
723 6.03133
724 6.03133
725 6.03133
726 6.03133
727 6.03133
728 6.03133
729 6.03133
730 6.03133
731 6.03133
732 6.03133
733 6.03133
734 6.03133
735 6.03133
736 6.03133
737 6.03133
738 6.03133
739 6.03133
740 6.03133
741 6.03133
742 6.03133
743 6.03133
744 6.03133
745 6.03133
746 6.03133
747 6.03133
748 6.03133
749 6.03133
750 6.03133
751 1.95846
752 1.95846
753 1.95846
754 1.95846
755 1.95846
756 1.95846
757 1.95846
758 1.95846
759 1.95846
760 1.95846
761 1.95846
762 1.95846
763 1.95846
764 1.95846
765 1.95846
766 1.95846
767 1.95846
768 1.95846
769 1.95846
770 1.95846
771 1.95846
772 1.95846
773 1.95846
774 1.95846
775 1.95846
776 1.95846
777 1.95846
778 1.95846
779 1.95846
780 1.95846
781 1.95846
782 1.95846
783 1.95846
784 1.95846
785 1.95846
786 1.95846
787 1.95846
788 1.95846
789 1.95846
790 1.95846
791 1.95846
792 1.95846
793 1.95846
794 1.95846
795 1.95846
796 1.95846
797 1.95846
798 1.95846
799 1.95846
800 1.95846
801 1.04373
802 1.04373
803 1.04373
804 1.04373
805 1.04373
806 1.04373
807 1.04373
808 1.04373
809 1.04373
810 1.04373
811 1.04373
812 1.04373
813 1.04373
814 1.04373
815 1.04373
816 1.04373
817 1.04373
818 1.04373
819 1.04373
820 1.04373
821 1.04373
822 1.04373
823 1.04373
824 1.04373
825 1.04373
826 1.04373
827 1.04373
828 1.04373
829 1.04373
830 1.04373
831 1.04373
832 1.04373
833 1.04373
834 1.04373
835 1.04373
836 1.04373
837 1.04373
838 1.04373
839 1.04373
840 1.04373
841 1.04373
842 1.04373
843 1.04373
844 1.04373
845 1.04373
846 1.04373
847 1.04373
848 1.04373
849 1.04373
850 1.04373
851 3.26915
852 3.26915
853 3.26915
854 3.26915
855 3.26915
856 3.26915
857 3.26915
858 3.26915
859 3.26915
860 3.26915
861 3.26915
862 3.26915
863 3.26915
864 3.26915
865 3.26915
866 3.26915
867 3.26915
868 3.26915
869 3.26915
870 3.26915
871 3.26915
872 3.26915
873 3.26915
874 3.26915
875 3.26915
876 3.26915
877 3.26915
878 3.26915
879 3.26915
880 3.26915
881 3.26915
882 3.26915
883 3.26915
884 3.26915
885 3.26915
886 3.26915
887 3.26915
888 3.26915
889 3.26915
890 3.26915
891 3.26915
892 3.26915
893 3.26915
894 3.26915
895 3.26915
896 3.26915
897 3.26915
898 3.26915
899 3.26915
900 3.26915
901 4.1391
902 4.1391
903 4.1391
904 4.1391
905 4.1391
906 4.1391
907 4.1391
908 4.1391
909 4.1391
910 4.1391
911 4.1391
912 4.1391
913 4.1391
914 4.1391
915 4.1391
916 4.1391
917 4.1391
918 4.1391
919 4.1391
920 4.1391
921 4.1391
922 4.1391
923 4.1391
924 4.1391
925 4.1391
926 4.1391
927 4.1391
928 4.1391
929 4.1391
930 4.1391
931 4.1391
932 4.1391
933 4.1391
934 4.1391
935 4.1391
936 4.1391
937 4.1391
938 4.1391
939 4.1391
940 4.1391
941 4.1391
942 4.1391
943 4.1391
944 4.1391
945 4.1391
946 4.1391
947 4.1391
948 4.1391
949 4.1391
950 4.1391
951 1.45936
952 1.45936
953 1.45936
954 1.45936
955 1.45936
956 1.45936
957 1.45936
958 1.45936
959 1.45936
960 1.45936
961 1.45936
962 1.45936
963 1.45936
964 1.45936
965 1.45936
966 1.45936
967 1.45936
968 1.45936
969 1.45936
970 1.45936
971 1.45936
972 1.45936
973 1.45936
974 1.45936
975 1.45936
976 1.45936
977 1.45936
978 1.45936
979 1.45936
980 1.45936
981 1.45936
982 1.45936
983 1.45936
984 1.45936
985 1.45936
986 1.45936
987 1.45936
988 1.45936
989 1.45936
990 1.45936
991 1.45936
992 1.45936
993 1.45936
994 1.45936
995 1.45936
996 1.45936
997 1.45936
998 1.45936
999 1.45936
1000 1.45936
1001 2.46596
1002 2.46596
1003 2.46596
1004 2.46596
1005 2.46596
1006 2.46596
1007 2.46596
1008 2.46596
1009 2.46596
1010 2.46596
1011 2.46596
1012 2.46596
1013 2.46596
1014 2.46596
1015 2.46596
1016 2.46596
1017 2.46596
1018 2.46596
1019 2.46596
1020 2.46596
1021 2.46596
1022 2.46596
1023 2.46596
1024 2.46596
1025 2.46596
1026 2.46596
1027 2.46596
1028 2.46596
1029 2.46596
1030 2.46596
1031 2.46596
1032 2.46596
1033 2.46596
1034 2.46596
1035 2.46596
1036 2.46596
1037 2.46596
1038 2.46596
1039 2.46596
1040 2.46596
1041 2.46596
1042 2.46596
1043 2.46596
1044 2.46596
1045 2.46596
1046 2.46596
1047 2.46596
1048 2.46596
1049 2.46596
1050 2.46596
1051 4.1959
1052 4.1959
1053 4.1959
1054 4.1959
1055 4.1959
1056 4.1959
1057 4.1959
1058 4.1959
1059 4.1959
1060 4.1959
1061 4.1959
1062 4.1959
1063 4.1959
1064 4.1959
1065 4.1959
1066 4.1959
1067 4.1959
1068 4.1959
1069 4.1959
1070 4.1959
1071 4.1959
1072 4.1959
1073 4.1959
1074 4.1959
1075 4.1959
1076 4.1959
1077 4.1959
1078 4.1959
1079 4.1959
1080 4.1959
1081 4.1959
1082 4.1959
1083 4.1959
1084 4.1959
1085 4.1959
1086 4.1959
1087 4.1959
1088 4.1959
1089 4.1959
1090 4.1959
1091 4.1959
1092 4.1959
1093 4.1959
1094 4.1959
1095 4.1959
1096 4.1959
1097 4.1959
1098 4.1959
1099 4.1959
1100 4.1959
1101 1.67227
1102 1.67227
1103 1.67227
1104 1.67227
1105 1.67227
1106 1.67227
1107 1.67227
1108 1.67227
1109 1.67227
1110 1.67227
1111 1.67227
1112 1.67227
1113 1.67227
1114 1.67227
1115 1.67227
1116 1.67227
1117 1.67227
1118 1.67227
1119 1.67227
1120 1.67227
1121 1.67227
1122 1.67227
1123 1.67227
1124 1.67227
1125 1.67227
1126 1.67227
1127 1.67227
1128 1.67227
1129 1.67227
1130 1.67227
1131 1.67227
1132 1.67227
1133 1.67227
1134 1.67227
1135 1.67227
1136 1.67227
1137 1.67227
1138 1.67227
1139 1.67227
1140 1.67227
1141 1.67227
1142 1.67227
1143 1.67227
1144 1.67227
1145 1.67227
1146 1.67227
1147 1.67227
1148 1.67227
1149 1.67227
1150 1.67227
1151 5.07699
1152 5.07699
1153 5.07699
1154 5.07699
1155 5.07699
1156 5.07699
1157 5.07699
1158 5.07699
1159 5.07699
1160 5.07699
1161 5.07699
1162 5.07699
1163 5.07699
1164 5.07699
1165 5.07699
1166 5.07699
1167 5.07699
1168 5.07699
1169 5.07699
1170 5.07699
1171 5.07699
1172 5.07699
1173 5.07699
1174 5.07699
1175 5.07699
1176 5.07699
1177 5.07699
1178 5.07699
1179 5.07699
1180 5.07699
1181 5.07699
1182 5.07699
1183 5.07699
1184 5.07699
1185 5.07699
1186 5.07699
1187 5.07699
1188 5.07699
1189 5.07699
1190 5.07699
1191 5.07699
1192 5.07699
1193 5.07699
1194 5.07699
1195 5.07699
1196 5.07699
1197 5.07699
1198 5.07699
1199 5.07699
1200 5.07699
1201 1.37167
1202 1.37167
1203 1.37167
1204 1.37167
1205 1.37167
1206 1.37167
1207 1.37167
1208 1.37167
1209 1.37167
1210 1.37167
1211 1.37167
1212 1.37167
1213 1.37167
1214 1.37167
1215 1.37167
1216 1.37167
1217 1.37167
1218 1.37167
1219 1.37167
1220 1.37167
1221 1.37167
1222 1.37167
1223 1.37167
1224 1.37167
1225 1.37167
1226 1.37167
1227 1.37167
1228 1.37167
1229 1.37167
1230 1.37167
1231 1.37167
1232 1.37167
1233 1.37167
1234 1.37167
1235 1.37167
1236 1.37167
1237 1.37167
1238 1.37167
1239 1.37167
1240 1.37167
1241 1.37167
1242 1.37167
1243 1.37167
1244 1.37167
1245 1.37167
1246 1.37167
1247 1.37167
1248 1.37167
1249 1.37167
1250 1.37167
1251 1.60439
1252 1.60439
1253 1.60439
1254 1.60439
1255 1.60439
1256 1.60439
1257 1.60439
1258 1.60439
1259 1.60439
1260 1.60439
1261 1.60439
1262 1.60439
1263 1.60439
1264 1.60439
1265 1.60439
1266 1.60439
1267 1.60439
1268 1.60439
1269 1.60439
1270 1.60439
1271 1.60439
1272 1.60439
1273 1.60439
1274 1.60439
1275 1.60439
1276 1.60439
1277 1.60439
1278 1.60439
1279 1.60439
1280 1.60439
1281 1.60439
1282 1.60439
1283 1.60439
1284 1.60439
1285 1.60439
1286 1.60439
1287 1.60439
1288 1.60439
1289 1.60439
1290 1.60439
1291 1.60439
1292 1.60439
1293 1.60439
1294 1.60439
1295 1.60439
1296 1.60439
1297 1.60439
1298 1.60439
1299 1.60439
1300 1.60439
1301 4.68177
1302 4.68177
1303 4.68177
1304 4.68177
1305 4.68177
1306 4.68177
1307 4.68177
1308 4.68177
1309 4.68177
1310 4.68177
1311 4.68177
1312 4.68177
1313 4.68177
1314 4.68177
1315 4.68177
1316 4.68177
1317 4.68177
1318 4.68177
1319 4.68177
1320 4.68177
1321 4.68177
1322 4.68177
1323 4.68177
1324 4.68177
1325 4.68177
1326 4.68177
1327 4.68177
1328 4.68177
1329 4.68177
1330 4.68177
1331 4.68177
1332 4.68177
1333 4.68177
1334 4.68177
1335 4.68177
1336 4.68177
1337 4.68177
1338 4.68177
1339 4.68177
1340 4.68177
1341 4.68177
1342 4.68177
1343 4.68177
1344 4.68177
1345 4.68177
1346 4.68177
1347 4.68177
1348 4.68177
1349 4.68177
1350 4.68177
1351 4.77452
1352 4.77452
1353 4.77452
1354 4.77452
1355 4.77452
1356 4.77452
1357 4.77452
1358 4.77452
1359 4.77452
1360 4.77452
1361 4.77452
1362 4.77452
1363 4.77452
1364 4.77452
1365 4.77452
1366 4.77452
1367 4.77452
1368 4.77452
1369 4.77452
1370 4.77452
1371 4.77452
1372 4.77452
1373 4.77452
1374 4.77452
1375 4.77452
1376 4.77452
1377 4.77452
1378 4.77452
1379 4.77452
1380 4.77452
1381 4.77452
1382 4.77452
1383 4.77452
1384 4.77452
1385 4.77452
1386 4.77452
1387 4.77452
1388 4.77452
1389 4.77452
1390 4.77452
1391 4.77452
1392 4.77452
1393 4.77452
1394 4.77452
1395 4.77452
1396 4.77452
1397 4.77452
1398 4.77452
1399 4.77452
1400 4.77452
1401 0.0138117
1402 0.0138117
1403 0.0138117
1404 0.0138117
1405 0.0138117
1406 0.0138117
1407 0.0138117
1408 0.0138117
1409 0.0138117
1410 0.0138117
1411 0.0138117
1412 0.0138117
1413 0.0138117
1414 0.0138117
1415 0.0138117
1416 0.0138117
1417 0.0138117
1418 0.0138117
1419 0.0138117
1420 0.0138117
1421 0.0138117
1422 0.0138117
1423 0.0138117
1424 0.0138117
1425 0.0138117
1426 0.0138117
1427 0.0138117
1428 0.0138117
1429 0.0138117
1430 0.0138117
1431 0.0138117
1432 0.0138117
1433 0.0138117
1434 0.0138117
1435 0.0138117
1436 0.0138117
1437 0.0138117
1438 0.0138117
1439 0.0138117
1440 0.0138117
1441 0.0138117
1442 0.0138117
1443 0.0138117
1444 0.0138117
1445 0.0138117
1446 0.0138117
1447 0.0138117
1448 0.0138117
1449 0.0138117
1450 0.0138117
1451 5.16768
1452 5.16768
1453 5.16768
1454 5.16768
1455 5.16768
1456 5.16768
1457 5.16768
1458 5.16768
1459 5.16768
1460 5.16768
1461 5.16768
1462 5.16768
1463 5.16768
1464 5.16768
1465 5.16768
1466 5.16768
1467 5.16768
1468 5.16768
1469 5.16768
1470 5.16768
1471 5.16768
1472 5.16768
1473 5.16768
1474 5.16768
1475 5.16768
1476 5.16768
1477 5.16768
1478 5.16768
1479 5.16768
1480 5.16768
1481 5.16768
1482 5.16768
1483 5.16768
1484 5.16768
1485 5.16768
1486 5.16768
1487 5.16768
1488 5.16768
1489 5.16768
1490 5.16768
1491 5.16768
1492 5.16768
1493 5.16768
1494 5.16768
1495 5.16768
1496 5.16768
1497 5.16768
1498 5.16768
1499 5.16768
1500 5.16768
1501 3.58081
1502 3.58081
1503 3.58081
1504 3.58081
1505 3.58081
1506 3.58081
1507 3.58081
1508 3.58081
1509 3.58081
1510 3.58081
1511 3.58081
1512 3.58081
1513 3.58081
1514 3.58081
1515 3.58081
1516 3.58081
1517 3.58081
1518 3.58081
1519 3.58081
1520 3.58081
1521 3.58081
1522 3.58081
1523 3.58081
1524 3.58081
1525 3.58081
1526 3.58081
1527 3.58081
1528 3.58081
1529 3.58081
1530 3.58081
1531 3.58081
1532 3.58081
1533 3.58081
1534 3.58081
1535 3.58081
1536 3.58081
1537 3.58081
1538 3.58081
1539 3.58081
1540 3.58081
1541 3.58081
1542 3.58081
1543 3.58081
1544 3.58081
1545 3.58081
1546 3.58081
1547 3.58081
1548 3.58081
1549 3.58081
1550 3.58081
1551 2.33781
1552 2.33781
1553 2.33781
1554 2.33781
1555 2.33781
1556 2.33781
1557 2.33781
1558 2.33781
1559 2.33781
1560 2.33781
1561 2.33781
1562 2.33781
1563 2.33781
1564 2.33781
1565 2.33781
1566 2.33781
1567 2.33781
1568 2.33781
1569 2.33781
1570 2.33781
1571 2.33781
1572 2.33781
1573 2.33781
1574 2.33781
1575 2.33781
1576 2.33781
1577 2.33781
1578 2.33781
1579 2.33781
1580 2.33781
1581 2.33781
1582 2.33781
1583 2.33781
1584 2.33781
1585 2.33781
1586 2.33781
1587 2.33781
1588 2.33781
1589 2.33781
1590 2.33781
1591 2.33781
1592 2.33781
1593 2.33781
1594 2.33781
1595 2.33781
1596 2.33781
1597 2.33781
1598 2.33781
1599 2.33781
1600 2.33781
1601 3.03292
1602 3.03292
1603 3.03292
1604 3.03292
1605 3.03292
1606 3.03292
1607 3.03292
1608 3.03292
1609 3.03292
1610 3.03292
1611 3.03292
1612 3.03292
1613 3.03292
1614 3.03292
1615 3.03292
1616 3.03292
1617 3.03292
1618 3.03292
1619 3.03292
1620 3.03292
1621 3.03292
1622 3.03292
1623 3.03292
1624 3.03292
1625 3.03292
1626 3.03292
1627 3.03292
1628 3.03292
1629 3.03292
1630 3.03292
1631 3.03292
1632 3.03292
1633 3.03292
1634 3.03292
1635 3.03292
1636 3.03292
1637 3.03292
1638 3.03292
1639 3.03292
1640 3.03292
1641 3.03292
1642 3.03292
1643 3.03292
1644 3.03292
1645 3.03292
1646 3.03292
1647 3.03292
1648 3.03292
1649 3.03292
1650 3.03292
1651 4.93505
1652 4.93505
1653 4.93505
1654 4.93505
1655 4.93505
1656 4.93505
1657 4.93505
1658 4.93505
1659 4.93505
1660 4.93505
1661 4.93505
1662 4.93505
1663 4.93505
1664 4.93505
1665 4.93505
1666 4.93505
1667 4.93505
1668 4.93505
1669 4.93505
1670 4.93505
1671 4.93505
1672 4.93505
1673 4.93505
1674 4.93505
1675 4.93505
1676 4.93505
1677 4.93505
1678 4.93505
1679 4.93505
1680 4.93505
1681 4.93505
1682 4.93505
1683 4.93505
1684 4.93505
1685 4.93505
1686 4.93505
1687 4.93505
1688 4.93505
1689 4.93505
1690 4.93505
1691 4.93505
1692 4.93505
1693 4.93505
1694 4.93505
1695 4.93505
1696 4.93505
1697 4.93505
1698 4.93505
1699 4.93505
1700 4.93505
1701 5.49213
1702 5.49213
1703 5.49213
1704 5.49213
1705 5.49213
1706 5.49213
1707 5.49213
1708 5.49213
1709 5.49213
1710 5.49213
1711 5.49213
1712 5.49213
1713 5.49213
1714 5.49213
1715 5.49213
1716 5.49213
1717 5.49213
1718 5.49213
1719 5.49213
1720 5.49213
1721 5.49213
1722 5.49213
1723 5.49213
1724 5.49213
1725 5.49213
1726 5.49213
1727 5.49213
1728 5.49213
1729 5.49213
1730 5.49213
1731 5.49213
1732 5.49213
1733 5.49213
1734 5.49213
1735 5.49213
1736 5.49213
1737 5.49213
1738 5.49213
1739 5.49213
1740 5.49213
1741 5.49213
1742 5.49213
1743 5.49213
1744 5.49213
1745 5.49213
1746 5.49213
1747 5.49213
1748 5.49213
1749 5.49213
1750 5.49213
1751 1.03711
1752 1.03711
1753 1.03711
1754 1.03711
1755 1.03711
1756 1.03711
1757 1.03711
1758 1.03711
1759 1.03711
1760 1.03711
1761 1.03711
1762 1.03711
1763 1.03711
1764 1.03711
1765 1.03711
1766 1.03711
1767 1.03711
1768 1.03711
1769 1.03711
1770 1.03711
1771 1.03711
1772 1.03711
1773 1.03711
1774 1.03711
1775 1.03711
1776 1.03711
1777 1.03711
1778 1.03711
1779 1.03711
1780 1.03711
1781 1.03711
1782 1.03711
1783 1.03711
1784 1.03711
1785 1.03711
1786 1.03711
1787 1.03711
1788 1.03711
1789 1.03711
1790 1.03711
1791 1.03711
1792 1.03711
1793 1.03711
1794 1.03711
1795 1.03711
1796 1.03711
1797 1.03711
1798 1.03711
1799 1.03711
1800 1.03711
1801 6.23291
1802 6.23291
1803 6.23291
1804 6.23291
1805 6.23291
1806 6.23291
1807 6.23291
1808 6.23291
1809 6.23291
1810 6.23291
1811 6.23291
1812 6.23291
1813 6.23291
1814 6.23291
1815 6.23291
1816 6.23291
1817 6.23291
1818 6.23291
1819 6.23291
1820 6.23291
1821 6.23291
1822 6.23291
1823 6.23291
1824 6.23291
1825 6.23291
1826 6.23291
1827 6.23291
1828 6.23291
1829 6.23291
1830 6.23291
1831 6.23291
1832 6.23291
1833 6.23291
1834 6.23291
1835 6.23291
1836 6.23291
1837 6.23291
1838 6.23291
1839 6.23291
1840 6.23291
1841 6.23291
1842 6.23291
1843 6.23291
1844 6.23291
1845 6.23291
1846 6.23291
1847 6.23291
1848 6.23291
1849 6.23291
1850 6.23291
1851 5.79103
1852 5.79103
1853 5.79103
1854 5.79103
1855 5.79103
1856 5.79103
1857 5.79103
1858 5.79103
1859 5.79103
1860 5.79103
1861 5.79103
1862 5.79103
1863 5.79103
1864 5.79103
1865 5.79103
1866 5.79103
1867 5.79103
1868 5.79103
1869 5.79103
1870 5.79103
1871 5.79103
1872 5.79103
1873 5.79103
1874 5.79103
1875 5.79103
1876 5.79103
1877 5.79103
1878 5.79103
1879 5.79103
1880 5.79103
1881 5.79103
1882 5.79103
1883 5.79103
1884 5.79103
1885 5.79103
1886 5.79103
1887 5.79103
1888 5.79103
1889 5.79103
1890 5.79103
1891 5.79103
1892 5.79103
1893 5.79103
1894 5.79103
1895 5.79103
1896 5.79103
1897 5.79103
1898 5.79103
1899 5.79103
1900 5.79103
1901 0.293769
1902 0.293769
1903 0.293769
1904 0.293769
1905 0.293769
1906 0.293769
1907 0.293769
1908 0.293769
1909 0.293769
1910 0.293769
1911 0.293769
1912 0.293769
1913 0.293769
1914 0.293769
1915 0.293769
1916 0.293769
1917 0.293769
1918 0.293769
1919 0.293769
1920 0.293769
1921 0.293769
1922 0.293769
1923 0.293769
1924 0.293769
1925 0.293769
1926 0.293769
1927 0.293769
1928 0.293769
1929 0.293769
1930 0.293769
1931 0.293769
1932 0.293769
1933 0.293769
1934 0.293769
1935 0.293769
1936 0.293769
1937 0.293769
1938 0.293769
1939 0.293769
1940 0.293769
1941 0.293769
1942 0.293769
1943 0.293769
1944 0.293769
1945 0.293769
1946 0.293769
1947 0.293769
1948 0.293769
1949 0.293769
1950 0.293769
1951 0.86678
1952 0.86678
1953 0.86678
1954 0.86678
1955 0.86678
1956 0.86678
1957 0.86678
1958 0.86678
1959 0.86678
1960 0.86678
1961 0.86678
1962 0.86678
1963 0.86678
1964 0.86678
1965 0.86678
1966 0.86678
1967 0.86678
1968 0.86678
1969 0.86678
1970 0.86678
1971 0.86678
1972 0.86678
1973 0.86678
1974 0.86678
1975 0.86678
1976 0.86678
1977 0.86678
1978 0.86678
1979 0.86678
1980 0.86678
1981 0.86678
1982 0.86678
1983 0.86678
1984 0.86678
1985 0.86678
1986 0.86678
1987 0.86678
1988 0.86678
1989 0.86678
1990 0.86678
1991 0.86678
1992 0.86678
1993 0.86678
1994 0.86678
1995 0.86678
1996 0.86678
1997 0.86678
1998 0.86678
1999 0.86678
2000 0.86678
2001 2.37251
2002 2.37251
2003 2.37251
2004 2.37251
2005 2.37251
2006 2.37251
2007 2.37251
2008 2.37251
2009 2.37251
2010 2.37251
2011 2.37251
2012 2.37251
2013 2.37251
2014 2.37251
2015 2.37251
2016 2.37251
2017 2.37251
2018 2.37251
2019 2.37251
2020 2.37251
2021 2.37251
2022 2.37251
2023 2.37251
2024 2.37251
2025 2.37251
2026 2.37251
2027 2.37251
2028 2.37251
2029 2.37251
2030 2.37251
2031 2.37251
2032 2.37251
2033 2.37251
2034 2.37251
2035 2.37251
2036 2.37251
2037 2.37251
2038 2.37251
2039 2.37251
2040 2.37251
2041 2.37251
2042 2.37251
2043 2.37251
2044 2.37251
2045 2.37251
2046 2.37251
2047 2.37251
2048 2.37251
2049 2.37251
2050 2.37251
2051 4.68762
2052 4.68762
2053 4.68762
2054 4.68762
2055 4.68762
2056 4.68762
2057 4.68762
2058 4.68762
2059 4.68762
2060 4.68762
2061 4.68762
2062 4.68762
2063 4.68762
2064 4.68762
2065 4.68762
2066 4.68762
2067 4.68762
2068 4.68762
2069 4.68762
2070 4.68762
2071 4.68762
2072 4.68762
2073 4.68762
2074 4.68762
2075 4.68762
2076 4.68762
2077 4.68762
2078 4.68762
2079 4.68762
2080 4.68762
2081 4.68762
2082 4.68762
2083 4.68762
2084 4.68762
2085 4.68762
2086 4.68762
2087 4.68762
2088 4.68762
2089 4.68762
2090 4.68762
2091 4.68762
2092 4.68762
2093 4.68762
2094 4.68762
2095 4.68762
2096 4.68762
2097 4.68762
2098 4.68762
2099 4.68762
2100 4.68762
2101 3.85591
2102 3.85591
2103 3.85591
2104 3.85591
2105 3.85591
2106 3.85591
2107 3.85591
2108 3.85591
2109 3.85591
2110 3.85591
2111 3.85591
2112 3.85591
2113 3.85591
2114 3.85591
2115 3.85591
2116 3.85591
2117 3.85591
2118 3.85591
2119 3.85591
2120 3.85591
2121 3.85591
2122 3.85591
2123 3.85591
2124 3.85591
2125 3.85591
2126 3.85591
2127 3.85591
2128 3.85591
2129 3.85591
2130 3.85591
2131 3.85591
2132 3.85591
2133 3.85591
2134 3.85591
2135 3.85591
2136 3.85591
2137 3.85591
2138 3.85591
2139 3.85591
2140 3.85591
2141 3.85591
2142 3.85591
2143 3.85591
2144 3.85591
2145 3.85591
2146 3.85591
2147 3.85591
2148 3.85591
2149 3.85591
2150 3.85591
2151 5.09996
2152 5.09996
2153 5.09996
2154 5.09996
2155 5.09996
2156 5.09996
2157 5.09996
2158 5.09996
2159 5.09996
2160 5.09996
2161 5.09996
2162 5.09996
2163 5.09996
2164 5.09996
2165 5.09996
2166 5.09996
2167 5.09996
2168 5.09996
2169 5.09996
2170 5.09996
2171 5.09996
2172 5.09996
2173 5.09996
2174 5.09996
2175 5.09996
2176 5.09996
2177 5.09996
2178 5.09996
2179 5.09996
2180 5.09996
2181 5.09996
2182 5.09996
2183 5.09996
2184 5.09996
2185 5.09996
2186 5.09996
2187 5.09996
2188 5.09996
2189 5.09996
2190 5.09996
2191 5.09996
2192 5.09996
2193 5.09996
2194 5.09996
2195 5.09996
2196 5.09996
2197 5.09996
2198 5.09996
2199 5.09996
2200 5.09996
2201 1.27757
2202 1.27757
2203 1.27757
2204 1.27757
2205 1.27757
2206 1.27757
2207 1.27757
2208 1.27757
2209 1.27757
2210 1.27757
2211 1.27757
2212 1.27757
2213 1.27757
2214 1.27757
2215 1.27757
2216 1.27757
2217 1.27757
2218 1.27757
2219 1.27757
2220 1.27757
2221 1.27757
2222 1.27757
2223 1.27757
2224 1.27757
2225 1.27757
2226 1.27757
2227 1.27757
2228 1.27757
2229 1.27757
2230 1.27757
2231 1.27757
2232 1.27757
2233 1.27757
2234 1.27757
2235 1.27757
2236 1.27757
2237 1.27757
2238 1.27757
2239 1.27757
2240 1.27757
2241 1.27757
2242 1.27757
2243 1.27757
2244 1.27757
2245 1.27757
2246 1.27757
2247 1.27757
2248 1.27757
2249 1.27757
2250 1.27757
2251 1.34958
2252 1.34958
2253 1.34958
2254 1.34958
2255 1.34958
2256 1.34958
2257 1.34958
2258 1.34958
2259 1.34958
2260 1.34958
2261 1.34958
2262 1.34958
2263 1.34958
2264 1.34958
2265 1.34958
2266 1.34958
2267 1.34958
2268 1.34958
2269 1.34958
2270 1.34958
2271 1.34958
2272 1.34958
2273 1.34958
2274 1.34958
2275 1.34958
2276 1.34958
2277 1.34958
2278 1.34958
2279 1.34958
2280 1.34958
2281 1.34958
2282 1.34958
2283 1.34958
2284 1.34958
2285 1.34958
2286 1.34958
2287 1.34958
2288 1.34958
2289 1.34958
2290 1.34958
2291 1.34958
2292 1.34958
2293 1.34958
2294 1.34958
2295 1.34958
2296 1.34958
2297 1.34958
2298 1.34958
2299 1.34958
2300 1.34958
2301 3.18193
2302 3.18193
2303 3.18193
2304 3.18193
2305 3.18193
2306 3.18193
2307 3.18193
2308 3.18193
2309 3.18193
2310 3.18193
2311 3.18193
2312 3.18193
2313 3.18193
2314 3.18193
2315 3.18193
2316 3.18193
2317 3.18193
2318 3.18193
2319 3.18193
2320 3.18193
2321 3.18193
2322 3.18193
2323 3.18193
2324 3.18193
2325 3.18193
2326 3.18193
2327 3.18193
2328 3.18193
2329 3.18193
2330 3.18193
2331 3.18193
2332 3.18193
2333 3.18193
2334 3.18193
2335 3.18193
2336 3.18193
2337 3.18193
2338 3.18193
2339 3.18193
2340 3.18193
2341 3.18193
2342 3.18193
2343 3.18193
2344 3.18193
2345 3.18193
2346 3.18193
2347 3.18193
2348 3.18193
2349 3.18193
2350 3.18193
2351 5.76216
2352 5.76216
2353 5.76216
2354 5.76216
2355 5.76216
2356 5.76216
2357 5.76216
2358 5.76216
2359 5.76216
2360 5.76216
2361 5.76216
2362 5.76216
2363 5.76216
2364 5.76216
2365 5.76216
2366 5.76216
2367 5.76216
2368 5.76216
2369 5.76216
2370 5.76216
2371 5.76216
2372 5.76216
2373 5.76216
2374 5.76216
2375 5.76216
2376 5.76216
2377 5.76216
2378 5.76216
2379 5.76216
2380 5.76216
2381 5.76216
2382 5.76216
2383 5.76216
2384 5.76216
2385 5.76216
2386 5.76216
2387 5.76216
2388 5.76216
2389 5.76216
2390 5.76216
2391 5.76216
2392 5.76216
2393 5.76216
2394 5.76216
2395 5.76216
2396 5.76216
2397 5.76216
2398 5.76216
2399 5.76216
2400 5.76216
2401 1.93578
2402 1.93578
2403 1.93578
2404 1.93578
2405 1.93578
2406 1.93578
2407 1.93578
2408 1.93578
2409 1.93578
2410 1.93578
2411 1.93578
2412 1.93578
2413 1.93578
2414 1.93578
2415 1.93578
2416 1.93578
2417 1.93578
2418 1.93578
2419 1.93578
2420 1.93578
2421 1.93578
2422 1.93578
2423 1.93578
2424 1.93578
2425 1.93578
2426 1.93578
2427 1.93578
2428 1.93578
2429 1.93578
2430 1.93578
2431 1.93578
2432 1.93578
2433 1.93578
2434 1.93578
2435 1.93578
2436 1.93578
2437 1.93578
2438 1.93578
2439 1.93578
2440 1.93578
2441 1.93578
2442 1.93578
2443 1.93578
2444 1.93578
2445 1.93578
2446 1.93578
2447 1.93578
2448 1.93578
2449 1.93578
2450 1.93578
2451 5.90972
2452 5.90972
2453 5.90972
2454 5.90972
2455 5.90972
2456 5.90972
2457 5.90972
2458 5.90972
2459 5.90972
2460 5.90972
2461 5.90972
2462 5.90972
2463 5.90972
2464 5.90972
2465 5.90972
2466 5.90972
2467 5.90972
2468 5.90972
2469 5.90972
2470 5.90972
2471 5.90972
2472 5.90972
2473 5.90972
2474 5.90972
2475 5.90972
2476 5.90972
2477 5.90972
2478 5.90972
2479 5.90972
2480 5.90972
2481 5.90972
2482 5.90972
2483 5.90972
2484 5.90972
2485 5.90972
2486 5.90972
2487 5.90972
2488 5.90972
2489 5.90972
2490 5.90972
2491 5.90972
2492 5.90972
2493 5.90972
2494 5.90972
2495 5.90972
2496 5.90972
2497 5.90972
2498 5.90972
2499 5.90972
2500 5.90972
2501 5.28974
2502 5.28974
2503 5.28974
2504 5.28974
2505 5.28974
2506 5.28974
2507 5.28974
2508 5.28974
2509 5.28974
2510 5.28974
2511 5.28974
2512 5.28974
2513 5.28974
2514 5.28974
2515 5.28974
2516 5.28974
2517 5.28974
2518 5.28974
2519 5.28974
2520 5.28974
2521 5.28974
2522 5.28974
2523 5.28974
2524 5.28974
2525 5.28974
2526 5.28974
2527 5.28974
2528 5.28974
2529 5.28974
2530 5.28974
2531 5.28974
2532 5.28974
2533 5.28974
2534 5.28974
2535 5.28974
2536 5.28974
2537 5.28974
2538 5.28974
2539 5.28974
2540 5.28974
2541 5.28974
2542 5.28974
2543 5.28974
2544 5.28974
2545 5.28974
2546 5.28974
2547 5.28974
2548 5.28974
2549 5.28974
2550 5.28974
2551 2.93504
2552 2.93504
2553 2.93504
2554 2.93504
2555 2.93504
2556 2.93504
2557 2.93504
2558 2.93504
2559 2.93504
2560 2.93504
2561 2.93504
2562 2.93504
2563 2.93504
2564 2.93504
2565 2.93504
2566 2.93504
2567 2.93504
2568 2.93504
2569 2.93504
2570 2.93504
2571 2.93504
2572 2.93504
2573 2.93504
2574 2.93504
2575 2.93504
2576 2.93504
2577 2.93504
2578 2.93504
2579 2.93504
2580 2.93504
2581 2.93504
2582 2.93504
2583 2.93504
2584 2.93504
2585 2.93504
2586 2.93504
2587 2.93504
2588 2.93504
2589 2.93504
2590 2.93504
2591 2.93504
2592 2.93504
2593 2.93504
2594 2.93504
2595 2.93504
2596 2.93504
2597 2.93504
2598 2.93504
2599 2.93504
2600 2.93504
2601 6.02818
2602 6.02818
2603 6.02818
2604 6.02818
2605 6.02818
2606 6.02818
2607 6.02818
2608 6.02818
2609 6.02818
2610 6.02818
2611 6.02818
2612 6.02818
2613 6.02818
2614 6.02818
2615 6.02818
2616 6.02818
2617 6.02818
2618 6.02818
2619 6.02818
2620 6.02818
2621 6.02818
2622 6.02818
2623 6.02818
2624 6.02818
2625 6.02818
2626 6.02818
2627 6.02818
2628 6.02818
2629 6.02818
2630 6.02818
2631 6.02818
2632 6.02818
2633 6.02818
2634 6.02818
2635 6.02818
2636 6.02818
2637 6.02818
2638 6.02818
2639 6.02818
2640 6.02818
2641 6.02818
2642 6.02818
2643 6.02818
2644 6.02818
2645 6.02818
2646 6.02818
2647 6.02818
2648 6.02818
2649 6.02818
2650 6.02818
2651 5.84787
2652 5.84787
2653 5.84787
2654 5.84787
2655 5.84787
2656 5.84787
2657 5.84787
2658 5.84787
2659 5.84787
2660 5.84787
2661 5.84787
2662 5.84787
2663 5.84787
2664 5.84787
2665 5.84787
2666 5.84787
2667 5.84787
2668 5.84787
2669 5.84787
2670 5.84787
2671 5.84787
2672 5.84787
2673 5.84787
2674 5.84787
2675 5.84787
2676 5.84787
2677 5.84787
2678 5.84787
2679 5.84787
2680 5.84787
2681 5.84787
2682 5.84787
2683 5.84787
2684 5.84787
2685 5.84787
2686 5.84787
2687 5.84787
2688 5.84787
2689 5.84787
2690 5.84787
2691 5.84787
2692 5.84787
2693 5.84787
2694 5.84787
2695 5.84787
2696 5.84787
2697 5.84787
2698 5.84787
2699 5.84787
2700 5.84787
2701 2.70353
2702 2.70353
2703 2.70353
2704 2.70353
2705 2.70353
2706 2.70353
2707 2.70353
2708 2.70353
2709 2.70353
2710 2.70353
2711 2.70353
2712 2.70353
2713 2.70353
2714 2.70353
2715 2.70353
2716 2.70353
2717 2.70353
2718 2.70353
2719 2.70353
2720 2.70353
2721 2.70353
2722 2.70353
2723 2.70353
2724 2.70353
2725 2.70353
2726 2.70353
2727 2.70353
2728 2.70353
2729 2.70353
2730 2.70353
2731 2.70353
2732 2.70353
2733 2.70353
2734 2.70353
2735 2.70353
2736 2.70353
2737 2.70353
2738 2.70353
2739 2.70353
2740 2.70353
2741 2.70353
2742 2.70353
2743 2.70353
2744 2.70353
2745 2.70353
2746 2.70353
2747 2.70353
2748 2.70353
2749 2.70353
2750 2.70353
2751 3.02381
2752 3.02381
2753 3.02381
2754 3.02381
2755 3.02381
2756 3.02381
2757 3.02381
2758 3.02381
2759 3.02381
2760 3.02381
2761 3.02381
2762 3.02381
2763 3.02381
2764 3.02381
2765 3.02381
2766 3.02381
2767 3.02381
2768 3.02381
2769 3.02381
2770 3.02381
2771 3.02381
2772 3.02381
2773 3.02381
2774 3.02381
2775 3.02381
2776 3.02381
2777 3.02381
2778 3.02381
2779 3.02381
2780 3.02381
2781 3.02381
2782 3.02381
2783 3.02381
2784 3.02381
2785 3.02381
2786 3.02381
2787 3.02381
2788 3.02381
2789 3.02381
2790 3.02381
2791 3.02381
2792 3.02381
2793 3.02381
2794 3.02381
2795 3.02381
2796 3.02381
2797 3.02381
2798 3.02381
2799 3.02381
2800 3.02381
2801 1.25329
2802 1.25329
2803 1.25329
2804 1.25329
2805 1.25329
2806 1.25329
2807 1.25329
2808 1.25329
2809 1.25329
2810 1.25329
2811 1.25329
2812 1.25329
2813 1.25329
2814 1.25329
2815 1.25329
2816 1.25329
2817 1.25329
2818 1.25329
2819 1.25329
2820 1.25329
2821 1.25329
2822 1.25329
2823 1.25329
2824 1.25329
2825 1.25329
2826 1.25329
2827 1.25329
2828 1.25329
2829 1.25329
2830 1.25329
2831 1.25329
2832 1.25329
2833 1.25329
2834 1.25329
2835 1.25329
2836 1.25329
2837 1.25329
2838 1.25329
2839 1.25329
2840 1.25329
2841 1.25329
2842 1.25329
2843 1.25329
2844 1.25329
2845 1.25329
2846 1.25329
2847 1.25329
2848 1.25329
2849 1.25329
2850 1.25329
2851 5.10436
2852 5.10436
2853 5.10436
2854 5.10436
2855 5.10436
2856 5.10436
2857 5.10436
2858 5.10436
2859 5.10436
2860 5.10436
2861 5.10436
2862 5.10436
2863 5.10436
2864 5.10436
2865 5.10436
2866 5.10436
2867 5.10436
2868 5.10436
2869 5.10436
2870 5.10436
2871 5.10436
2872 5.10436
2873 5.10436
2874 5.10436
2875 5.10436
2876 5.10436
2877 5.10436
2878 5.10436
2879 5.10436
2880 5.10436
2881 5.10436
2882 5.10436
2883 5.10436
2884 5.10436
2885 5.10436
2886 5.10436
2887 5.10436
2888 5.10436
2889 5.10436
2890 5.10436
2891 5.10436
2892 5.10436
2893 5.10436
2894 5.10436
2895 5.10436
2896 5.10436
2897 5.10436
2898 5.10436
2899 5.10436
2900 5.10436
2901 4.16576
2902 4.16576
2903 4.16576
2904 4.16576
2905 4.16576
2906 4.16576
2907 4.16576
2908 4.16576
2909 4.16576
2910 4.16576
2911 4.16576
2912 4.16576
2913 4.16576
2914 4.16576
2915 4.16576
2916 4.16576
2917 4.16576
2918 4.16576
2919 4.16576
2920 4.16576
2921 4.16576
2922 4.16576
2923 4.16576
2924 4.16576
2925 4.16576
2926 4.16576
2927 4.16576
2928 4.16576
2929 4.16576
2930 4.16576
2931 4.16576
2932 4.16576
2933 4.16576
2934 4.16576
2935 4.16576
2936 4.16576
2937 4.16576
2938 4.16576
2939 4.16576
2940 4.16576
2941 4.16576
2942 4.16576
2943 4.16576
2944 4.16576
2945 4.16576
2946 4.16576
2947 4.16576
2948 4.16576
2949 4.16576
2950 4.16576
2951 1.70962
2952 1.70962
2953 1.70962
2954 1.70962
2955 1.70962
2956 1.70962
2957 1.70962
2958 1.70962
2959 1.70962
2960 1.70962
2961 1.70962
2962 1.70962
2963 1.70962
2964 1.70962
2965 1.70962
2966 1.70962
2967 1.70962
2968 1.70962
2969 1.70962
2970 1.70962
2971 1.70962
2972 1.70962
2973 1.70962
2974 1.70962
2975 1.70962
2976 1.70962
2977 1.70962
2978 1.70962
2979 1.70962
2980 1.70962
2981 1.70962
2982 1.70962
2983 1.70962
2984 1.70962
2985 1.70962
2986 1.70962
2987 1.70962
2988 1.70962
2989 1.70962
2990 1.70962
2991 1.70962
2992 1.70962
2993 1.70962
2994 1.70962
2995 1.70962
2996 1.70962
2997 1.70962
2998 1.70962
2999 1.70962
3000 1.70962
3001 4.68142
3002 4.68142
3003 4.68142
3004 4.68142
3005 4.68142
3006 4.68142
3007 4.68142
3008 4.68142
3009 4.68142
3010 4.68142
3011 4.68142
3012 4.68142
3013 4.68142
3014 4.68142
3015 4.68142
3016 4.68142
3017 4.68142
3018 4.68142
3019 4.68142
3020 4.68142
3021 4.68142
3022 4.68142
3023 4.68142
3024 4.68142
3025 4.68142
3026 4.68142
3027 4.68142
3028 4.68142
3029 4.68142
3030 4.68142
3031 4.68142
3032 4.68142
3033 4.68142
3034 4.68142
3035 4.68142
3036 4.68142
3037 4.68142
3038 4.68142
3039 4.68142
3040 4.68142
3041 4.68142
3042 4.68142
3043 4.68142
3044 4.68142
3045 4.68142
3046 4.68142
3047 4.68142
3048 4.68142
3049 4.68142
3050 4.68142
3051 3.37548
3052 3.37548
3053 3.37548
3054 3.37548
3055 3.37548
3056 3.37548
3057 3.37548
3058 3.37548
3059 3.37548
3060 3.37548
3061 3.37548
3062 3.37548
3063 3.37548
3064 3.37548
3065 3.37548
3066 3.37548
3067 3.37548
3068 3.37548
3069 3.37548
3070 3.37548
3071 3.37548
3072 3.37548
3073 3.37548
3074 3.37548
3075 3.37548
3076 3.37548
3077 3.37548
3078 3.37548
3079 3.37548
3080 3.37548
3081 3.37548
3082 3.37548
3083 3.37548
3084 3.37548
3085 3.37548
3086 3.37548
3087 3.37548
3088 3.37548
3089 3.37548
3090 3.37548
3091 3.37548
3092 3.37548
3093 3.37548
3094 3.37548
3095 3.37548
3096 3.37548
3097 3.37548
3098 3.37548
3099 3.37548
3100 3.37548
3101 1.13434
3102 1.13434
3103 1.13434
3104 1.13434
3105 1.13434
3106 1.13434
3107 1.13434
3108 1.13434
3109 1.13434
3110 1.13434
3111 1.13434
3112 1.13434
3113 1.13434
3114 1.13434
3115 1.13434
3116 1.13434
3117 1.13434
3118 1.13434
3119 1.13434
3120 1.13434
3121 1.13434
3122 1.13434
3123 1.13434
3124 1.13434
3125 1.13434
3126 1.13434
3127 1.13434
3128 1.13434
3129 1.13434
3130 1.13434
3131 1.13434
3132 1.13434
3133 1.13434
3134 1.13434
3135 1.13434
3136 1.13434
3137 1.13434
3138 1.13434
3139 1.13434
3140 1.13434
3141 1.13434
3142 1.13434
3143 1.13434
3144 1.13434
3145 1.13434
3146 1.13434
3147 1.13434
3148 1.13434
3149 1.13434
3150 1.13434
3151 0.398092
3152 0.398092
3153 0.398092
3154 0.398092
3155 0.398092
3156 0.398092
3157 0.398092
3158 0.398092
3159 0.398092
3160 0.398092
3161 0.398092
3162 0.398092
3163 0.398092
3164 0.398092
3165 0.398092
3166 0.398092
3167 0.398092
3168 0.398092
3169 0.398092
3170 0.398092
3171 0.398092
3172 0.398092
3173 0.398092
3174 0.398092
3175 0.398092
3176 0.398092
3177 0.398092
3178 0.398092
3179 0.398092
3180 0.398092
3181 0.398092
3182 0.398092
3183 0.398092
3184 0.398092
3185 0.398092
3186 0.398092
3187 0.398092
3188 0.398092
3189 0.398092
3190 0.398092
3191 0.398092
3192 0.398092
3193 0.398092
3194 0.398092
3195 0.398092
3196 0.398092
3197 0.398092
3198 0.398092
3199 0.398092
3200 0.398092
3201 0.72088
3202 0.72088
3203 0.72088
3204 0.72088
3205 0.72088
3206 0.72088
3207 0.72088
3208 0.72088
3209 0.72088
3210 0.72088
3211 0.72088
3212 0.72088
3213 0.72088
3214 0.72088
3215 0.72088
3216 0.72088
3217 0.72088
3218 0.72088
3219 0.72088
3220 0.72088
3221 0.72088
3222 0.72088
3223 0.72088
3224 0.72088
3225 0.72088
3226 0.72088
3227 0.72088
3228 0.72088
3229 0.72088
3230 0.72088
3231 0.72088
3232 0.72088
3233 0.72088
3234 0.72088
3235 0.72088
3236 0.72088
3237 0.72088
3238 0.72088
3239 0.72088
3240 0.72088
3241 0.72088
3242 0.72088
3243 0.72088
3244 0.72088
3245 0.72088
3246 0.72088
3247 0.72088
3248 0.72088
3249 0.72088
3250 0.72088
3251 2.52554
3252 2.52554
3253 2.52554
3254 2.52554
3255 2.52554
3256 2.52554
3257 2.52554
3258 2.52554
3259 2.52554
3260 2.52554
3261 2.52554
3262 2.52554
3263 2.52554
3264 2.52554
3265 2.52554
3266 2.52554
3267 2.52554
3268 2.52554
3269 2.52554
3270 2.52554
3271 2.52554
3272 2.52554
3273 2.52554
3274 2.52554
3275 2.52554
3276 2.52554
3277 2.52554
3278 2.52554
3279 2.52554
3280 2.52554
3281 2.52554
3282 2.52554
3283 2.52554
3284 2.52554
3285 2.52554
3286 2.52554
3287 2.52554
3288 2.52554
3289 2.52554
3290 2.52554
3291 2.52554
3292 2.52554
3293 2.52554
3294 2.52554
3295 2.52554
3296 2.52554
3297 2.52554
3298 2.52554
3299 2.52554
3300 2.52554
3301 3.54975
3302 3.54975
3303 3.54975
3304 3.54975
3305 3.54975
3306 3.54975
3307 3.54975
3308 3.54975
3309 3.54975
3310 3.54975
3311 3.54975
3312 3.54975
3313 3.54975
3314 3.54975
3315 3.54975
3316 3.54975
3317 3.54975
3318 3.54975
3319 3.54975
3320 3.54975
3321 3.54975
3322 3.54975
3323 3.54975
3324 3.54975
3325 3.54975
3326 3.54975
3327 3.54975
3328 3.54975
3329 3.54975
3330 3.54975
3331 3.54975
3332 3.54975
3333 3.54975
3334 3.54975
3335 3.54975
3336 3.54975
3337 3.54975
3338 3.54975
3339 3.54975
3340 3.54975
3341 3.54975
3342 3.54975
3343 3.54975
3344 3.54975
3345 3.54975
3346 3.54975
3347 3.54975
3348 3.54975
3349 3.54975
3350 3.54975
3351 5.85431
3352 5.85431
3353 5.85431
3354 5.85431
3355 5.85431
3356 5.85431
3357 5.85431
3358 5.85431
3359 5.85431
3360 5.85431
3361 5.85431
3362 5.85431
3363 5.85431
3364 5.85431
3365 5.85431
3366 5.85431
3367 5.85431
3368 5.85431
3369 5.85431
3370 5.85431
3371 5.85431
3372 5.85431
3373 5.85431
3374 5.85431
3375 5.85431
3376 5.85431
3377 5.85431
3378 5.85431
3379 5.85431
3380 5.85431
3381 5.85431
3382 5.85431
3383 5.85431
3384 5.85431
3385 5.85431
3386 5.85431
3387 5.85431
3388 5.85431
3389 5.85431
3390 5.85431
3391 5.85431
3392 5.85431
3393 5.85431
3394 5.85431
3395 5.85431
3396 5.85431
3397 5.85431
3398 5.85431
3399 5.85431
3400 5.85431
3401 0.317719
3402 0.317719
3403 0.317719
3404 0.317719
3405 0.317719
3406 0.317719
3407 0.317719
3408 0.317719
3409 0.317719
3410 0.317719
3411 0.317719
3412 0.317719
3413 0.317719
3414 0.317719
3415 0.317719
3416 0.317719
3417 0.317719
3418 0.317719
3419 0.317719
3420 0.317719
3421 0.317719
3422 0.317719
3423 0.317719
3424 0.317719
3425 0.317719
3426 0.317719
3427 0.317719
3428 0.317719
3429 0.317719
3430 0.317719
3431 0.317719
3432 0.317719
3433 0.317719
3434 0.317719
3435 0.317719
3436 0.317719
3437 0.317719
3438 0.317719
3439 0.317719
3440 0.317719
3441 0.317719
3442 0.317719
3443 0.317719
3444 0.317719
3445 0.317719
3446 0.317719
3447 0.317719
3448 0.317719
3449 0.317719
3450 0.317719
3451 4.98476
3452 4.98476
3453 4.98476
3454 4.98476
3455 4.98476
3456 4.98476
3457 4.98476
3458 4.98476
3459 4.98476
3460 4.98476
3461 4.98476
3462 4.98476
3463 4.98476
3464 4.98476
3465 4.98476
3466 4.98476
3467 4.98476
3468 4.98476
3469 4.98476
3470 4.98476
3471 4.98476
3472 4.98476
3473 4.98476
3474 4.98476
3475 4.98476
3476 4.98476
3477 4.98476
3478 4.98476
3479 4.98476
3480 4.98476
3481 4.98476
3482 4.98476
3483 4.98476
3484 4.98476
3485 4.98476
3486 4.98476
3487 4.98476
3488 4.98476
3489 4.98476
3490 4.98476
3491 4.98476
3492 4.98476
3493 4.98476
3494 4.98476
3495 4.98476
3496 4.98476
3497 4.98476
3498 4.98476
3499 4.98476
3500 4.98476
3501 2.64782
3502 2.64782
3503 2.64782
3504 2.64782
3505 2.64782
3506 2.64782
3507 2.64782
3508 2.64782
3509 2.64782
3510 2.64782
3511 2.64782
3512 2.64782
3513 2.64782
3514 2.64782
3515 2.64782
3516 2.64782
3517 2.64782
3518 2.64782
3519 2.64782
3520 2.64782
3521 2.64782
3522 2.64782
3523 2.64782
3524 2.64782
3525 2.64782
3526 2.64782
3527 2.64782
3528 2.64782
3529 2.64782
3530 2.64782
3531 2.64782
3532 2.64782
3533 2.64782
3534 2.64782
3535 2.64782
3536 2.64782
3537 2.64782
3538 2.64782
3539 2.64782
3540 2.64782
3541 2.64782
3542 2.64782
3543 2.64782
3544 2.64782
3545 2.64782
3546 2.64782
3547 2.64782
3548 2.64782
3549 2.64782
3550 2.64782
3551 5.41071
3552 5.41071
3553 5.41071
3554 5.41071
3555 5.41071
3556 5.41071
3557 5.41071
3558 5.41071
3559 5.41071
3560 5.41071
3561 5.41071
3562 5.41071
3563 5.41071
3564 5.41071
3565 5.41071
3566 5.41071
3567 5.41071
3568 5.41071
3569 5.41071
3570 5.41071
3571 5.41071
3572 5.41071
3573 5.41071
3574 5.41071
3575 5.41071
3576 5.41071
3577 5.41071
3578 5.41071
3579 5.41071
3580 5.41071
3581 5.41071
3582 5.41071
3583 5.41071
3584 5.41071
3585 5.41071
3586 5.41071
3587 5.41071
3588 5.41071
3589 5.41071
3590 5.41071
3591 5.41071
3592 5.41071
3593 5.41071
3594 5.41071
3595 5.41071
3596 5.41071
3597 5.41071
3598 5.41071
3599 5.41071
3600 5.41071
3601 2.87015
3602 2.87015
3603 2.87015
3604 2.87015
3605 2.87015
3606 2.87015
3607 2.87015
3608 2.87015
3609 2.87015
3610 2.87015
3611 2.87015
3612 2.87015
3613 2.87015
3614 2.87015
3615 2.87015
3616 2.87015
3617 2.87015
3618 2.87015
3619 2.87015
3620 2.87015
3621 2.87015
3622 2.87015
3623 2.87015
3624 2.87015
3625 2.87015
3626 2.87015
3627 2.87015
3628 2.87015
3629 2.87015
3630 2.87015
3631 2.87015
3632 2.87015
3633 2.87015
3634 2.87015
3635 2.87015
3636 2.87015
3637 2.87015
3638 2.87015
3639 2.87015
3640 2.87015
3641 2.87015
3642 2.87015
3643 2.87015
3644 2.87015
3645 2.87015
3646 2.87015
3647 2.87015
3648 2.87015
3649 2.87015
3650 2.87015
3651 6.16139
3652 6.16139
3653 6.16139
3654 6.16139
3655 6.16139
3656 6.16139
3657 6.16139
3658 6.16139
3659 6.16139
3660 6.16139
3661 6.16139
3662 6.16139
3663 6.16139
3664 6.16139
3665 6.16139
3666 6.16139
3667 6.16139
3668 6.16139
3669 6.16139
3670 6.16139
3671 6.16139
3672 6.16139
3673 6.16139
3674 6.16139
3675 6.16139
3676 6.16139
3677 6.16139
3678 6.16139
3679 6.16139
3680 6.16139
3681 6.16139
3682 6.16139
3683 6.16139
3684 6.16139
3685 6.16139
3686 6.16139
3687 6.16139
3688 6.16139
3689 6.16139
3690 6.16139
3691 6.16139
3692 6.16139
3693 6.16139
3694 6.16139
3695 6.16139
3696 6.16139
3697 6.16139
3698 6.16139
3699 6.16139
3700 6.16139
3701 2.27728
3702 2.27728
3703 2.27728
3704 2.27728
3705 2.27728
3706 2.27728
3707 2.27728
3708 2.27728
3709 2.27728
3710 2.27728
3711 2.27728
3712 2.27728
3713 2.27728
3714 2.27728
3715 2.27728
3716 2.27728
3717 2.27728
3718 2.27728
3719 2.27728
3720 2.27728
3721 2.27728
3722 2.27728
3723 2.27728
3724 2.27728
3725 2.27728
3726 2.27728
3727 2.27728
3728 2.27728
3729 2.27728
3730 2.27728
3731 2.27728
3732 2.27728
3733 2.27728
3734 2.27728
3735 2.27728
3736 2.27728
3737 2.27728
3738 2.27728
3739 2.27728
3740 2.27728
3741 2.27728
3742 2.27728
3743 2.27728
3744 2.27728
3745 2.27728
3746 2.27728
3747 2.27728
3748 2.27728
3749 2.27728
3750 2.27728
3751 3.26292
3752 3.26292
3753 3.26292
3754 3.26292
3755 3.26292
3756 3.26292
3757 3.26292
3758 3.26292
3759 3.26292
3760 3.26292
3761 3.26292
3762 3.26292
3763 3.26292
3764 3.26292
3765 3.26292
3766 3.26292
3767 3.26292
3768 3.26292
3769 3.26292
3770 3.26292
3771 3.26292
3772 3.26292
3773 3.26292
3774 3.26292
3775 3.26292
3776 3.26292
3777 3.26292
3778 3.26292
3779 3.26292
3780 3.26292
3781 3.26292
3782 3.26292
3783 3.26292
3784 3.26292
3785 3.26292
3786 3.26292
3787 3.26292
3788 3.26292
3789 3.26292
3790 3.26292
3791 3.26292
3792 3.26292
3793 3.26292
3794 3.26292
3795 3.26292
3796 3.26292
3797 3.26292
3798 3.26292
3799 3.26292
3800 3.26292
3801 6.01221
3802 6.01221
3803 6.01221
3804 6.01221
3805 6.01221
3806 6.01221
3807 6.01221
3808 6.01221
3809 6.01221
3810 6.01221
3811 6.01221
3812 6.01221
3813 6.01221
3814 6.01221
3815 6.01221
3816 6.01221
3817 6.01221
3818 6.01221
3819 6.01221
3820 6.01221
3821 6.01221
3822 6.01221
3823 6.01221
3824 6.01221
3825 6.01221
3826 6.01221
3827 6.01221
3828 6.01221
3829 6.01221
3830 6.01221
3831 6.01221
3832 6.01221
3833 6.01221
3834 6.01221
3835 6.01221
3836 6.01221
3837 6.01221
3838 6.01221
3839 6.01221
3840 6.01221
3841 6.01221
3842 6.01221
3843 6.01221
3844 6.01221
3845 6.01221
3846 6.01221
3847 6.01221
3848 6.01221
3849 6.01221
3850 6.01221
3851 0.779495
3852 0.779495
3853 0.779495
3854 0.779495
3855 0.779495
3856 0.779495
3857 0.779495
3858 0.779495
3859 0.779495
3860 0.779495
3861 0.779495
3862 0.779495
3863 0.779495
3864 0.779495
3865 0.779495
3866 0.779495
3867 0.779495
3868 0.779495
3869 0.779495
3870 0.779495
3871 0.779495
3872 0.779495
3873 0.779495
3874 0.779495
3875 0.779495
3876 0.779495
3877 0.779495
3878 0.779495
3879 0.779495
3880 0.779495
3881 0.779495
3882 0.779495
3883 0.779495
3884 0.779495
3885 0.779495
3886 0.779495
3887 0.779495
3888 0.779495
3889 0.779495
3890 0.779495
3891 0.779495
3892 0.779495
3893 0.779495
3894 0.779495
3895 0.779495
3896 0.779495
3897 0.779495
3898 0.779495
3899 0.779495
3900 0.779495
3901 5.23163
3902 5.23163
3903 5.23163
3904 5.23163
3905 5.23163
3906 5.23163
3907 5.23163
3908 5.23163
3909 5.23163
3910 5.23163
3911 5.23163
3912 5.23163
3913 5.23163
3914 5.23163
3915 5.23163
3916 5.23163
3917 5.23163
3918 5.23163
3919 5.23163
3920 5.23163
3921 5.23163
3922 5.23163
3923 5.23163
3924 5.23163
3925 5.23163
3926 5.23163
3927 5.23163
3928 5.23163
3929 5.23163
3930 5.23163
3931 5.23163
3932 5.23163
3933 5.23163
3934 5.23163
3935 5.23163
3936 5.23163
3937 5.23163
3938 5.23163
3939 5.23163
3940 5.23163
3941 5.23163
3942 5.23163
3943 5.23163
3944 5.23163
3945 5.23163
3946 5.23163
3947 5.23163
3948 5.23163
3949 5.23163
3950 5.23163
3951 5.90699
3952 5.90699
3953 5.90699
3954 5.90699
3955 5.90699
3956 5.90699
3957 5.90699
3958 5.90699
3959 5.90699
3960 5.90699
3961 5.90699
3962 5.90699
3963 5.90699
3964 5.90699
3965 5.90699
3966 5.90699
3967 5.90699
3968 5.90699
3969 5.90699
3970 5.90699
3971 5.90699
3972 5.90699
3973 5.90699
3974 5.90699
3975 5.90699
3976 5.90699
3977 5.90699
3978 5.90699
3979 5.90699
3980 5.90699
3981 5.90699
3982 5.90699
3983 5.90699
3984 5.90699
3985 5.90699
3986 5.90699
3987 5.90699
3988 5.90699
3989 5.90699
3990 5.90699
3991 5.90699
3992 5.90699
3993 5.90699
3994 5.90699
3995 5.90699
3996 5.90699
3997 5.90699
3998 5.90699
3999 5.90699
4000 5.90699
4001 4.62693
4002 4.62693
4003 4.62693
4004 4.62693
4005 4.62693
4006 4.62693
4007 4.62693
4008 4.62693
4009 4.62693
4010 4.62693
4011 4.62693
4012 4.62693
4013 4.62693
4014 4.62693
4015 4.62693
4016 4.62693
4017 4.62693
4018 4.62693
4019 4.62693
4020 4.62693
4021 4.62693
4022 4.62693
4023 4.62693
4024 4.62693
4025 4.62693
4026 4.62693
4027 4.62693
4028 4.62693
4029 4.62693
4030 4.62693
4031 4.62693
4032 4.62693
4033 4.62693
4034 4.62693
4035 4.62693
4036 4.62693
4037 4.62693
4038 4.62693
4039 4.62693
4040 4.62693
4041 4.62693
4042 4.62693
4043 4.62693
4044 4.62693
4045 4.62693
4046 4.62693
4047 4.62693
4048 4.62693
4049 4.62693
4050 4.62693
4051 4.25828
4052 4.25828
4053 4.25828
4054 4.25828
4055 4.25828
4056 4.25828
4057 4.25828
4058 4.25828
4059 4.25828
4060 4.25828
4061 4.25828
4062 4.25828
4063 4.25828
4064 4.25828
4065 4.25828
4066 4.25828
4067 4.25828
4068 4.25828
4069 4.25828
4070 4.25828
4071 4.25828
4072 4.25828
4073 4.25828
4074 4.25828
4075 4.25828
4076 4.25828
4077 4.25828
4078 4.25828
4079 4.25828
4080 4.25828
4081 4.25828
4082 4.25828
4083 4.25828
4084 4.25828
4085 4.25828
4086 4.25828
4087 4.25828
4088 4.25828
4089 4.25828
4090 4.25828
4091 4.25828
4092 4.25828
4093 4.25828
4094 4.25828
4095 4.25828
4096 4.25828
4097 4.25828
4098 4.25828
4099 4.25828
4100 4.25828
4101 5.67228
4102 5.67228
4103 5.67228
4104 5.67228
4105 5.67228
4106 5.67228
4107 5.67228
4108 5.67228
4109 5.67228
4110 5.67228
4111 5.67228
4112 5.67228
4113 5.67228
4114 5.67228
4115 5.67228
4116 5.67228
4117 5.67228
4118 5.67228
4119 5.67228
4120 5.67228
4121 5.67228
4122 5.67228
4123 5.67228
4124 5.67228
4125 5.67228
4126 5.67228
4127 5.67228
4128 5.67228
4129 5.67228
4130 5.67228
4131 5.67228
4132 5.67228
4133 5.67228
4134 5.67228
4135 5.67228
4136 5.67228
4137 5.67228
4138 5.67228
4139 5.67228
4140 5.67228
4141 5.67228
4142 5.67228
4143 5.67228
4144 5.67228
4145 5.67228
4146 5.67228
4147 5.67228
4148 5.67228
4149 5.67228
4150 5.67228
4151 0.476464
4152 0.476464
4153 0.476464
4154 0.476464
4155 0.476464
4156 0.476464
4157 0.476464
4158 0.476464
4159 0.476464
4160 0.476464
4161 0.476464
4162 0.476464
4163 0.476464
4164 0.476464
4165 0.476464
4166 0.476464
4167 0.476464
4168 0.476464
4169 0.476464
4170 0.476464
4171 0.476464
4172 0.476464
4173 0.476464
4174 0.476464
4175 0.476464
4176 0.476464
4177 0.476464
4178 0.476464
4179 0.476464
4180 0.476464
4181 0.476464
4182 0.476464
4183 0.476464
4184 0.476464
4185 0.476464
4186 0.476464
4187 0.476464
4188 0.476464
4189 0.476464
4190 0.476464
4191 0.476464
4192 0.476464
4193 0.476464
4194 0.476464
4195 0.476464
4196 0.476464
4197 0.476464
4198 0.476464
4199 0.476464
4200 0.476464
4201 5.63278
4202 5.63278
4203 5.63278
4204 5.63278
4205 5.63278
4206 5.63278
4207 5.63278
4208 5.63278
4209 5.63278
4210 5.63278
4211 5.63278
4212 5.63278
4213 5.63278
4214 5.63278
4215 5.63278
4216 5.63278
4217 5.63278
4218 5.63278
4219 5.63278
4220 5.63278
4221 5.63278
4222 5.63278
4223 5.63278
4224 5.63278
4225 5.63278
4226 5.63278
4227 5.63278
4228 5.63278
4229 5.63278
4230 5.63278
4231 5.63278
4232 5.63278
4233 5.63278
4234 5.63278
4235 5.63278
4236 5.63278
4237 5.63278
4238 5.63278
4239 5.63278
4240 5.63278
4241 5.63278
4242 5.63278
4243 5.63278
4244 5.63278
4245 5.63278
4246 5.63278
4247 5.63278
4248 5.63278
4249 5.63278
4250 5.63278
4251 0.479606
4252 0.479606
4253 0.479606
4254 0.479606
4255 0.479606
4256 0.479606
4257 0.479606
4258 0.479606
4259 0.479606
4260 0.479606
4261 0.479606
4262 0.479606
4263 0.479606
4264 0.479606
4265 0.479606
4266 0.479606
4267 0.479606
4268 0.479606
4269 0.479606
4270 0.479606
4271 0.479606
4272 0.479606
4273 0.479606
4274 0.479606
4275 0.479606
4276 0.479606
4277 0.479606
4278 0.479606
4279 0.479606
4280 0.479606
4281 0.479606
4282 0.479606
4283 0.479606
4284 0.479606
4285 0.479606
4286 0.479606
4287 0.479606
4288 0.479606
4289 0.479606
4290 0.479606
4291 0.479606
4292 0.479606
4293 0.479606
4294 0.479606
4295 0.479606
4296 0.479606
4297 0.479606
4298 0.479606
4299 0.479606
4300 0.479606
4301 3.81036
4302 3.81036
4303 3.81036
4304 3.81036
4305 3.81036
4306 3.81036
4307 3.81036
4308 3.81036
4309 3.81036
4310 3.81036
4311 3.81036
4312 3.81036
4313 3.81036
4314 3.81036
4315 3.81036
4316 3.81036
4317 3.81036
4318 3.81036
4319 3.81036
4320 3.81036
4321 3.81036
4322 3.81036
4323 3.81036
4324 3.81036
4325 3.81036
4326 3.81036
4327 3.81036
4328 3.81036
4329 3.81036
4330 3.81036
4331 3.81036
4332 3.81036
4333 3.81036
4334 3.81036
4335 3.81036
4336 3.81036
4337 3.81036
4338 3.81036
4339 3.81036
4340 3.81036
4341 3.81036
4342 3.81036
4343 3.81036
4344 3.81036
4345 3.81036
4346 3.81036
4347 3.81036
4348 3.81036
4349 3.81036
4350 3.81036
4351 5.63207
4352 5.63207
4353 5.63207
4354 5.63207
4355 5.63207
4356 5.63207
4357 5.63207
4358 5.63207
4359 5.63207
4360 5.63207
4361 5.63207
4362 5.63207
4363 5.63207
4364 5.63207
4365 5.63207
4366 5.63207
4367 5.63207
4368 5.63207
4369 5.63207
4370 5.63207
4371 5.63207
4372 5.63207
4373 5.63207
4374 5.63207
4375 5.63207
4376 5.63207
4377 5.63207
4378 5.63207
4379 5.63207
4380 5.63207
4381 5.63207
4382 5.63207
4383 5.63207
4384 5.63207
4385 5.63207
4386 5.63207
4387 5.63207
4388 5.63207
4389 5.63207
4390 5.63207
4391 5.63207
4392 5.63207
4393 5.63207
4394 5.63207
4395 5.63207
4396 5.63207
4397 5.63207
4398 5.63207
4399 5.63207
4400 5.63207
4401 5.63816
4402 5.63816
4403 5.63816
4404 5.63816
4405 5.63816
4406 5.63816
4407 5.63816
4408 5.63816
4409 5.63816
4410 5.63816
4411 5.63816
4412 5.63816
4413 5.63816
4414 5.63816
4415 5.63816
4416 5.63816
4417 5.63816
4418 5.63816
4419 5.63816
4420 5.63816
4421 5.63816
4422 5.63816
4423 5.63816
4424 5.63816
4425 5.63816
4426 5.63816
4427 5.63816
4428 5.63816
4429 5.63816
4430 5.63816
4431 5.63816
4432 5.63816
4433 5.63816
4434 5.63816
4435 5.63816
4436 5.63816
4437 5.63816
4438 5.63816
4439 5.63816
4440 5.63816
4441 5.63816
4442 5.63816
4443 5.63816
4444 5.63816
4445 5.63816
4446 5.63816
4447 5.63816
4448 5.63816
4449 5.63816
4450 5.63816
4451 1.06378
4452 1.06378
4453 1.06378
4454 1.06378
4455 1.06378
4456 1.06378
4457 1.06378
4458 1.06378
4459 1.06378
4460 1.06378
4461 1.06378
4462 1.06378
4463 1.06378
4464 1.06378
4465 1.06378
4466 1.06378
4467 1.06378
4468 1.06378
4469 1.06378
4470 1.06378
4471 1.06378
4472 1.06378
4473 1.06378
4474 1.06378
4475 1.06378
4476 1.06378
4477 1.06378
4478 1.06378
4479 1.06378
4480 1.06378
4481 1.06378
4482 1.06378
4483 1.06378
4484 1.06378
4485 1.06378
4486 1.06378
4487 1.06378
4488 1.06378
4489 1.06378
4490 1.06378
4491 1.06378
4492 1.06378
4493 1.06378
4494 1.06378
4495 1.06378
4496 1.06378
4497 1.06378
4498 1.06378
4499 1.06378
4500 1.06378
4501 2.52644
4502 2.52644
4503 2.52644
4504 2.52644
4505 2.52644
4506 2.52644
4507 2.52644
4508 2.52644
4509 2.52644
4510 2.52644
4511 2.52644
4512 2.52644
4513 2.52644
4514 2.52644
4515 2.52644
4516 2.52644
4517 2.52644
4518 2.52644
4519 2.52644
4520 2.52644
4521 2.52644
4522 2.52644
4523 2.52644
4524 2.52644
4525 2.52644
4526 2.52644
4527 2.52644
4528 2.52644
4529 2.52644
4530 2.52644
4531 2.52644
4532 2.52644
4533 2.52644
4534 2.52644
4535 2.52644
4536 2.52644
4537 2.52644
4538 2.52644
4539 2.52644
4540 2.52644
4541 2.52644
4542 2.52644
4543 2.52644
4544 2.52644
4545 2.52644
4546 2.52644
4547 2.52644
4548 2.52644
4549 2.52644
4550 2.52644
4551 3.61589
4552 3.61589
4553 3.61589
4554 3.61589
4555 3.61589
4556 3.61589
4557 3.61589
4558 3.61589
4559 3.61589
4560 3.61589
4561 3.61589
4562 3.61589
4563 3.61589
4564 3.61589
4565 3.61589
4566 3.61589
4567 3.61589
4568 3.61589
4569 3.61589
4570 3.61589
4571 3.61589
4572 3.61589
4573 3.61589
4574 3.61589
4575 3.61589
4576 3.61589
4577 3.61589
4578 3.61589
4579 3.61589
4580 3.61589
4581 3.61589
4582 3.61589
4583 3.61589
4584 3.61589
4585 3.61589
4586 3.61589
4587 3.61589
4588 3.61589
4589 3.61589
4590 3.61589
4591 3.61589
4592 3.61589
4593 3.61589
4594 3.61589
4595 3.61589
4596 3.61589
4597 3.61589
4598 3.61589
4599 3.61589
4600 3.61589
4601 1.21204
4602 1.21204
4603 1.21204
4604 1.21204
4605 1.21204
4606 1.21204
4607 1.21204
4608 1.21204
4609 1.21204
4610 1.21204
4611 1.21204
4612 1.21204
4613 1.21204
4614 1.21204
4615 1.21204
4616 1.21204
4617 1.21204
4618 1.21204
4619 1.21204
4620 1.21204
4621 1.21204
4622 1.21204
4623 1.21204
4624 1.21204
4625 1.21204
4626 1.21204
4627 1.21204
4628 1.21204
4629 1.21204
4630 1.21204
4631 1.21204
4632 1.21204
4633 1.21204
4634 1.21204
4635 1.21204
4636 1.21204
4637 1.21204
4638 1.21204
4639 1.21204
4640 1.21204
4641 1.21204
4642 1.21204
4643 1.21204
4644 1.21204
4645 1.21204
4646 1.21204
4647 1.21204
4648 1.21204
4649 1.21204
4650 1.21204
4651 3.94199
4652 3.94199
4653 3.94199
4654 3.94199
4655 3.94199
4656 3.94199
4657 3.94199
4658 3.94199
4659 3.94199
4660 3.94199
4661 3.94199
4662 3.94199
4663 3.94199
4664 3.94199
4665 3.94199
4666 3.94199
4667 3.94199
4668 3.94199
4669 3.94199
4670 3.94199
4671 3.94199
4672 3.94199
4673 3.94199
4674 3.94199
4675 3.94199
4676 3.94199
4677 3.94199
4678 3.94199
4679 3.94199
4680 3.94199
4681 3.94199
4682 3.94199
4683 3.94199
4684 3.94199
4685 3.94199
4686 3.94199
4687 3.94199
4688 3.94199
4689 3.94199
4690 3.94199
4691 3.94199
4692 3.94199
4693 3.94199
4694 3.94199
4695 3.94199
4696 3.94199
4697 3.94199
4698 3.94199
4699 3.94199
4700 3.94199
4701 0.809493
4702 0.809493
4703 0.809493
4704 0.809493
4705 0.809493
4706 0.809493
4707 0.809493
4708 0.809493
4709 0.809493
4710 0.809493
4711 0.809493
4712 0.809493
4713 0.809493
4714 0.809493
4715 0.809493
4716 0.809493
4717 0.809493
4718 0.809493
4719 0.809493
4720 0.809493
4721 0.809493
4722 0.809493
4723 0.809493
4724 0.809493
4725 0.809493
4726 0.809493
4727 0.809493
4728 0.809493
4729 0.809493
4730 0.809493
4731 0.809493
4732 0.809493
4733 0.809493
4734 0.809493
4735 0.809493
4736 0.809493
4737 0.809493
4738 0.809493
4739 0.809493
4740 0.809493
4741 0.809493
4742 0.809493
4743 0.809493
4744 0.809493
4745 0.809493
4746 0.809493
4747 0.809493
4748 0.809493
4749 0.809493
4750 0.809493
4751 3.6347
4752 3.6347
4753 3.6347
4754 3.6347
4755 3.6347
4756 3.6347
4757 3.6347
4758 3.6347
4759 3.6347
4760 3.6347
4761 3.6347
4762 3.6347
4763 3.6347
4764 3.6347
4765 3.6347
4766 3.6347
4767 3.6347
4768 3.6347
4769 3.6347
4770 3.6347
4771 3.6347
4772 3.6347
4773 3.6347
4774 3.6347
4775 3.6347
4776 3.6347
4777 3.6347
4778 3.6347
4779 3.6347
4780 3.6347
4781 3.6347
4782 3.6347
4783 3.6347
4784 3.6347
4785 3.6347
4786 3.6347
4787 3.6347
4788 3.6347
4789 3.6347
4790 3.6347
4791 3.6347
4792 3.6347
4793 3.6347
4794 3.6347
4795 3.6347
4796 3.6347
4797 3.6347
4798 3.6347
4799 3.6347
4800 3.6347
4801 5.49206
4802 5.49206
4803 5.49206
4804 5.49206
4805 5.49206
4806 5.49206
4807 5.49206
4808 5.49206
4809 5.49206
4810 5.49206
4811 5.49206
4812 5.49206
4813 5.49206
4814 5.49206
4815 5.49206
4816 5.49206
4817 5.49206
4818 5.49206
4819 5.49206
4820 5.49206
4821 5.49206
4822 5.49206
4823 5.49206
4824 5.49206
4825 5.49206
4826 5.49206
4827 5.49206
4828 5.49206
4829 5.49206
4830 5.49206
4831 5.49206
4832 5.49206
4833 5.49206
4834 5.49206
4835 5.49206
4836 5.49206
4837 5.49206
4838 5.49206
4839 5.49206
4840 5.49206
4841 5.49206
4842 5.49206
4843 5.49206
4844 5.49206
4845 5.49206
4846 5.49206
4847 5.49206
4848 5.49206
4849 5.49206
4850 5.49206
4851 2.82635
4852 2.82635
4853 2.82635
4854 2.82635
4855 2.82635
4856 2.82635
4857 2.82635
4858 2.82635
4859 2.82635
4860 2.82635
4861 2.82635
4862 2.82635
4863 2.82635
4864 2.82635
4865 2.82635
4866 2.82635
4867 2.82635
4868 2.82635
4869 2.82635
4870 2.82635
4871 2.82635
4872 2.82635
4873 2.82635
4874 2.82635
4875 2.82635
4876 2.82635
4877 2.82635
4878 2.82635
4879 2.82635
4880 2.82635
4881 2.82635
4882 2.82635
4883 2.82635
4884 2.82635
4885 2.82635
4886 2.82635
4887 2.82635
4888 2.82635
4889 2.82635
4890 2.82635
4891 2.82635
4892 2.82635
4893 2.82635
4894 2.82635
4895 2.82635
4896 2.82635
4897 2.82635
4898 2.82635
4899 2.82635
4900 2.82635
4901 5.72623
4902 5.72623
4903 5.72623
4904 5.72623
4905 5.72623
4906 5.72623
4907 5.72623
4908 5.72623
4909 5.72623
4910 5.72623
4911 5.72623
4912 5.72623
4913 5.72623
4914 5.72623
4915 5.72623
4916 5.72623
4917 5.72623
4918 5.72623
4919 5.72623
4920 5.72623
4921 5.72623
4922 5.72623
4923 5.72623
4924 5.72623
4925 5.72623
4926 5.72623
4927 5.72623
4928 5.72623
4929 5.72623
4930 5.72623
4931 5.72623
4932 5.72623
4933 5.72623
4934 5.72623
4935 5.72623
4936 5.72623
4937 5.72623
4938 5.72623
4939 5.72623
4940 5.72623
4941 5.72623
4942 5.72623
4943 5.72623
4944 5.72623
4945 5.72623
4946 5.72623
4947 5.72623
4948 5.72623
4949 5.72623
4950 5.72623
4951 6.0095
4952 6.0095
4953 6.0095
4954 6.0095
4955 6.0095
4956 6.0095
4957 6.0095
4958 6.0095
4959 6.0095
4960 6.0095
4961 6.0095
4962 6.0095
4963 6.0095
4964 6.0095
4965 6.0095
4966 6.0095
4967 6.0095
4968 6.0095
4969 6.0095
4970 6.0095
4971 6.0095
4972 6.0095
4973 6.0095
4974 6.0095
4975 6.0095
4976 6.0095
4977 6.0095
4978 6.0095
4979 6.0095
4980 6.0095
4981 6.0095
4982 6.0095
4983 6.0095
4984 6.0095
4985 6.0095
4986 6.0095
4987 6.0095
4988 6.0095
4989 6.0095
4990 6.0095
4991 6.0095
4992 6.0095
4993 6.0095
4994 6.0095
4995 6.0095
4996 6.0095
4997 6.0095
4998 6.0095
4999 6.0095
5000 6.0095
5001 0.0753993
5002 0.0753993
5003 0.0753993
5004 0.0753993
5005 0.0753993
5006 0.0753993
5007 0.0753993
5008 0.0753993
5009 0.0753993
5010 0.0753993
5011 0.0753993
5012 0.0753993
5013 0.0753993
5014 0.0753993
5015 0.0753993
5016 0.0753993
5017 0.0753993
5018 0.0753993
5019 0.0753993
5020 0.0753993
5021 0.0753993
5022 0.0753993
5023 0.0753993
5024 0.0753993
5025 0.0753993
5026 0.0753993
5027 0.0753993
5028 0.0753993
5029 0.0753993
5030 0.0753993
5031 0.0753993
5032 0.0753993
5033 0.0753993
5034 0.0753993
5035 0.0753993
5036 0.0753993
5037 0.0753993
5038 0.0753993
5039 0.0753993
5040 0.0753993
5041 0.0753993
5042 0.0753993
5043 0.0753993
5044 0.0753993
5045 0.0753993
5046 0.0753993
5047 0.0753993
5048 0.0753993
5049 0.0753993
5050 0.0753993
5051 1.65102
5052 1.65102
5053 1.65102
5054 1.65102
5055 1.65102
5056 1.65102
5057 1.65102
5058 1.65102
5059 1.65102
5060 1.65102
5061 1.65102
5062 1.65102
5063 1.65102
5064 1.65102
5065 1.65102
5066 1.65102
5067 1.65102
5068 1.65102
5069 1.65102
5070 1.65102
5071 1.65102
5072 1.65102
5073 1.65102
5074 1.65102
5075 1.65102
5076 1.65102
5077 1.65102
5078 1.65102
5079 1.65102
5080 1.65102
5081 1.65102
5082 1.65102
5083 1.65102
5084 1.65102
5085 1.65102
5086 1.65102
5087 1.65102
5088 1.65102
5089 1.65102
5090 1.65102
5091 1.65102
5092 1.65102
5093 1.65102
5094 1.65102
5095 1.65102
5096 1.65102
5097 1.65102
5098 1.65102
5099 1.65102
5100 1.65102
5101 3.72794
5102 3.72794
5103 3.72794
5104 3.72794
5105 3.72794
5106 3.72794
5107 3.72794
5108 3.72794
5109 3.72794
5110 3.72794
5111 3.72794
5112 3.72794
5113 3.72794
5114 3.72794
5115 3.72794
5116 3.72794
5117 3.72794
5118 3.72794
5119 3.72794
5120 3.72794
5121 3.72794
5122 3.72794
5123 3.72794
5124 3.72794
5125 3.72794
5126 3.72794
5127 3.72794
5128 3.72794
5129 3.72794
5130 3.72794
5131 3.72794
5132 3.72794
5133 3.72794
5134 3.72794
5135 3.72794
5136 3.72794
5137 3.72794
5138 3.72794
5139 3.72794
5140 3.72794
5141 3.72794
5142 3.72794
5143 3.72794
5144 3.72794
5145 3.72794
5146 3.72794
5147 3.72794
5148 3.72794
5149 3.72794
5150 3.72794
5151 1.64725
5152 1.64725
5153 1.64725
5154 1.64725
5155 1.64725
5156 1.64725
5157 1.64725
5158 1.64725
5159 1.64725
5160 1.64725
5161 1.64725
5162 1.64725
5163 1.64725
5164 1.64725
5165 1.64725
5166 1.64725
5167 1.64725
5168 1.64725
5169 1.64725
5170 1.64725
5171 1.64725
5172 1.64725
5173 1.64725
5174 1.64725
5175 1.64725
5176 1.64725
5177 1.64725
5178 1.64725
5179 1.64725
5180 1.64725
5181 1.64725
5182 1.64725
5183 1.64725
5184 1.64725
5185 1.64725
5186 1.64725
5187 1.64725
5188 1.64725
5189 1.64725
5190 1.64725
5191 1.64725
5192 1.64725
5193 1.64725
5194 1.64725
5195 1.64725
5196 1.64725
5197 1.64725
5198 1.64725
5199 1.64725
5200 1.64725
5201 5.45152
5202 5.45152
5203 5.45152
5204 5.45152
5205 5.45152
5206 5.45152
5207 5.45152
5208 5.45152
5209 5.45152
5210 5.45152
5211 5.45152
5212 5.45152
5213 5.45152
5214 5.45152
5215 5.45152
5216 5.45152
5217 5.45152
5218 5.45152
5219 5.45152
5220 5.45152
5221 5.45152
5222 5.45152
5223 5.45152
5224 5.45152
5225 5.45152
5226 5.45152
5227 5.45152
5228 5.45152
5229 5.45152
5230 5.45152
5231 5.45152
5232 5.45152
5233 5.45152
5234 5.45152
5235 5.45152
5236 5.45152
5237 5.45152
5238 5.45152
5239 5.45152
5240 5.45152
5241 5.45152
5242 5.45152
5243 5.45152
5244 5.45152
5245 5.45152
5246 5.45152
5247 5.45152
5248 5.45152
5249 5.45152
5250 5.45152
5251 3.12379
5252 3.12379
5253 3.12379
5254 3.12379
5255 3.12379
5256 3.12379
5257 3.12379
5258 3.12379
5259 3.12379
5260 3.12379
5261 3.12379
5262 3.12379
5263 3.12379
5264 3.12379
5265 3.12379
5266 3.12379
5267 3.12379
5268 3.12379
5269 3.12379
5270 3.12379
5271 3.12379
5272 3.12379
5273 3.12379
5274 3.12379
5275 3.12379
5276 3.12379
5277 3.12379
5278 3.12379
5279 3.12379
5280 3.12379
5281 3.12379
5282 3.12379
5283 3.12379
5284 3.12379
5285 3.12379
5286 3.12379
5287 3.12379
5288 3.12379
5289 3.12379
5290 3.12379
5291 3.12379
5292 3.12379
5293 3.12379
5294 3.12379
5295 3.12379
5296 3.12379
5297 3.12379
5298 3.12379
5299 3.12379
5300 3.12379
5301 5.53482
5302 5.53482
5303 5.53482
5304 5.53482
5305 5.53482
5306 5.53482
5307 5.53482
5308 5.53482
5309 5.53482
5310 5.53482
5311 5.53482
5312 5.53482
5313 5.53482
5314 5.53482
5315 5.53482
5316 5.53482
5317 5.53482
5318 5.53482
5319 5.53482
5320 5.53482
5321 5.53482
5322 5.53482
5323 5.53482
5324 5.53482
5325 5.53482
5326 5.53482
5327 5.53482
5328 5.53482
5329 5.53482
5330 5.53482
5331 5.53482
5332 5.53482
5333 5.53482
5334 5.53482
5335 5.53482
5336 5.53482
5337 5.53482
5338 5.53482
5339 5.53482
5340 5.53482
5341 5.53482
5342 5.53482
5343 5.53482
5344 5.53482
5345 5.53482
5346 5.53482
5347 5.53482
5348 5.53482
5349 5.53482
5350 5.53482
5351 3.16912
5352 3.16912
5353 3.16912
5354 3.16912
5355 3.16912
5356 3.16912
5357 3.16912
5358 3.16912
5359 3.16912
5360 3.16912
5361 3.16912
5362 3.16912
5363 3.16912
5364 3.16912
5365 3.16912
5366 3.16912
5367 3.16912
5368 3.16912
5369 3.16912
5370 3.16912
5371 3.16912
5372 3.16912
5373 3.16912
5374 3.16912
5375 3.16912
5376 3.16912
5377 3.16912
5378 3.16912
5379 3.16912
5380 3.16912
5381 3.16912
5382 3.16912
5383 3.16912
5384 3.16912
5385 3.16912
5386 3.16912
5387 3.16912
5388 3.16912
5389 3.16912
5390 3.16912
5391 3.16912
5392 3.16912
5393 3.16912
5394 3.16912
5395 3.16912
5396 3.16912
5397 3.16912
5398 3.16912
5399 3.16912
5400 3.16912
5401 0.698067
5402 0.698067
5403 0.698067
5404 0.698067
5405 0.698067
5406 0.698067
5407 0.698067
5408 0.698067
5409 0.698067
5410 0.698067
5411 0.698067
5412 0.698067
5413 0.698067
5414 0.698067
5415 0.698067
5416 0.698067
5417 0.698067
5418 0.698067
5419 0.698067
5420 0.698067
5421 0.698067
5422 0.698067
5423 0.698067
5424 0.698067
5425 0.698067
5426 0.698067
5427 0.698067
5428 0.698067
5429 0.698067
5430 0.698067
5431 0.698067
5432 0.698067
5433 0.698067
5434 0.698067
5435 0.698067
5436 0.698067
5437 0.698067
5438 0.698067
5439 0.698067
5440 0.698067
5441 0.698067
5442 0.698067
5443 0.698067
5444 0.698067
5445 0.698067
5446 0.698067
5447 0.698067
5448 0.698067
5449 0.698067
5450 0.698067
5451 2.76564
5452 2.76564
5453 2.76564
5454 2.76564
5455 2.76564
5456 2.76564
5457 2.76564
5458 2.76564
5459 2.76564
5460 2.76564
5461 2.76564
5462 2.76564
5463 2.76564
5464 2.76564
5465 2.76564
5466 2.76564
5467 2.76564
5468 2.76564
5469 2.76564
5470 2.76564
5471 2.76564
5472 2.76564
5473 2.76564
5474 2.76564
5475 2.76564
5476 2.76564
5477 2.76564
5478 2.76564
5479 2.76564
5480 2.76564
5481 2.76564
5482 2.76564
5483 2.76564
5484 2.76564
5485 2.76564
5486 2.76564
5487 2.76564
5488 2.76564
5489 2.76564
5490 2.76564
5491 2.76564
5492 2.76564
5493 2.76564
5494 2.76564
5495 2.76564
5496 2.76564
5497 2.76564
5498 2.76564
5499 2.76564
5500 2.76564
5501 5.22716
5502 5.22716
5503 5.22716
5504 5.22716
5505 5.22716
5506 5.22716
5507 5.22716
5508 5.22716
5509 5.22716
5510 5.22716
5511 5.22716
5512 5.22716
5513 5.22716
5514 5.22716
5515 5.22716
5516 5.22716
5517 5.22716
5518 5.22716
5519 5.22716
5520 5.22716
5521 5.22716
5522 5.22716
5523 5.22716
5524 5.22716
5525 5.22716
5526 5.22716
5527 5.22716
5528 5.22716
5529 5.22716
5530 5.22716
5531 5.22716
5532 5.22716
5533 5.22716
5534 5.22716
5535 5.22716
5536 5.22716
5537 5.22716
5538 5.22716
5539 5.22716
5540 5.22716
5541 5.22716
5542 5.22716
5543 5.22716
5544 5.22716
5545 5.22716
5546 5.22716
5547 5.22716
5548 5.22716
5549 5.22716
5550 5.22716
5551 4.1723
5552 4.1723
5553 4.1723
5554 4.1723
5555 4.1723
5556 4.1723
5557 4.1723
5558 4.1723
5559 4.1723
5560 4.1723
5561 4.1723
5562 4.1723
5563 4.1723
5564 4.1723
5565 4.1723
5566 4.1723
5567 4.1723
5568 4.1723
5569 4.1723
5570 4.1723
5571 4.1723
5572 4.1723
5573 4.1723
5574 4.1723
5575 4.1723
5576 4.1723
5577 4.1723
5578 4.1723
5579 4.1723
5580 4.1723
5581 4.1723
5582 4.1723
5583 4.1723
5584 4.1723
5585 4.1723
5586 4.1723
5587 4.1723
5588 4.1723
5589 4.1723
5590 4.1723
5591 4.1723
5592 4.1723
5593 4.1723
5594 4.1723
5595 4.1723
5596 4.1723
5597 4.1723
5598 4.1723
5599 4.1723
5600 4.1723
5601 3.34288
5602 3.34288
5603 3.34288
5604 3.34288
5605 3.34288
5606 3.34288
5607 3.34288
5608 3.34288
5609 3.34288
5610 3.34288
5611 3.34288
5612 3.34288
5613 3.34288
5614 3.34288
5615 3.34288
5616 3.34288
5617 3.34288
5618 3.34288
5619 3.34288
5620 3.34288
5621 3.34288
5622 3.34288
5623 3.34288
5624 3.34288
5625 3.34288
5626 3.34288
5627 3.34288
5628 3.34288
5629 3.34288
5630 3.34288
5631 3.34288
5632 3.34288
5633 3.34288
5634 3.34288
5635 3.34288
5636 3.34288
5637 3.34288
5638 3.34288
5639 3.34288
5640 3.34288
5641 3.34288
5642 3.34288
5643 3.34288
5644 3.34288
5645 3.34288
5646 3.34288
5647 3.34288
5648 3.34288
5649 3.34288
5650 3.34288
5651 6.04532
5652 6.04532
5653 6.04532
5654 6.04532
5655 6.04532
5656 6.04532
5657 6.04532
5658 6.04532
5659 6.04532
5660 6.04532
5661 6.04532
5662 6.04532
5663 6.04532
5664 6.04532
5665 6.04532
5666 6.04532
5667 6.04532
5668 6.04532
5669 6.04532
5670 6.04532
5671 6.04532
5672 6.04532
5673 6.04532
5674 6.04532
5675 6.04532
5676 6.04532
5677 6.04532
5678 6.04532
5679 6.04532
5680 6.04532
5681 6.04532
5682 6.04532
5683 6.04532
5684 6.04532
5685 6.04532
5686 6.04532
5687 6.04532
5688 6.04532
5689 6.04532
5690 6.04532
5691 6.04532
5692 6.04532
5693 6.04532
5694 6.04532
5695 6.04532
5696 6.04532
5697 6.04532
5698 6.04532
5699 6.04532
5700 6.04532
5701 0.0445662
5702 0.0445662
5703 0.0445662
5704 0.0445662
5705 0.0445662
5706 0.0445662
5707 0.0445662
5708 0.0445662
5709 0.0445662
5710 0.0445662
5711 0.0445662
5712 0.0445662
5713 0.0445662
5714 0.0445662
5715 0.0445662
5716 0.0445662
5717 0.0445662
5718 0.0445662
5719 0.0445662
5720 0.0445662
5721 0.0445662
5722 0.0445662
5723 0.0445662
5724 0.0445662
5725 0.0445662
5726 0.0445662
5727 0.0445662
5728 0.0445662
5729 0.0445662
5730 0.0445662
5731 0.0445662
5732 0.0445662
5733 0.0445662
5734 0.0445662
5735 0.0445662
5736 0.0445662
5737 0.0445662
5738 0.0445662
5739 0.0445662
5740 0.0445662
5741 0.0445662
5742 0.0445662
5743 0.0445662
5744 0.0445662
5745 0.0445662
5746 0.0445662
5747 0.0445662
5748 0.0445662
5749 0.0445662
5750 0.0445662
5751 1.22993
5752 1.22993
5753 1.22993
5754 1.22993
5755 1.22993
5756 1.22993
5757 1.22993
5758 1.22993
5759 1.22993
5760 1.22993
5761 1.22993
5762 1.22993
5763 1.22993
5764 1.22993
5765 1.22993
5766 1.22993
5767 1.22993
5768 1.22993
5769 1.22993
5770 1.22993
5771 1.22993
5772 1.22993
5773 1.22993
5774 1.22993
5775 1.22993
5776 1.22993
5777 1.22993
5778 1.22993
5779 1.22993
5780 1.22993
5781 1.22993
5782 1.22993
5783 1.22993
5784 1.22993
5785 1.22993
5786 1.22993
5787 1.22993
5788 1.22993
5789 1.22993
5790 1.22993
5791 1.22993
5792 1.22993
5793 1.22993
5794 1.22993
5795 1.22993
5796 1.22993
5797 1.22993
5798 1.22993
5799 1.22993
5800 1.22993
5801 2.64194
5802 2.64194
5803 2.64194
5804 2.64194
5805 2.64194
5806 2.64194
5807 2.64194
5808 2.64194
5809 2.64194
5810 2.64194
5811 2.64194
5812 2.64194
5813 2.64194
5814 2.64194
5815 2.64194
5816 2.64194
5817 2.64194
5818 2.64194
5819 2.64194
5820 2.64194
5821 2.64194
5822 2.64194
5823 2.64194
5824 2.64194
5825 2.64194
5826 2.64194
5827 2.64194
5828 2.64194
5829 2.64194
5830 2.64194
5831 2.64194
5832 2.64194
5833 2.64194
5834 2.64194
5835 2.64194
5836 2.64194
5837 2.64194
5838 2.64194
5839 2.64194
5840 2.64194
5841 2.64194
5842 2.64194
5843 2.64194
5844 2.64194
5845 2.64194
5846 2.64194
5847 2.64194
5848 2.64194
5849 2.64194
5850 2.64194
5851 4.92029
5852 4.92029
5853 4.92029
5854 4.92029
5855 4.92029
5856 4.92029
5857 4.92029
5858 4.92029
5859 4.92029
5860 4.92029
5861 4.92029
5862 4.92029
5863 4.92029
5864 4.92029
5865 4.92029
5866 4.92029
5867 4.92029
5868 4.92029
5869 4.92029
5870 4.92029
5871 4.92029
5872 4.92029
5873 4.92029
5874 4.92029
5875 4.92029
5876 4.92029
5877 4.92029
5878 4.92029
5879 4.92029
5880 4.92029
5881 4.92029
5882 4.92029
5883 4.92029
5884 4.92029
5885 4.92029
5886 4.92029
5887 4.92029
5888 4.92029
5889 4.92029
5890 4.92029
5891 4.92029
5892 4.92029
5893 4.92029
5894 4.92029
5895 4.92029
5896 4.92029
5897 4.92029
5898 4.92029
5899 4.92029
5900 4.92029
5901 5.90664
5902 5.90664
5903 5.90664
5904 5.90664
5905 5.90664
5906 5.90664
5907 5.90664
5908 5.90664
5909 5.90664
5910 5.90664
5911 5.90664
5912 5.90664
5913 5.90664
5914 5.90664
5915 5.90664
5916 5.90664
5917 5.90664
5918 5.90664
5919 5.90664
5920 5.90664
5921 5.90664
5922 5.90664
5923 5.90664
5924 5.90664
5925 5.90664
5926 5.90664
5927 5.90664
5928 5.90664
5929 5.90664
5930 5.90664
5931 5.90664
5932 5.90664
5933 5.90664
5934 5.90664
5935 5.90664
5936 5.90664
5937 5.90664
5938 5.90664
5939 5.90664
5940 5.90664
5941 5.90664
5942 5.90664
5943 5.90664
5944 5.90664
5945 5.90664
5946 5.90664
5947 5.90664
5948 5.90664
5949 5.90664
5950 5.90664
5951 2.39259
5952 2.39259
5953 2.39259
5954 2.39259
5955 2.39259
5956 2.39259
5957 2.39259
5958 2.39259
5959 2.39259
5960 2.39259
5961 2.39259
5962 2.39259
5963 2.39259
5964 2.39259
5965 2.39259
5966 2.39259
5967 2.39259
5968 2.39259
5969 2.39259
5970 2.39259
5971 2.39259
5972 2.39259
5973 2.39259
5974 2.39259
5975 2.39259
5976 2.39259
5977 2.39259
5978 2.39259
5979 2.39259
5980 2.39259
5981 2.39259
5982 2.39259
5983 2.39259
5984 2.39259
5985 2.39259
5986 2.39259
5987 2.39259
5988 2.39259
5989 2.39259
5990 2.39259
5991 2.39259
5992 2.39259
5993 2.39259
5994 2.39259
5995 2.39259
5996 2.39259
5997 2.39259
5998 2.39259
5999 2.39259
6000 2.39259
6001 5.94187
6002 5.94187
6003 5.94187
6004 5.94187
6005 5.94187
6006 5.94187
6007 5.94187
6008 5.94187
6009 5.94187
6010 5.94187
6011 5.94187
6012 5.94187
6013 5.94187
6014 5.94187
6015 5.94187
6016 5.94187
6017 5.94187
6018 5.94187
6019 5.94187
6020 5.94187
6021 5.94187
6022 5.94187
6023 5.94187
6024 5.94187
6025 5.94187
6026 5.94187
6027 5.94187
6028 5.94187
6029 5.94187
6030 5.94187
6031 5.94187
6032 5.94187
6033 5.94187
6034 5.94187
6035 5.94187
6036 5.94187
6037 5.94187
6038 5.94187
6039 5.94187
6040 5.94187
6041 5.94187
6042 5.94187
6043 5.94187
6044 5.94187
6045 5.94187
6046 5.94187
6047 5.94187
6048 5.94187
6049 5.94187
6050 5.94187
6051 3.94571
6052 3.94571
6053 3.94571
6054 3.94571
6055 3.94571
6056 3.94571
6057 3.94571
6058 3.94571
6059 3.94571
6060 3.94571
6061 3.94571
6062 3.94571
6063 3.94571
6064 3.94571
6065 3.94571
6066 3.94571
6067 3.94571
6068 3.94571
6069 3.94571
6070 3.94571
6071 3.94571
6072 3.94571
6073 3.94571
6074 3.94571
6075 3.94571
6076 3.94571
6077 3.94571
6078 3.94571
6079 3.94571
6080 3.94571
6081 3.94571
6082 3.94571
6083 3.94571
6084 3.94571
6085 3.94571
6086 3.94571
6087 3.94571
6088 3.94571
6089 3.94571
6090 3.94571
6091 3.94571
6092 3.94571
6093 3.94571
6094 3.94571
6095 3.94571
6096 3.94571
6097 3.94571
6098 3.94571
6099 3.94571
6100 3.94571
6101 1.4163
6102 1.4163
6103 1.4163
6104 1.4163
6105 1.4163
6106 1.4163
6107 1.4163
6108 1.4163
6109 1.4163
6110 1.4163
6111 1.4163
6112 1.4163
6113 1.4163
6114 1.4163
6115 1.4163
6116 1.4163
6117 1.4163
6118 1.4163
6119 1.4163
6120 1.4163
6121 1.4163
6122 1.4163
6123 1.4163
6124 1.4163
6125 1.4163
6126 1.4163
6127 1.4163
6128 1.4163
6129 1.4163
6130 1.4163
6131 1.4163
6132 1.4163
6133 1.4163
6134 1.4163
6135 1.4163
6136 1.4163
6137 1.4163
6138 1.4163
6139 1.4163
6140 1.4163
6141 1.4163
6142 1.4163
6143 1.4163
6144 1.4163
6145 1.4163
6146 1.4163
6147 1.4163
6148 1.4163
6149 1.4163
6150 1.4163
6151 3.12867
6152 3.12867
6153 3.12867
6154 3.12867
6155 3.12867
6156 3.12867
6157 3.12867
6158 3.12867
6159 3.12867
6160 3.12867
6161 3.12867
6162 3.12867
6163 3.12867
6164 3.12867
6165 3.12867
6166 3.12867
6167 3.12867
6168 3.12867
6169 3.12867
6170 3.12867
6171 3.12867
6172 3.12867
6173 3.12867
6174 3.12867
6175 3.12867
6176 3.12867
6177 3.12867
6178 3.12867
6179 3.12867
6180 3.12867
6181 3.12867
6182 3.12867
6183 3.12867
6184 3.12867
6185 3.12867
6186 3.12867
6187 3.12867
6188 3.12867
6189 3.12867
6190 3.12867
6191 3.12867
6192 3.12867
6193 3.12867
6194 3.12867
6195 3.12867
6196 3.12867
6197 3.12867
6198 3.12867
6199 3.12867
6200 3.12867
6201 3.28945
6202 3.28945
6203 3.28945
6204 3.28945
6205 3.28945
6206 3.28945
6207 3.28945
6208 3.28945
6209 3.28945
6210 3.28945
6211 3.28945
6212 3.28945
6213 3.28945
6214 3.28945
6215 3.28945
6216 3.28945
6217 3.28945
6218 3.28945
6219 3.28945
6220 3.28945
6221 3.28945
6222 3.28945
6223 3.28945
6224 3.28945
6225 3.28945
6226 3.28945
6227 3.28945
6228 3.28945
6229 3.28945
6230 3.28945
6231 3.28945
6232 3.28945
6233 3.28945
6234 3.28945
6235 3.28945
6236 3.28945
6237 3.28945
6238 3.28945
6239 3.28945
6240 3.28945
6241 3.28945
6242 3.28945
6243 3.28945
6244 3.28945
6245 3.28945
6246 3.28945
6247 3.28945
6248 3.28945
6249 3.28945
6250 3.28945
6251 4.06761
6252 4.06761
6253 4.06761
6254 4.06761
6255 4.06761
6256 4.06761
6257 4.06761
6258 4.06761
6259 4.06761
6260 4.06761
6261 4.06761
6262 4.06761
6263 4.06761
6264 4.06761
6265 4.06761
6266 4.06761
6267 4.06761
6268 4.06761
6269 4.06761
6270 4.06761
6271 4.06761
6272 4.06761
6273 4.06761
6274 4.06761
6275 4.06761
6276 4.06761
6277 4.06761
6278 4.06761
6279 4.06761
6280 4.06761
6281 4.06761
6282 4.06761
6283 4.06761
6284 4.06761
6285 4.06761
6286 4.06761
6287 4.06761
6288 4.06761
6289 4.06761
6290 4.06761
6291 4.06761
6292 4.06761
6293 4.06761
6294 4.06761
6295 4.06761
6296 4.06761
6297 4.06761
6298 4.06761
6299 4.06761
6300 4.06761
6301 4.35964
6302 4.35964
6303 4.35964
6304 4.35964
6305 4.35964
6306 4.35964
6307 4.35964
6308 4.35964
6309 4.35964
6310 4.35964
6311 4.35964
6312 4.35964
6313 4.35964
6314 4.35964
6315 4.35964
6316 4.35964
6317 4.35964
6318 4.35964
6319 4.35964
6320 4.35964
6321 4.35964
6322 4.35964
6323 4.35964
6324 4.35964
6325 4.35964
6326 4.35964
6327 4.35964
6328 4.35964
6329 4.35964
6330 4.35964
6331 4.35964
6332 4.35964
6333 4.35964
6334 4.35964
6335 4.35964
6336 4.35964
6337 4.35964
6338 4.35964
6339 4.35964
6340 4.35964
6341 4.35964
6342 4.35964
6343 4.35964
6344 4.35964
6345 4.35964
6346 4.35964
6347 4.35964
6348 4.35964
6349 4.35964
6350 4.35964
6351 3.86247
6352 3.86247
6353 3.86247
6354 3.86247
6355 3.86247
6356 3.86247
6357 3.86247
6358 3.86247
6359 3.86247
6360 3.86247
6361 3.86247
6362 3.86247
6363 3.86247
6364 3.86247
6365 3.86247
6366 3.86247
6367 3.86247
6368 3.86247
6369 3.86247
6370 3.86247
6371 3.86247
6372 3.86247
6373 3.86247
6374 3.86247
6375 3.86247
6376 3.86247
6377 3.86247
6378 3.86247
6379 3.86247
6380 3.86247
6381 3.86247
6382 3.86247
6383 3.86247
6384 3.86247
6385 3.86247
6386 3.86247
6387 3.86247
6388 3.86247
6389 3.86247
6390 3.86247
6391 3.86247
6392 3.86247
6393 3.86247
6394 3.86247
6395 3.86247
6396 3.86247
6397 3.86247
6398 3.86247
6399 3.86247
6400 3.86247
6401 1.82969
6402 1.82969
6403 1.82969
6404 1.82969
6405 1.82969
6406 1.82969
6407 1.82969
6408 1.82969
6409 1.82969
6410 1.82969
6411 1.82969
6412 1.82969
6413 1.82969
6414 1.82969
6415 1.82969
6416 1.82969
6417 1.82969
6418 1.82969
6419 1.82969
6420 1.82969
6421 1.82969
6422 1.82969
6423 1.82969
6424 1.82969
6425 1.82969
6426 1.82969
6427 1.82969
6428 1.82969
6429 1.82969
6430 1.82969
6431 1.82969
6432 1.82969
6433 1.82969
6434 1.82969
6435 1.82969
6436 1.82969
6437 1.82969
6438 1.82969
6439 1.82969
6440 1.82969
6441 1.82969
6442 1.82969
6443 1.82969
6444 1.82969
6445 1.82969
6446 1.82969
6447 1.82969
6448 1.82969
6449 1.82969
6450 1.82969
6451 0.714055
6452 0.714055
6453 0.714055
6454 0.714055
6455 0.714055
6456 0.714055
6457 0.714055
6458 0.714055
6459 0.714055
6460 0.714055
6461 0.714055
6462 0.714055
6463 0.714055
6464 0.714055
6465 0.714055
6466 0.714055
6467 0.714055
6468 0.714055
6469 0.714055
6470 0.714055
6471 0.714055
6472 0.714055
6473 0.714055
6474 0.714055
6475 0.714055
6476 0.714055
6477 0.714055
6478 0.714055
6479 0.714055
6480 0.714055
6481 0.714055
6482 0.714055
6483 0.714055
6484 0.714055
6485 0.714055
6486 0.714055
6487 0.714055
6488 0.714055
6489 0.714055
6490 0.714055
6491 0.714055
6492 0.714055
6493 0.714055
6494 0.714055
6495 0.714055
6496 0.714055
6497 0.714055
6498 0.714055
6499 0.714055
6500 0.714055
6501 2.47648
6502 2.47648
6503 2.47648
6504 2.47648
6505 2.47648
6506 2.47648
6507 2.47648
6508 2.47648
6509 2.47648
6510 2.47648
6511 2.47648
6512 2.47648
6513 2.47648
6514 2.47648
6515 2.47648
6516 2.47648
6517 2.47648
6518 2.47648
6519 2.47648
6520 2.47648
6521 2.47648
6522 2.47648
6523 2.47648
6524 2.47648
6525 2.47648
6526 2.47648
6527 2.47648
6528 2.47648
6529 2.47648
6530 2.47648
6531 2.47648
6532 2.47648
6533 2.47648
6534 2.47648
6535 2.47648
6536 2.47648
6537 2.47648
6538 2.47648
6539 2.47648
6540 2.47648
6541 2.47648
6542 2.47648
6543 2.47648
6544 2.47648
6545 2.47648
6546 2.47648
6547 2.47648
6548 2.47648
6549 2.47648
6550 2.47648
6551 6.18682
6552 6.18682
6553 6.18682
6554 6.18682
6555 6.18682
6556 6.18682
6557 6.18682
6558 6.18682
6559 6.18682
6560 6.18682
6561 6.18682
6562 6.18682
6563 6.18682
6564 6.18682
6565 6.18682
6566 6.18682
6567 6.18682
6568 6.18682
6569 6.18682
6570 6.18682
6571 6.18682
6572 6.18682
6573 6.18682
6574 6.18682
6575 6.18682
6576 6.18682
6577 6.18682
6578 6.18682
6579 6.18682
6580 6.18682
6581 6.18682
6582 6.18682
6583 6.18682
6584 6.18682
6585 6.18682
6586 6.18682
6587 6.18682
6588 6.18682
6589 6.18682
6590 6.18682
6591 6.18682
6592 6.18682
6593 6.18682
6594 6.18682
6595 6.18682
6596 6.18682
6597 6.18682
6598 6.18682
6599 6.18682
6600 6.18682
6601 1.97838
6602 1.97838
6603 1.97838
6604 1.97838
6605 1.97838
6606 1.97838
6607 1.97838
6608 1.97838
6609 1.97838
6610 1.97838
6611 1.97838
6612 1.97838
6613 1.97838
6614 1.97838
6615 1.97838
6616 1.97838
6617 1.97838
6618 1.97838
6619 1.97838
6620 1.97838
6621 1.97838
6622 1.97838
6623 1.97838
6624 1.97838
6625 1.97838
6626 1.97838
6627 1.97838
6628 1.97838
6629 1.97838
6630 1.97838
6631 1.97838
6632 1.97838
6633 1.97838
6634 1.97838
6635 1.97838
6636 1.97838
6637 1.97838
6638 1.97838
6639 1.97838
6640 1.97838
6641 1.97838
6642 1.97838
6643 1.97838
6644 1.97838
6645 1.97838
6646 1.97838
6647 1.97838
6648 1.97838
6649 1.97838
6650 1.97838
6651 1.11202
6652 1.11202
6653 1.11202
6654 1.11202
6655 1.11202
6656 1.11202
6657 1.11202
6658 1.11202
6659 1.11202
6660 1.11202
6661 1.11202
6662 1.11202
6663 1.11202
6664 1.11202
6665 1.11202
6666 1.11202
6667 1.11202
6668 1.11202
6669 1.11202
6670 1.11202
6671 1.11202
6672 1.11202
6673 1.11202
6674 1.11202
6675 1.11202
6676 1.11202
6677 1.11202
6678 1.11202
6679 1.11202
6680 1.11202
6681 1.11202
6682 1.11202
6683 1.11202
6684 1.11202
6685 1.11202
6686 1.11202
6687 1.11202
6688 1.11202
6689 1.11202
6690 1.11202
6691 1.11202
6692 1.11202
6693 1.11202
6694 1.11202
6695 1.11202
6696 1.11202
6697 1.11202
6698 1.11202
6699 1.11202
6700 1.11202
6701 3.15207
6702 3.15207
6703 3.15207
6704 3.15207
6705 3.15207
6706 3.15207
6707 3.15207
6708 3.15207
6709 3.15207
6710 3.15207
6711 3.15207
6712 3.15207
6713 3.15207
6714 3.15207
6715 3.15207
6716 3.15207
6717 3.15207
6718 3.15207
6719 3.15207
6720 3.15207
6721 3.15207
6722 3.15207
6723 3.15207
6724 3.15207
6725 3.15207
6726 3.15207
6727 3.15207
6728 3.15207
6729 3.15207
6730 3.15207
6731 3.15207
6732 3.15207
6733 3.15207
6734 3.15207
6735 3.15207
6736 3.15207
6737 3.15207
6738 3.15207
6739 3.15207
6740 3.15207
6741 3.15207
6742 3.15207
6743 3.15207
6744 3.15207
6745 3.15207
6746 3.15207
6747 3.15207
6748 3.15207
6749 3.15207
6750 3.15207
6751 5.20425
6752 5.20425
6753 5.20425
6754 5.20425
6755 5.20425
6756 5.20425
6757 5.20425
6758 5.20425
6759 5.20425
6760 5.20425
6761 5.20425
6762 5.20425
6763 5.20425
6764 5.20425
6765 5.20425
6766 5.20425
6767 5.20425
6768 5.20425
6769 5.20425
6770 5.20425
6771 5.20425
6772 5.20425
6773 5.20425
6774 5.20425
6775 5.20425
6776 5.20425
6777 5.20425
6778 5.20425
6779 5.20425
6780 5.20425
6781 5.20425
6782 5.20425
6783 5.20425
6784 5.20425
6785 5.20425
6786 5.20425
6787 5.20425
6788 5.20425
6789 5.20425
6790 5.20425
6791 5.20425
6792 5.20425
6793 5.20425
6794 5.20425
6795 5.20425
6796 5.20425
6797 5.20425
6798 5.20425
6799 5.20425
6800 5.20425
6801 1.82648
6802 1.82648
6803 1.82648
6804 1.82648
6805 1.82648
6806 1.82648
6807 1.82648
6808 1.82648
6809 1.82648
6810 1.82648
6811 1.82648
6812 1.82648
6813 1.82648
6814 1.82648
6815 1.82648
6816 1.82648
6817 1.82648
6818 1.82648
6819 1.82648
6820 1.82648
6821 1.82648
6822 1.82648
6823 1.82648
6824 1.82648
6825 1.82648
6826 1.82648
6827 1.82648
6828 1.82648
6829 1.82648
6830 1.82648
6831 1.82648
6832 1.82648
6833 1.82648
6834 1.82648
6835 1.82648
6836 1.82648
6837 1.82648
6838 1.82648
6839 1.82648
6840 1.82648
6841 1.82648
6842 1.82648
6843 1.82648
6844 1.82648
6845 1.82648
6846 1.82648
6847 1.82648
6848 1.82648
6849 1.82648
6850 1.82648
6851 0.146845
6852 0.146845
6853 0.146845
6854 0.146845
6855 0.146845
6856 0.146845
6857 0.146845
6858 0.146845
6859 0.146845
6860 0.146845
6861 0.146845
6862 0.146845
6863 0.146845
6864 0.146845
6865 0.146845
6866 0.146845
6867 0.146845
6868 0.146845
6869 0.146845
6870 0.146845
6871 0.146845
6872 0.146845
6873 0.146845
6874 0.146845
6875 0.146845
6876 0.146845
6877 0.146845
6878 0.146845
6879 0.146845
6880 0.146845
6881 0.146845
6882 0.146845
6883 0.146845
6884 0.146845
6885 0.146845
6886 0.146845
6887 0.146845
6888 0.146845
6889 0.146845
6890 0.146845
6891 0.146845
6892 0.146845
6893 0.146845
6894 0.146845
6895 0.146845
6896 0.146845
6897 0.146845
6898 0.146845
6899 0.146845
6900 0.146845
6901 1.49867
6902 1.49867
6903 1.49867
6904 1.49867
6905 1.49867
6906 1.49867
6907 1.49867
6908 1.49867
6909 1.49867
6910 1.49867
6911 1.49867
6912 1.49867
6913 1.49867
6914 1.49867
6915 1.49867
6916 1.49867
6917 1.49867
6918 1.49867
6919 1.49867
6920 1.49867
6921 1.49867
6922 1.49867
6923 1.49867
6924 1.49867
6925 1.49867
6926 1.49867
6927 1.49867
6928 1.49867
6929 1.49867
6930 1.49867
6931 1.49867
6932 1.49867
6933 1.49867
6934 1.49867
6935 1.49867
6936 1.49867
6937 1.49867
6938 1.49867
6939 1.49867
6940 1.49867
6941 1.49867
6942 1.49867
6943 1.49867
6944 1.49867
6945 1.49867
6946 1.49867
6947 1.49867
6948 1.49867
6949 1.49867
6950 1.49867
6951 5.77584
6952 5.77584
6953 5.77584
6954 5.77584
6955 5.77584
6956 5.77584
6957 5.77584
6958 5.77584
6959 5.77584
6960 5.77584
6961 5.77584
6962 5.77584
6963 5.77584
6964 5.77584
6965 5.77584
6966 5.77584
6967 5.77584
6968 5.77584
6969 5.77584
6970 5.77584
6971 5.77584
6972 5.77584
6973 5.77584
6974 5.77584
6975 5.77584
6976 5.77584
6977 5.77584
6978 5.77584
6979 5.77584
6980 5.77584
6981 5.77584
6982 5.77584
6983 5.77584
6984 5.77584
6985 5.77584
6986 5.77584
6987 5.77584
6988 5.77584
6989 5.77584
6990 5.77584
6991 5.77584
6992 5.77584
6993 5.77584
6994 5.77584
6995 5.77584
6996 5.77584
6997 5.77584
6998 5.77584
6999 5.77584
7000 5.77584
7001 3.90354
7002 3.90354
7003 3.90354
7004 3.90354
7005 3.90354
7006 3.90354
7007 3.90354
7008 3.90354
7009 3.90354
7010 3.90354
7011 3.90354
7012 3.90354
7013 3.90354
7014 3.90354
7015 3.90354
7016 3.90354
7017 3.90354
7018 3.90354
7019 3.90354
7020 3.90354
7021 3.90354
7022 3.90354
7023 3.90354
7024 3.90354
7025 3.90354
7026 3.90354
7027 3.90354
7028 3.90354
7029 3.90354
7030 3.90354
7031 3.90354
7032 3.90354
7033 3.90354
7034 3.90354
7035 3.90354
7036 3.90354
7037 3.90354
7038 3.90354
7039 3.90354
7040 3.90354
7041 3.90354
7042 3.90354
7043 3.90354
7044 3.90354
7045 3.90354
7046 3.90354
7047 3.90354
7048 3.90354
7049 3.90354
7050 3.90354
7051 1.75339
7052 1.75339
7053 1.75339
7054 1.75339
7055 1.75339
7056 1.75339
7057 1.75339
7058 1.75339
7059 1.75339
7060 1.75339
7061 1.75339
7062 1.75339
7063 1.75339
7064 1.75339
7065 1.75339
7066 1.75339
7067 1.75339
7068 1.75339
7069 1.75339
7070 1.75339
7071 1.75339
7072 1.75339
7073 1.75339
7074 1.75339
7075 1.75339
7076 1.75339
7077 1.75339
7078 1.75339
7079 1.75339
7080 1.75339
7081 1.75339
7082 1.75339
7083 1.75339
7084 1.75339
7085 1.75339
7086 1.75339
7087 1.75339
7088 1.75339
7089 1.75339
7090 1.75339
7091 1.75339
7092 1.75339
7093 1.75339
7094 1.75339
7095 1.75339
7096 1.75339
7097 1.75339
7098 1.75339
7099 1.75339
7100 1.75339
7101 4.38143
7102 4.38143
7103 4.38143
7104 4.38143
7105 4.38143
7106 4.38143
7107 4.38143
7108 4.38143
7109 4.38143
7110 4.38143
7111 4.38143
7112 4.38143
7113 4.38143
7114 4.38143
7115 4.38143
7116 4.38143
7117 4.38143
7118 4.38143
7119 4.38143
7120 4.38143
7121 4.38143
7122 4.38143
7123 4.38143
7124 4.38143
7125 4.38143
7126 4.38143
7127 4.38143
7128 4.38143
7129 4.38143
7130 4.38143
7131 4.38143
7132 4.38143
7133 4.38143
7134 4.38143
7135 4.38143
7136 4.38143
7137 4.38143
7138 4.38143
7139 4.38143
7140 4.38143
7141 4.38143
7142 4.38143
7143 4.38143
7144 4.38143
7145 4.38143
7146 4.38143
7147 4.38143
7148 4.38143
7149 4.38143
7150 4.38143
7151 1.58771
7152 1.58771
7153 1.58771
7154 1.58771
7155 1.58771
7156 1.58771
7157 1.58771
7158 1.58771
7159 1.58771
7160 1.58771
7161 1.58771
7162 1.58771
7163 1.58771
7164 1.58771
7165 1.58771
7166 1.58771
7167 1.58771
7168 1.58771
7169 1.58771
7170 1.58771
7171 1.58771
7172 1.58771
7173 1.58771
7174 1.58771
7175 1.58771
7176 1.58771
7177 1.58771
7178 1.58771
7179 1.58771
7180 1.58771
7181 1.58771
7182 1.58771
7183 1.58771
7184 1.58771
7185 1.58771
7186 1.58771
7187 1.58771
7188 1.58771
7189 1.58771
7190 1.58771
7191 1.58771
7192 1.58771
7193 1.58771
7194 1.58771
7195 1.58771
7196 1.58771
7197 1.58771
7198 1.58771
7199 1.58771
7200 1.58771
7201 4.12331
7202 4.12331
7203 4.12331
7204 4.12331
7205 4.12331
7206 4.12331
7207 4.12331
7208 4.12331
7209 4.12331
7210 4.12331
7211 4.12331
7212 4.12331
7213 4.12331
7214 4.12331
7215 4.12331
7216 4.12331
7217 4.12331
7218 4.12331
7219 4.12331
7220 4.12331
7221 4.12331
7222 4.12331
7223 4.12331
7224 4.12331
7225 4.12331
7226 4.12331
7227 4.12331
7228 4.12331
7229 4.12331
7230 4.12331
7231 4.12331
7232 4.12331
7233 4.12331
7234 4.12331
7235 4.12331
7236 4.12331
7237 4.12331
7238 4.12331
7239 4.12331
7240 4.12331
7241 4.12331
7242 4.12331
7243 4.12331
7244 4.12331
7245 4.12331
7246 4.12331
7247 4.12331
7248 4.12331
7249 4.12331
7250 4.12331
7251 2.63701
7252 2.63701
7253 2.63701
7254 2.63701
7255 2.63701
7256 2.63701
7257 2.63701
7258 2.63701
7259 2.63701
7260 2.63701
7261 2.63701
7262 2.63701
7263 2.63701
7264 2.63701
7265 2.63701
7266 2.63701
7267 2.63701
7268 2.63701
7269 2.63701
7270 2.63701
7271 2.63701
7272 2.63701
7273 2.63701
7274 2.63701
7275 2.63701
7276 2.63701
7277 2.63701
7278 2.63701
7279 2.63701
7280 2.63701
7281 2.63701
7282 2.63701
7283 2.63701
7284 2.63701
7285 2.63701
7286 2.63701
7287 2.63701
7288 2.63701
7289 2.63701
7290 2.63701
7291 2.63701
7292 2.63701
7293 2.63701
7294 2.63701
7295 2.63701
7296 2.63701
7297 2.63701
7298 2.63701
7299 2.63701
7300 2.63701
7301 4.10344
7302 4.10344
7303 4.10344
7304 4.10344
7305 4.10344
7306 4.10344
7307 4.10344
7308 4.10344
7309 4.10344
7310 4.10344
7311 4.10344
7312 4.10344
7313 4.10344
7314 4.10344
7315 4.10344
7316 4.10344
7317 4.10344
7318 4.10344
7319 4.10344
7320 4.10344
7321 4.10344
7322 4.10344
7323 4.10344
7324 4.10344
7325 4.10344
7326 4.10344
7327 4.10344
7328 4.10344
7329 4.10344
7330 4.10344
7331 4.10344
7332 4.10344
7333 4.10344
7334 4.10344
7335 4.10344
7336 4.10344
7337 4.10344
7338 4.10344
7339 4.10344
7340 4.10344
7341 4.10344
7342 4.10344
7343 4.10344
7344 4.10344
7345 4.10344
7346 4.10344
7347 4.10344
7348 4.10344
7349 4.10344
7350 4.10344
7351 1.33545
7352 1.33545
7353 1.33545
7354 1.33545
7355 1.33545
7356 1.33545
7357 1.33545
7358 1.33545
7359 1.33545
7360 1.33545
7361 1.33545
7362 1.33545
7363 1.33545
7364 1.33545
7365 1.33545
7366 1.33545
7367 1.33545
7368 1.33545
7369 1.33545
7370 1.33545
7371 1.33545
7372 1.33545
7373 1.33545
7374 1.33545
7375 1.33545
7376 1.33545
7377 1.33545
7378 1.33545
7379 1.33545
7380 1.33545
7381 1.33545
7382 1.33545
7383 1.33545
7384 1.33545
7385 1.33545
7386 1.33545
7387 1.33545
7388 1.33545
7389 1.33545
7390 1.33545
7391 1.33545
7392 1.33545
7393 1.33545
7394 1.33545
7395 1.33545
7396 1.33545
7397 1.33545
7398 1.33545
7399 1.33545
7400 1.33545
7401 4.9823
7402 4.9823
7403 4.9823
7404 4.9823
7405 4.9823
7406 4.9823
7407 4.9823
7408 4.9823
7409 4.9823
7410 4.9823
7411 4.9823
7412 4.9823
7413 4.9823
7414 4.9823
7415 4.9823
7416 4.9823
7417 4.9823
7418 4.9823
7419 4.9823
7420 4.9823
7421 4.9823
7422 4.9823
7423 4.9823
7424 4.9823
7425 4.9823
7426 4.9823
7427 4.9823
7428 4.9823
7429 4.9823
7430 4.9823
7431 4.9823
7432 4.9823
7433 4.9823
7434 4.9823
7435 4.9823
7436 4.9823
7437 4.9823
7438 4.9823
7439 4.9823
7440 4.9823
7441 4.9823
7442 4.9823
7443 4.9823
7444 4.9823
7445 4.9823
7446 4.9823
7447 4.9823
7448 4.9823
7449 4.9823
7450 4.9823
7451 5.22307
7452 5.22307
7453 5.22307
7454 5.22307
7455 5.22307
7456 5.22307
7457 5.22307
7458 5.22307
7459 5.22307
7460 5.22307
7461 5.22307
7462 5.22307
7463 5.22307
7464 5.22307
7465 5.22307
7466 5.22307
7467 5.22307
7468 5.22307
7469 5.22307
7470 5.22307
7471 5.22307
7472 5.22307
7473 5.22307
7474 5.22307
7475 5.22307
7476 5.22307
7477 5.22307
7478 5.22307
7479 5.22307
7480 5.22307
7481 5.22307
7482 5.22307
7483 5.22307
7484 5.22307
7485 5.22307
7486 5.22307
7487 5.22307
7488 5.22307
7489 5.22307
7490 5.22307
7491 5.22307
7492 5.22307
7493 5.22307
7494 5.22307
7495 5.22307
7496 5.22307
7497 5.22307
7498 5.22307
7499 5.22307
7500 5.22307
7501 1.16175
7502 1.16175
7503 1.16175
7504 1.16175
7505 1.16175
7506 1.16175
7507 1.16175
7508 1.16175
7509 1.16175
7510 1.16175
7511 1.16175
7512 1.16175
7513 1.16175
7514 1.16175
7515 1.16175
7516 1.16175
7517 1.16175
7518 1.16175
7519 1.16175
7520 1.16175
7521 1.16175
7522 1.16175
7523 1.16175
7524 1.16175
7525 1.16175
7526 1.16175
7527 1.16175
7528 1.16175
7529 1.16175
7530 1.16175
7531 1.16175
7532 1.16175
7533 1.16175
7534 1.16175
7535 1.16175
7536 1.16175
7537 1.16175
7538 1.16175
7539 1.16175
7540 1.16175
7541 1.16175
7542 1.16175
7543 1.16175
7544 1.16175
7545 1.16175
7546 1.16175
7547 1.16175
7548 1.16175
7549 1.16175
7550 1.16175
7551 3.24626
7552 3.24626
7553 3.24626
7554 3.24626
7555 3.24626
7556 3.24626
7557 3.24626
7558 3.24626
7559 3.24626
7560 3.24626
7561 3.24626
7562 3.24626
7563 3.24626
7564 3.24626
7565 3.24626
7566 3.24626
7567 3.24626
7568 3.24626
7569 3.24626
7570 3.24626
7571 3.24626
7572 3.24626
7573 3.24626
7574 3.24626
7575 3.24626
7576 3.24626
7577 3.24626
7578 3.24626
7579 3.24626
7580 3.24626
7581 3.24626
7582 3.24626
7583 3.24626
7584 3.24626
7585 3.24626
7586 3.24626
7587 3.24626
7588 3.24626
7589 3.24626
7590 3.24626
7591 3.24626
7592 3.24626
7593 3.24626
7594 3.24626
7595 3.24626
7596 3.24626
7597 3.24626
7598 3.24626
7599 3.24626
7600 3.24626
7601 2.82876
7602 2.82876
7603 2.82876
7604 2.82876
7605 2.82876
7606 2.82876
7607 2.82876
7608 2.82876
7609 2.82876
7610 2.82876
7611 2.82876
7612 2.82876
7613 2.82876
7614 2.82876
7615 2.82876
7616 2.82876
7617 2.82876
7618 2.82876
7619 2.82876
7620 2.82876
7621 2.82876
7622 2.82876
7623 2.82876
7624 2.82876
7625 2.82876
7626 2.82876
7627 2.82876
7628 2.82876
7629 2.82876
7630 2.82876
7631 2.82876
7632 2.82876
7633 2.82876
7634 2.82876
7635 2.82876
7636 2.82876
7637 2.82876
7638 2.82876
7639 2.82876
7640 2.82876
7641 2.82876
7642 2.82876
7643 2.82876
7644 2.82876
7645 2.82876
7646 2.82876
7647 2.82876
7648 2.82876
7649 2.82876
7650 2.82876
7651 0.811176
7652 0.811176
7653 0.811176
7654 0.811176
7655 0.811176
7656 0.811176
7657 0.811176
7658 0.811176
7659 0.811176
7660 0.811176
7661 0.811176
7662 0.811176
7663 0.811176
7664 0.811176
7665 0.811176
7666 0.811176
7667 0.811176
7668 0.811176
7669 0.811176
7670 0.811176
7671 0.811176
7672 0.811176
7673 0.811176
7674 0.811176
7675 0.811176
7676 0.811176
7677 0.811176
7678 0.811176
7679 0.811176
7680 0.811176
7681 0.811176
7682 0.811176
7683 0.811176
7684 0.811176
7685 0.811176
7686 0.811176
7687 0.811176
7688 0.811176
7689 0.811176
7690 0.811176
7691 0.811176
7692 0.811176
7693 0.811176
7694 0.811176
7695 0.811176
7696 0.811176
7697 0.811176
7698 0.811176
7699 0.811176
7700 0.811176
7701 2.90713
7702 2.90713
7703 2.90713
7704 2.90713
7705 2.90713
7706 2.90713
7707 2.90713
7708 2.90713
7709 2.90713
7710 2.90713
7711 2.90713
7712 2.90713
7713 2.90713
7714 2.90713
7715 2.90713
7716 2.90713
7717 2.90713
7718 2.90713
7719 2.90713
7720 2.90713
7721 2.90713
7722 2.90713
7723 2.90713
7724 2.90713
7725 2.90713
7726 2.90713
7727 2.90713
7728 2.90713
7729 2.90713
7730 2.90713
7731 2.90713
7732 2.90713
7733 2.90713
7734 2.90713
7735 2.90713
7736 2.90713
7737 2.90713
7738 2.90713
7739 2.90713
7740 2.90713
7741 2.90713
7742 2.90713
7743 2.90713
7744 2.90713
7745 2.90713
7746 2.90713
7747 2.90713
7748 2.90713
7749 2.90713
7750 2.90713
7751 6.04622
7752 6.04622
7753 6.04622
7754 6.04622
7755 6.04622
7756 6.04622
7757 6.04622
7758 6.04622
7759 6.04622
7760 6.04622
7761 6.04622
7762 6.04622
7763 6.04622
7764 6.04622
7765 6.04622
7766 6.04622
7767 6.04622
7768 6.04622
7769 6.04622
7770 6.04622
7771 6.04622
7772 6.04622
7773 6.04622
7774 6.04622
7775 6.04622
7776 6.04622
7777 6.04622
7778 6.04622
7779 6.04622
7780 6.04622
7781 6.04622
7782 6.04622
7783 6.04622
7784 6.04622
7785 6.04622
7786 6.04622
7787 6.04622
7788 6.04622
7789 6.04622
7790 6.04622
7791 6.04622
7792 6.04622
7793 6.04622
7794 6.04622
7795 6.04622
7796 6.04622
7797 6.04622
7798 6.04622
7799 6.04622
7800 6.04622
7801 5.95558
7802 5.95558
7803 5.95558
7804 5.95558
7805 5.95558
7806 5.95558
7807 5.95558
7808 5.95558
7809 5.95558
7810 5.95558
7811 5.95558
7812 5.95558
7813 5.95558
7814 5.95558
7815 5.95558
7816 5.95558
7817 5.95558
7818 5.95558
7819 5.95558
7820 5.95558
7821 5.95558
7822 5.95558
7823 5.95558
7824 5.95558
7825 5.95558
7826 5.95558
7827 5.95558
7828 5.95558
7829 5.95558
7830 5.95558
7831 5.95558
7832 5.95558
7833 5.95558
7834 5.95558
7835 5.95558
7836 5.95558
7837 5.95558
7838 5.95558
7839 5.95558
7840 5.95558
7841 5.95558
7842 5.95558
7843 5.95558
7844 5.95558
7845 5.95558
7846 5.95558
7847 5.95558
7848 5.95558
7849 5.95558
7850 5.95558
7851 4.25109
7852 4.25109
7853 4.25109
7854 4.25109
7855 4.25109
7856 4.25109
7857 4.25109
7858 4.25109
7859 4.25109
7860 4.25109
7861 4.25109
7862 4.25109
7863 4.25109
7864 4.25109
7865 4.25109
7866 4.25109
7867 4.25109
7868 4.25109
7869 4.25109
7870 4.25109
7871 4.25109
7872 4.25109
7873 4.25109
7874 4.25109
7875 4.25109
7876 4.25109
7877 4.25109
7878 4.25109
7879 4.25109
7880 4.25109
7881 4.25109
7882 4.25109
7883 4.25109
7884 4.25109
7885 4.25109
7886 4.25109
7887 4.25109
7888 4.25109
7889 4.25109
7890 4.25109
7891 4.25109
7892 4.25109
7893 4.25109
7894 4.25109
7895 4.25109
7896 4.25109
7897 4.25109
7898 4.25109
7899 4.25109
7900 4.25109
7901 2.58647
7902 2.58647
7903 2.58647
7904 2.58647
7905 2.58647
7906 2.58647
7907 2.58647
7908 2.58647
7909 2.58647
7910 2.58647
7911 2.58647
7912 2.58647
7913 2.58647
7914 2.58647
7915 2.58647
7916 2.58647
7917 2.58647
7918 2.58647
7919 2.58647
7920 2.58647
7921 2.58647
7922 2.58647
7923 2.58647
7924 2.58647
7925 2.58647
7926 2.58647
7927 2.58647
7928 2.58647
7929 2.58647
7930 2.58647
7931 2.58647
7932 2.58647
7933 2.58647
7934 2.58647
7935 2.58647
7936 2.58647
7937 2.58647
7938 2.58647
7939 2.58647
7940 2.58647
7941 2.58647
7942 2.58647
7943 2.58647
7944 2.58647
7945 2.58647
7946 2.58647
7947 2.58647
7948 2.58647
7949 2.58647
7950 2.58647
7951 1.11659
7952 1.11659
7953 1.11659
7954 1.11659
7955 1.11659
7956 1.11659
7957 1.11659
7958 1.11659
7959 1.11659
7960 1.11659
7961 1.11659
7962 1.11659
7963 1.11659
7964 1.11659
7965 1.11659
7966 1.11659
7967 1.11659
7968 1.11659
7969 1.11659
7970 1.11659
7971 1.11659
7972 1.11659
7973 1.11659
7974 1.11659
7975 1.11659
7976 1.11659
7977 1.11659
7978 1.11659
7979 1.11659
7980 1.11659
7981 1.11659
7982 1.11659
7983 1.11659
7984 1.11659
7985 1.11659
7986 1.11659
7987 1.11659
7988 1.11659
7989 1.11659
7990 1.11659
7991 1.11659
7992 1.11659
7993 1.11659
7994 1.11659
7995 1.11659
7996 1.11659
7997 1.11659
7998 1.11659
7999 1.11659
8000 1.11659
8001 5.94888
8002 5.94888
8003 5.94888
8004 5.94888
8005 5.94888
8006 5.94888
8007 5.94888
8008 5.94888
8009 5.94888
8010 5.94888
8011 5.94888
8012 5.94888
8013 5.94888
8014 5.94888
8015 5.94888
8016 5.94888
8017 5.94888
8018 5.94888
8019 5.94888
8020 5.94888
8021 5.94888
8022 5.94888
8023 5.94888
8024 5.94888
8025 5.94888
8026 5.94888
8027 5.94888
8028 5.94888
8029 5.94888
8030 5.94888
8031 5.94888
8032 5.94888
8033 5.94888
8034 5.94888
8035 5.94888
8036 5.94888
8037 5.94888
8038 5.94888
8039 5.94888
8040 5.94888
8041 5.94888
8042 5.94888
8043 5.94888
8044 5.94888
8045 5.94888
8046 5.94888
8047 5.94888
8048 5.94888
8049 5.94888
8050 5.94888
8051 0.31393
8052 0.31393
8053 0.31393
8054 0.31393
8055 0.31393
8056 0.31393
8057 0.31393
8058 0.31393
8059 0.31393
8060 0.31393
8061 0.31393
8062 0.31393
8063 0.31393
8064 0.31393
8065 0.31393
8066 0.31393
8067 0.31393
8068 0.31393
8069 0.31393
8070 0.31393
8071 0.31393
8072 0.31393
8073 0.31393
8074 0.31393
8075 0.31393
8076 0.31393
8077 0.31393
8078 0.31393
8079 0.31393
8080 0.31393
8081 0.31393
8082 0.31393
8083 0.31393
8084 0.31393
8085 0.31393
8086 0.31393
8087 0.31393
8088 0.31393
8089 0.31393
8090 0.31393
8091 0.31393
8092 0.31393
8093 0.31393
8094 0.31393
8095 0.31393
8096 0.31393
8097 0.31393
8098 0.31393
8099 0.31393
8100 0.31393
8101 0.0115358
8102 0.0115358
8103 0.0115358
8104 0.0115358
8105 0.0115358
8106 0.0115358
8107 0.0115358
8108 0.0115358
8109 0.0115358
8110 0.0115358
8111 0.0115358
8112 0.0115358
8113 0.0115358
8114 0.0115358
8115 0.0115358
8116 0.0115358
8117 0.0115358
8118 0.0115358
8119 0.0115358
8120 0.0115358
8121 0.0115358
8122 0.0115358
8123 0.0115358
8124 0.0115358
8125 0.0115358
8126 0.0115358
8127 0.0115358
8128 0.0115358
8129 0.0115358
8130 0.0115358
8131 0.0115358
8132 0.0115358
8133 0.0115358
8134 0.0115358
8135 0.0115358
8136 0.0115358
8137 0.0115358
8138 0.0115358
8139 0.0115358
8140 0.0115358
8141 0.0115358
8142 0.0115358
8143 0.0115358
8144 0.0115358
8145 0.0115358
8146 0.0115358
8147 0.0115358
8148 0.0115358
8149 0.0115358
8150 0.0115358
8151 4.8963
8152 4.8963
8153 4.8963
8154 4.8963
8155 4.8963
8156 4.8963
8157 4.8963
8158 4.8963
8159 4.8963
8160 4.8963
8161 4.8963
8162 4.8963
8163 4.8963
8164 4.8963
8165 4.8963
8166 4.8963
8167 4.8963
8168 4.8963
8169 4.8963
8170 4.8963
8171 4.8963
8172 4.8963
8173 4.8963
8174 4.8963
8175 4.8963
8176 4.8963
8177 4.8963
8178 4.8963
8179 4.8963
8180 4.8963
8181 4.8963
8182 4.8963
8183 4.8963
8184 4.8963
8185 4.8963
8186 4.8963
8187 4.8963
8188 4.8963
8189 4.8963
8190 4.8963
8191 4.8963
8192 4.8963
8193 4.8963
8194 4.8963
8195 4.8963
8196 4.8963
8197 4.8963
8198 4.8963
8199 4.8963
8200 4.8963
8201 4.57815
8202 4.57815
8203 4.57815
8204 4.57815
8205 4.57815
8206 4.57815
8207 4.57815
8208 4.57815
8209 4.57815
8210 4.57815
8211 4.57815
8212 4.57815
8213 4.57815
8214 4.57815
8215 4.57815
8216 4.57815
8217 4.57815
8218 4.57815
8219 4.57815
8220 4.57815
8221 4.57815
8222 4.57815
8223 4.57815
8224 4.57815
8225 4.57815
8226 4.57815
8227 4.57815
8228 4.57815
8229 4.57815
8230 4.57815
8231 4.57815
8232 4.57815
8233 4.57815
8234 4.57815
8235 4.57815
8236 4.57815
8237 4.57815
8238 4.57815
8239 4.57815
8240 4.57815
8241 4.57815
8242 4.57815
8243 4.57815
8244 4.57815
8245 4.57815
8246 4.57815
8247 4.57815
8248 4.57815
8249 4.57815
8250 4.57815
8251 2.61938
8252 2.61938
8253 2.61938
8254 2.61938
8255 2.61938
8256 2.61938
8257 2.61938
8258 2.61938
8259 2.61938
8260 2.61938
8261 2.61938
8262 2.61938
8263 2.61938
8264 2.61938
8265 2.61938
8266 2.61938
8267 2.61938
8268 2.61938
8269 2.61938
8270 2.61938
8271 2.61938
8272 2.61938
8273 2.61938
8274 2.61938
8275 2.61938
8276 2.61938
8277 2.61938
8278 2.61938
8279 2.61938
8280 2.61938
8281 2.61938
8282 2.61938
8283 2.61938
8284 2.61938
8285 2.61938
8286 2.61938
8287 2.61938
8288 2.61938
8289 2.61938
8290 2.61938
8291 2.61938
8292 2.61938
8293 2.61938
8294 2.61938
8295 2.61938
8296 2.61938
8297 2.61938
8298 2.61938
8299 2.61938
8300 2.61938
8301 5.12596
8302 5.12596
8303 5.12596
8304 5.12596
8305 5.12596
8306 5.12596
8307 5.12596
8308 5.12596
8309 5.12596
8310 5.12596
8311 5.12596
8312 5.12596
8313 5.12596
8314 5.12596
8315 5.12596
8316 5.12596
8317 5.12596
8318 5.12596
8319 5.12596
8320 5.12596
8321 5.12596
8322 5.12596
8323 5.12596
8324 5.12596
8325 5.12596
8326 5.12596
8327 5.12596
8328 5.12596
8329 5.12596
8330 5.12596
8331 5.12596
8332 5.12596
8333 5.12596
8334 5.12596
8335 5.12596
8336 5.12596
8337 5.12596
8338 5.12596
8339 5.12596
8340 5.12596
8341 5.12596
8342 5.12596
8343 5.12596
8344 5.12596
8345 5.12596
8346 5.12596
8347 5.12596
8348 5.12596
8349 5.12596
8350 5.12596
8351 1.97821
8352 1.97821
8353 1.97821
8354 1.97821
8355 1.97821
8356 1.97821
8357 1.97821
8358 1.97821
8359 1.97821
8360 1.97821
8361 1.97821
8362 1.97821
8363 1.97821
8364 1.97821
8365 1.97821
8366 1.97821
8367 1.97821
8368 1.97821
8369 1.97821
8370 1.97821
8371 1.97821
8372 1.97821
8373 1.97821
8374 1.97821
8375 1.97821
8376 1.97821
8377 1.97821
8378 1.97821
8379 1.97821
8380 1.97821
8381 1.97821
8382 1.97821
8383 1.97821
8384 1.97821
8385 1.97821
8386 1.97821
8387 1.97821
8388 1.97821
8389 1.97821
8390 1.97821
8391 1.97821
8392 1.97821
8393 1.97821
8394 1.97821
8395 1.97821
8396 1.97821
8397 1.97821
8398 1.97821
8399 1.97821
8400 1.97821
8401 1.90095
8402 1.90095
8403 1.90095
8404 1.90095
8405 1.90095
8406 1.90095
8407 1.90095
8408 1.90095
8409 1.90095
8410 1.90095
8411 1.90095
8412 1.90095
8413 1.90095
8414 1.90095
8415 1.90095
8416 1.90095
8417 1.90095
8418 1.90095
8419 1.90095
8420 1.90095
8421 1.90095
8422 1.90095
8423 1.90095
8424 1.90095
8425 1.90095
8426 1.90095
8427 1.90095
8428 1.90095
8429 1.90095
8430 1.90095
8431 1.90095
8432 1.90095
8433 1.90095
8434 1.90095
8435 1.90095
8436 1.90095
8437 1.90095
8438 1.90095
8439 1.90095
8440 1.90095
8441 1.90095
8442 1.90095
8443 1.90095
8444 1.90095
8445 1.90095
8446 1.90095
8447 1.90095
8448 1.90095
8449 1.90095
8450 1.90095
8451 2.86859
8452 2.86859
8453 2.86859
8454 2.86859
8455 2.86859
8456 2.86859
8457 2.86859
8458 2.86859
8459 2.86859
8460 2.86859
8461 2.86859
8462 2.86859
8463 2.86859
8464 2.86859
8465 2.86859
8466 2.86859
8467 2.86859
8468 2.86859
8469 2.86859
8470 2.86859
8471 2.86859
8472 2.86859
8473 2.86859
8474 2.86859
8475 2.86859
8476 2.86859
8477 2.86859
8478 2.86859
8479 2.86859
8480 2.86859
8481 2.86859
8482 2.86859
8483 2.86859
8484 2.86859
8485 2.86859
8486 2.86859
8487 2.86859
8488 2.86859
8489 2.86859
8490 2.86859
8491 2.86859
8492 2.86859
8493 2.86859
8494 2.86859
8495 2.86859
8496 2.86859
8497 2.86859
8498 2.86859
8499 2.86859
8500 2.86859
8501 6.18623
8502 6.18623
8503 6.18623
8504 6.18623
8505 6.18623
8506 6.18623
8507 6.18623
8508 6.18623
8509 6.18623
8510 6.18623
8511 6.18623
8512 6.18623
8513 6.18623
8514 6.18623
8515 6.18623
8516 6.18623
8517 6.18623
8518 6.18623
8519 6.18623
8520 6.18623
8521 6.18623
8522 6.18623
8523 6.18623
8524 6.18623
8525 6.18623
8526 6.18623
8527 6.18623
8528 6.18623
8529 6.18623
8530 6.18623
8531 6.18623
8532 6.18623
8533 6.18623
8534 6.18623
8535 6.18623
8536 6.18623
8537 6.18623
8538 6.18623
8539 6.18623
8540 6.18623
8541 6.18623
8542 6.18623
8543 6.18623
8544 6.18623
8545 6.18623
8546 6.18623
8547 6.18623
8548 6.18623
8549 6.18623
8550 6.18623
8551 3.22498
8552 3.22498
8553 3.22498
8554 3.22498
8555 3.22498
8556 3.22498
8557 3.22498
8558 3.22498
8559 3.22498
8560 3.22498
8561 3.22498
8562 3.22498
8563 3.22498
8564 3.22498
8565 3.22498
8566 3.22498
8567 3.22498
8568 3.22498
8569 3.22498
8570 3.22498
8571 3.22498
8572 3.22498
8573 3.22498
8574 3.22498
8575 3.22498
8576 3.22498
8577 3.22498
8578 3.22498
8579 3.22498
8580 3.22498
8581 3.22498
8582 3.22498
8583 3.22498
8584 3.22498
8585 3.22498
8586 3.22498
8587 3.22498
8588 3.22498
8589 3.22498
8590 3.22498
8591 3.22498
8592 3.22498
8593 3.22498
8594 3.22498
8595 3.22498
8596 3.22498
8597 3.22498
8598 3.22498
8599 3.22498
8600 3.22498
8601 2.96901
8602 2.96901
8603 2.96901
8604 2.96901
8605 2.96901
8606 2.96901
8607 2.96901
8608 2.96901
8609 2.96901
8610 2.96901
8611 2.96901
8612 2.96901
8613 2.96901
8614 2.96901
8615 2.96901
8616 2.96901
8617 2.96901
8618 2.96901
8619 2.96901
8620 2.96901
8621 2.96901
8622 2.96901
8623 2.96901
8624 2.96901
8625 2.96901
8626 2.96901
8627 2.96901
8628 2.96901
8629 2.96901
8630 2.96901
8631 2.96901
8632 2.96901
8633 2.96901
8634 2.96901
8635 2.96901
8636 2.96901
8637 2.96901
8638 2.96901
8639 2.96901
8640 2.96901
8641 2.96901
8642 2.96901
8643 2.96901
8644 2.96901
8645 2.96901
8646 2.96901
8647 2.96901
8648 2.96901
8649 2.96901
8650 2.96901
8651 3.78556
8652 3.78556
8653 3.78556
8654 3.78556
8655 3.78556
8656 3.78556
8657 3.78556
8658 3.78556
8659 3.78556
8660 3.78556
8661 3.78556
8662 3.78556
8663 3.78556
8664 3.78556
8665 3.78556
8666 3.78556
8667 3.78556
8668 3.78556
8669 3.78556
8670 3.78556
8671 3.78556
8672 3.78556
8673 3.78556
8674 3.78556
8675 3.78556
8676 3.78556
8677 3.78556
8678 3.78556
8679 3.78556
8680 3.78556
8681 3.78556
8682 3.78556
8683 3.78556
8684 3.78556
8685 3.78556
8686 3.78556
8687 3.78556
8688 3.78556
8689 3.78556
8690 3.78556
8691 3.78556
8692 3.78556
8693 3.78556
8694 3.78556
8695 3.78556
8696 3.78556
8697 3.78556
8698 3.78556
8699 3.78556
8700 3.78556
8701 3.27512
8702 3.27512
8703 3.27512
8704 3.27512
8705 3.27512
8706 3.27512
8707 3.27512
8708 3.27512
8709 3.27512
8710 3.27512
8711 3.27512
8712 3.27512
8713 3.27512
8714 3.27512
8715 3.27512
8716 3.27512
8717 3.27512
8718 3.27512
8719 3.27512
8720 3.27512
8721 3.27512
8722 3.27512
8723 3.27512
8724 3.27512
8725 3.27512
8726 3.27512
8727 3.27512
8728 3.27512
8729 3.27512
8730 3.27512
8731 3.27512
8732 3.27512
8733 3.27512
8734 3.27512
8735 3.27512
8736 3.27512
8737 3.27512
8738 3.27512
8739 3.27512
8740 3.27512
8741 3.27512
8742 3.27512
8743 3.27512
8744 3.27512
8745 3.27512
8746 3.27512
8747 3.27512
8748 3.27512
8749 3.27512
8750 3.27512
8751 5.14696
8752 5.14696
8753 5.14696
8754 5.14696
8755 5.14696
8756 5.14696
8757 5.14696
8758 5.14696
8759 5.14696
8760 5.14696
8761 5.14696
8762 5.14696
8763 5.14696
8764 5.14696
8765 5.14696
8766 5.14696
8767 5.14696
8768 5.14696
8769 5.14696
8770 5.14696
8771 5.14696
8772 5.14696
8773 5.14696
8774 5.14696
8775 5.14696
8776 5.14696
8777 5.14696
8778 5.14696
8779 5.14696
8780 5.14696
8781 5.14696
8782 5.14696
8783 5.14696
8784 5.14696
8785 5.14696
8786 5.14696
8787 5.14696
8788 5.14696
8789 5.14696
8790 5.14696
8791 5.14696
8792 5.14696
8793 5.14696
8794 5.14696
8795 5.14696
8796 5.14696
8797 5.14696
8798 5.14696
8799 5.14696
8800 5.14696
8801 2.16821
8802 2.16821
8803 2.16821
8804 2.16821
8805 2.16821
8806 2.16821
8807 2.16821
8808 2.16821
8809 2.16821
8810 2.16821
8811 2.16821
8812 2.16821
8813 2.16821
8814 2.16821
8815 2.16821
8816 2.16821
8817 2.16821
8818 2.16821
8819 2.16821
8820 2.16821
8821 2.16821
8822 2.16821
8823 2.16821
8824 2.16821
8825 2.16821
8826 2.16821
8827 2.16821
8828 2.16821
8829 2.16821
8830 2.16821
8831 2.16821
8832 2.16821
8833 2.16821
8834 2.16821
8835 2.16821
8836 2.16821
8837 2.16821
8838 2.16821
8839 2.16821
8840 2.16821
8841 2.16821
8842 2.16821
8843 2.16821
8844 2.16821
8845 2.16821
8846 2.16821
8847 2.16821
8848 2.16821
8849 2.16821
8850 2.16821
8851 3.00462
8852 3.00462
8853 3.00462
8854 3.00462
8855 3.00462
8856 3.00462
8857 3.00462
8858 3.00462
8859 3.00462
8860 3.00462
8861 3.00462
8862 3.00462
8863 3.00462
8864 3.00462
8865 3.00462
8866 3.00462
8867 3.00462
8868 3.00462
8869 3.00462
8870 3.00462
8871 3.00462
8872 3.00462
8873 3.00462
8874 3.00462
8875 3.00462
8876 3.00462
8877 3.00462
8878 3.00462
8879 3.00462
8880 3.00462
8881 3.00462
8882 3.00462
8883 3.00462
8884 3.00462
8885 3.00462
8886 3.00462
8887 3.00462
8888 3.00462
8889 3.00462
8890 3.00462
8891 3.00462
8892 3.00462
8893 3.00462
8894 3.00462
8895 3.00462
8896 3.00462
8897 3.00462
8898 3.00462
8899 3.00462
8900 3.00462
8901 3.20583
8902 3.20583
8903 3.20583
8904 3.20583
8905 3.20583
8906 3.20583
8907 3.20583
8908 3.20583
8909 3.20583
8910 3.20583
8911 3.20583
8912 3.20583
8913 3.20583
8914 3.20583
8915 3.20583
8916 3.20583
8917 3.20583
8918 3.20583
8919 3.20583
8920 3.20583
8921 3.20583
8922 3.20583
8923 3.20583
8924 3.20583
8925 3.20583
8926 3.20583
8927 3.20583
8928 3.20583
8929 3.20583
8930 3.20583
8931 3.20583
8932 3.20583
8933 3.20583
8934 3.20583
8935 3.20583
8936 3.20583
8937 3.20583
8938 3.20583
8939 3.20583
8940 3.20583
8941 3.20583
8942 3.20583
8943 3.20583
8944 3.20583
8945 3.20583
8946 3.20583
8947 3.20583
8948 3.20583
8949 3.20583
8950 3.20583
8951 3.68085
8952 3.68085
8953 3.68085
8954 3.68085
8955 3.68085
8956 3.68085
8957 3.68085
8958 3.68085
8959 3.68085
8960 3.68085
8961 3.68085
8962 3.68085
8963 3.68085
8964 3.68085
8965 3.68085
8966 3.68085
8967 3.68085
8968 3.68085
8969 3.68085
8970 3.68085
8971 3.68085
8972 3.68085
8973 3.68085
8974 3.68085
8975 3.68085
8976 3.68085
8977 3.68085
8978 3.68085
8979 3.68085
8980 3.68085
8981 3.68085
8982 3.68085
8983 3.68085
8984 3.68085
8985 3.68085
8986 3.68085
8987 3.68085
8988 3.68085
8989 3.68085
8990 3.68085
8991 3.68085
8992 3.68085
8993 3.68085
8994 3.68085
8995 3.68085
8996 3.68085
8997 3.68085
8998 3.68085
8999 3.68085
9000 3.68085
9001 1.70357
9002 1.70357
9003 1.70357
9004 1.70357
9005 1.70357
9006 1.70357
9007 1.70357
9008 1.70357
9009 1.70357
9010 1.70357
9011 1.70357
9012 1.70357
9013 1.70357
9014 1.70357
9015 1.70357
9016 1.70357
9017 1.70357
9018 1.70357
9019 1.70357
9020 1.70357
9021 1.70357
9022 1.70357
9023 1.70357
9024 1.70357
9025 1.70357
9026 1.70357
9027 1.70357
9028 1.70357
9029 1.70357
9030 1.70357
9031 1.70357
9032 1.70357
9033 1.70357
9034 1.70357
9035 1.70357
9036 1.70357
9037 1.70357
9038 1.70357
9039 1.70357
9040 1.70357
9041 1.70357
9042 1.70357
9043 1.70357
9044 1.70357
9045 1.70357
9046 1.70357
9047 1.70357
9048 1.70357
9049 1.70357
9050 1.70357
9051 3.81724
9052 3.81724
9053 3.81724
9054 3.81724
9055 3.81724
9056 3.81724
9057 3.81724
9058 3.81724
9059 3.81724
9060 3.81724
9061 3.81724
9062 3.81724
9063 3.81724
9064 3.81724
9065 3.81724
9066 3.81724
9067 3.81724
9068 3.81724
9069 3.81724
9070 3.81724
9071 3.81724
9072 3.81724
9073 3.81724
9074 3.81724
9075 3.81724
9076 3.81724
9077 3.81724
9078 3.81724
9079 3.81724
9080 3.81724
9081 3.81724
9082 3.81724
9083 3.81724
9084 3.81724
9085 3.81724
9086 3.81724
9087 3.81724
9088 3.81724
9089 3.81724
9090 3.81724
9091 3.81724
9092 3.81724
9093 3.81724
9094 3.81724
9095 3.81724
9096 3.81724
9097 3.81724
9098 3.81724
9099 3.81724
9100 3.81724
9101 1.23209
9102 1.23209
9103 1.23209
9104 1.23209
9105 1.23209
9106 1.23209
9107 1.23209
9108 1.23209
9109 1.23209
9110 1.23209
9111 1.23209
9112 1.23209
9113 1.23209
9114 1.23209
9115 1.23209
9116 1.23209
9117 1.23209
9118 1.23209
9119 1.23209
9120 1.23209
9121 1.23209
9122 1.23209
9123 1.23209
9124 1.23209
9125 1.23209
9126 1.23209
9127 1.23209
9128 1.23209
9129 1.23209
9130 1.23209
9131 1.23209
9132 1.23209
9133 1.23209
9134 1.23209
9135 1.23209
9136 1.23209
9137 1.23209
9138 1.23209
9139 1.23209
9140 1.23209
9141 1.23209
9142 1.23209
9143 1.23209
9144 1.23209
9145 1.23209
9146 1.23209
9147 1.23209
9148 1.23209
9149 1.23209
9150 1.23209
9151 2.55619
9152 2.55619
9153 2.55619
9154 2.55619
9155 2.55619
9156 2.55619
9157 2.55619
9158 2.55619
9159 2.55619
9160 2.55619
9161 2.55619
9162 2.55619
9163 2.55619
9164 2.55619
9165 2.55619
9166 2.55619
9167 2.55619
9168 2.55619
9169 2.55619
9170 2.55619
9171 2.55619
9172 2.55619
9173 2.55619
9174 2.55619
9175 2.55619
9176 2.55619
9177 2.55619
9178 2.55619
9179 2.55619
9180 2.55619
9181 2.55619
9182 2.55619
9183 2.55619
9184 2.55619
9185 2.55619
9186 2.55619
9187 2.55619
9188 2.55619
9189 2.55619
9190 2.55619
9191 2.55619
9192 2.55619
9193 2.55619
9194 2.55619
9195 2.55619
9196 2.55619
9197 2.55619
9198 2.55619
9199 2.55619
9200 2.55619
9201 4.12862
9202 4.12862
9203 4.12862
9204 4.12862
9205 4.12862
9206 4.12862
9207 4.12862
9208 4.12862
9209 4.12862
9210 4.12862
9211 4.12862
9212 4.12862
9213 4.12862
9214 4.12862
9215 4.12862
9216 4.12862
9217 4.12862
9218 4.12862
9219 4.12862
9220 4.12862
9221 4.12862
9222 4.12862
9223 4.12862
9224 4.12862
9225 4.12862
9226 4.12862
9227 4.12862
9228 4.12862
9229 4.12862
9230 4.12862
9231 4.12862
9232 4.12862
9233 4.12862
9234 4.12862
9235 4.12862
9236 4.12862
9237 4.12862
9238 4.12862
9239 4.12862
9240 4.12862
9241 4.12862
9242 4.12862
9243 4.12862
9244 4.12862
9245 4.12862
9246 4.12862
9247 4.12862
9248 4.12862
9249 4.12862
9250 4.12862
9251 4.6391
9252 4.6391
9253 4.6391
9254 4.6391
9255 4.6391
9256 4.6391
9257 4.6391
9258 4.6391
9259 4.6391
9260 4.6391
9261 4.6391
9262 4.6391
9263 4.6391
9264 4.6391
9265 4.6391
9266 4.6391
9267 4.6391
9268 4.6391
9269 4.6391
9270 4.6391
9271 4.6391
9272 4.6391
9273 4.6391
9274 4.6391
9275 4.6391
9276 4.6391
9277 4.6391
9278 4.6391
9279 4.6391
9280 4.6391
9281 4.6391
9282 4.6391
9283 4.6391
9284 4.6391
9285 4.6391
9286 4.6391
9287 4.6391
9288 4.6391
9289 4.6391
9290 4.6391
9291 4.6391
9292 4.6391
9293 4.6391
9294 4.6391
9295 4.6391
9296 4.6391
9297 4.6391
9298 4.6391
9299 4.6391
9300 4.6391
9301 5.69138
9302 5.69138
9303 5.69138
9304 5.69138
9305 5.69138
9306 5.69138
9307 5.69138
9308 5.69138
9309 5.69138
9310 5.69138
9311 5.69138
9312 5.69138
9313 5.69138
9314 5.69138
9315 5.69138
9316 5.69138
9317 5.69138
9318 5.69138
9319 5.69138
9320 5.69138
9321 5.69138
9322 5.69138
9323 5.69138
9324 5.69138
9325 5.69138
9326 5.69138
9327 5.69138
9328 5.69138
9329 5.69138
9330 5.69138
9331 5.69138
9332 5.69138
9333 5.69138
9334 5.69138
9335 5.69138
9336 5.69138
9337 5.69138
9338 5.69138
9339 5.69138
9340 5.69138
9341 5.69138
9342 5.69138
9343 5.69138
9344 5.69138
9345 5.69138
9346 5.69138
9347 5.69138
9348 5.69138
9349 5.69138
9350 5.69138
9351 1.5961
9352 1.5961
9353 1.5961
9354 1.5961
9355 1.5961
9356 1.5961
9357 1.5961
9358 1.5961
9359 1.5961
9360 1.5961
9361 1.5961
9362 1.5961
9363 1.5961
9364 1.5961
9365 1.5961
9366 1.5961
9367 1.5961
9368 1.5961
9369 1.5961
9370 1.5961
9371 1.5961
9372 1.5961
9373 1.5961
9374 1.5961
9375 1.5961
9376 1.5961
9377 1.5961
9378 1.5961
9379 1.5961
9380 1.5961
9381 1.5961
9382 1.5961
9383 1.5961
9384 1.5961
9385 1.5961
9386 1.5961
9387 1.5961
9388 1.5961
9389 1.5961
9390 1.5961
9391 1.5961
9392 1.5961
9393 1.5961
9394 1.5961
9395 1.5961
9396 1.5961
9397 1.5961
9398 1.5961
9399 1.5961
9400 1.5961
9401 3.12586
9402 3.12586
9403 3.12586
9404 3.12586
9405 3.12586
9406 3.12586
9407 3.12586
9408 3.12586
9409 3.12586
9410 3.12586
9411 3.12586
9412 3.12586
9413 3.12586
9414 3.12586
9415 3.12586
9416 3.12586
9417 3.12586
9418 3.12586
9419 3.12586
9420 3.12586
9421 3.12586
9422 3.12586
9423 3.12586
9424 3.12586
9425 3.12586
9426 3.12586
9427 3.12586
9428 3.12586
9429 3.12586
9430 3.12586
9431 3.12586
9432 3.12586
9433 3.12586
9434 3.12586
9435 3.12586
9436 3.12586
9437 3.12586
9438 3.12586
9439 3.12586
9440 3.12586
9441 3.12586
9442 3.12586
9443 3.12586
9444 3.12586
9445 3.12586
9446 3.12586
9447 3.12586
9448 3.12586
9449 3.12586
9450 3.12586
9451 2.03721
9452 2.03721
9453 2.03721
9454 2.03721
9455 2.03721
9456 2.03721
9457 2.03721
9458 2.03721
9459 2.03721
9460 2.03721
9461 2.03721
9462 2.03721
9463 2.03721
9464 2.03721
9465 2.03721
9466 2.03721
9467 2.03721
9468 2.03721
9469 2.03721
9470 2.03721
9471 2.03721
9472 2.03721
9473 2.03721
9474 2.03721
9475 2.03721
9476 2.03721
9477 2.03721
9478 2.03721
9479 2.03721
9480 2.03721
9481 2.03721
9482 2.03721
9483 2.03721
9484 2.03721
9485 2.03721
9486 2.03721
9487 2.03721
9488 2.03721
9489 2.03721
9490 2.03721
9491 2.03721
9492 2.03721
9493 2.03721
9494 2.03721
9495 2.03721
9496 2.03721
9497 2.03721
9498 2.03721
9499 2.03721
9500 2.03721
9501 3.36141
9502 3.36141
9503 3.36141
9504 3.36141
9505 3.36141
9506 3.36141
9507 3.36141
9508 3.36141
9509 3.36141
9510 3.36141
9511 3.36141
9512 3.36141
9513 3.36141
9514 3.36141
9515 3.36141
9516 3.36141
9517 3.36141
9518 3.36141
9519 3.36141
9520 3.36141
9521 3.36141
9522 3.36141
9523 3.36141
9524 3.36141
9525 3.36141
9526 3.36141
9527 3.36141
9528 3.36141
9529 3.36141
9530 3.36141
9531 3.36141
9532 3.36141
9533 3.36141
9534 3.36141
9535 3.36141
9536 3.36141
9537 3.36141
9538 3.36141
9539 3.36141
9540 3.36141
9541 3.36141
9542 3.36141
9543 3.36141
9544 3.36141
9545 3.36141
9546 3.36141
9547 3.36141
9548 3.36141
9549 3.36141
9550 3.36141
9551 0.278528
9552 0.278528
9553 0.278528
9554 0.278528
9555 0.278528
9556 0.278528
9557 0.278528
9558 0.278528
9559 0.278528
9560 0.278528
9561 0.278528
9562 0.278528
9563 0.278528
9564 0.278528
9565 0.278528
9566 0.278528
9567 0.278528
9568 0.278528
9569 0.278528
9570 0.278528
9571 0.278528
9572 0.278528
9573 0.278528
9574 0.278528
9575 0.278528
9576 0.278528
9577 0.278528
9578 0.278528
9579 0.278528
9580 0.278528
9581 0.278528
9582 0.278528
9583 0.278528
9584 0.278528
9585 0.278528
9586 0.278528
9587 0.278528
9588 0.278528
9589 0.278528
9590 0.278528
9591 0.278528
9592 0.278528
9593 0.278528
9594 0.278528
9595 0.278528
9596 0.278528
9597 0.278528
9598 0.278528
9599 0.278528
9600 0.278528
9601 4.7702
9602 4.7702
9603 4.7702
9604 4.7702
9605 4.7702
9606 4.7702
9607 4.7702
9608 4.7702
9609 4.7702
9610 4.7702
9611 4.7702
9612 4.7702
9613 4.7702
9614 4.7702
9615 4.7702
9616 4.7702
9617 4.7702
9618 4.7702
9619 4.7702
9620 4.7702
9621 4.7702
9622 4.7702
9623 4.7702
9624 4.7702
9625 4.7702
9626 4.7702
9627 4.7702
9628 4.7702
9629 4.7702
9630 4.7702
9631 4.7702
9632 4.7702
9633 4.7702
9634 4.7702
9635 4.7702
9636 4.7702
9637 4.7702
9638 4.7702
9639 4.7702
9640 4.7702
9641 4.7702
9642 4.7702
9643 4.7702
9644 4.7702
9645 4.7702
9646 4.7702
9647 4.7702
9648 4.7702
9649 4.7702
9650 4.7702
9651 5.57214
9652 5.57214
9653 5.57214
9654 5.57214
9655 5.57214
9656 5.57214
9657 5.57214
9658 5.57214
9659 5.57214
9660 5.57214
9661 5.57214
9662 5.57214
9663 5.57214
9664 5.57214
9665 5.57214
9666 5.57214
9667 5.57214
9668 5.57214
9669 5.57214
9670 5.57214
9671 5.57214
9672 5.57214
9673 5.57214
9674 5.57214
9675 5.57214
9676 5.57214
9677 5.57214
9678 5.57214
9679 5.57214
9680 5.57214
9681 5.57214
9682 5.57214
9683 5.57214
9684 5.57214
9685 5.57214
9686 5.57214
9687 5.57214
9688 5.57214
9689 5.57214
9690 5.57214
9691 5.57214
9692 5.57214
9693 5.57214
9694 5.57214
9695 5.57214
9696 5.57214
9697 5.57214
9698 5.57214
9699 5.57214
9700 5.57214
9701 2.98811
9702 2.98811
9703 2.98811
9704 2.98811
9705 2.98811
9706 2.98811
9707 2.98811
9708 2.98811
9709 2.98811
9710 2.98811
9711 2.98811
9712 2.98811
9713 2.98811
9714 2.98811
9715 2.98811
9716 2.98811
9717 2.98811
9718 2.98811
9719 2.98811
9720 2.98811
9721 2.98811
9722 2.98811
9723 2.98811
9724 2.98811
9725 2.98811
9726 2.98811
9727 2.98811
9728 2.98811
9729 2.98811
9730 2.98811
9731 2.98811
9732 2.98811
9733 2.98811
9734 2.98811
9735 2.98811
9736 2.98811
9737 2.98811
9738 2.98811
9739 2.98811
9740 2.98811
9741 2.98811
9742 2.98811
9743 2.98811
9744 2.98811
9745 2.98811
9746 2.98811
9747 2.98811
9748 2.98811
9749 2.98811
9750 2.98811
9751 4.2143
9752 4.2143
9753 4.2143
9754 4.2143
9755 4.2143
9756 4.2143
9757 4.2143
9758 4.2143
9759 4.2143
9760 4.2143
9761 4.2143
9762 4.2143
9763 4.2143
9764 4.2143
9765 4.2143
9766 4.2143
9767 4.2143
9768 4.2143
9769 4.2143
9770 4.2143
9771 4.2143
9772 4.2143
9773 4.2143
9774 4.2143
9775 4.2143
9776 4.2143
9777 4.2143
9778 4.2143
9779 4.2143
9780 4.2143
9781 4.2143
9782 4.2143
9783 4.2143
9784 4.2143
9785 4.2143
9786 4.2143
9787 4.2143
9788 4.2143
9789 4.2143
9790 4.2143
9791 4.2143
9792 4.2143
9793 4.2143
9794 4.2143
9795 4.2143
9796 4.2143
9797 4.2143
9798 4.2143
9799 4.2143
9800 4.2143
9801 1.88917
9802 1.88917
9803 1.88917
9804 1.88917
9805 1.88917
9806 1.88917
9807 1.88917
9808 1.88917
9809 1.88917
9810 1.88917
9811 1.88917
9812 1.88917
9813 1.88917
9814 1.88917
9815 1.88917
9816 1.88917
9817 1.88917
9818 1.88917
9819 1.88917
9820 1.88917
9821 1.88917
9822 1.88917
9823 1.88917
9824 1.88917
9825 1.88917
9826 1.88917
9827 1.88917
9828 1.88917
9829 1.88917
9830 1.88917
9831 1.88917
9832 1.88917
9833 1.88917
9834 1.88917
9835 1.88917
9836 1.88917
9837 1.88917
9838 1.88917
9839 1.88917
9840 1.88917
9841 1.88917
9842 1.88917
9843 1.88917
9844 1.88917
9845 1.88917
9846 1.88917
9847 1.88917
9848 1.88917
9849 1.88917
9850 1.88917
9851 5.67723
9852 5.67723
9853 5.67723
9854 5.67723
9855 5.67723
9856 5.67723
9857 5.67723
9858 5.67723
9859 5.67723
9860 5.67723
9861 5.67723
9862 5.67723
9863 5.67723
9864 5.67723
9865 5.67723
9866 5.67723
9867 5.67723
9868 5.67723
9869 5.67723
9870 5.67723
9871 5.67723
9872 5.67723
9873 5.67723
9874 5.67723
9875 5.67723
9876 5.67723
9877 5.67723
9878 5.67723
9879 5.67723
9880 5.67723
9881 5.67723
9882 5.67723
9883 5.67723
9884 5.67723
9885 5.67723
9886 5.67723
9887 5.67723
9888 5.67723
9889 5.67723
9890 5.67723
9891 5.67723
9892 5.67723
9893 5.67723
9894 5.67723
9895 5.67723
9896 5.67723
9897 5.67723
9898 5.67723
9899 5.67723
9900 5.67723
9901 2.84174
9902 2.84174
9903 2.84174
9904 2.84174
9905 2.84174
9906 2.84174
9907 2.84174
9908 2.84174
9909 2.84174
9910 2.84174
9911 2.84174
9912 2.84174
9913 2.84174
9914 2.84174
9915 2.84174
9916 2.84174
9917 2.84174
9918 2.84174
9919 2.84174
9920 2.84174
9921 2.84174
9922 2.84174
9923 2.84174
9924 2.84174
9925 2.84174
9926 2.84174
9927 2.84174
9928 2.84174
9929 2.84174
9930 2.84174
9931 2.84174
9932 2.84174
9933 2.84174
9934 2.84174
9935 2.84174
9936 2.84174
9937 2.84174
9938 2.84174
9939 2.84174
9940 2.84174
9941 2.84174
9942 2.84174
9943 2.84174
9944 2.84174
9945 2.84174
9946 2.84174
9947 2.84174
9948 2.84174
9949 2.84174
9950 2.84174
9951 2.2128
9952 2.2128
9953 2.2128
9954 2.2128
9955 2.2128
9956 2.2128
9957 2.2128
9958 2.2128
9959 2.2128
9960 2.2128
9961 2.2128
9962 2.2128
9963 2.2128
9964 2.2128
9965 2.2128
9966 2.2128
9967 2.2128
9968 2.2128
9969 2.2128
9970 2.2128
9971 2.2128
9972 2.2128
9973 2.2128
9974 2.2128
9975 2.2128
9976 2.2128
9977 2.2128
9978 2.2128
9979 2.2128
9980 2.2128
9981 2.2128
9982 2.2128
9983 2.2128
9984 2.2128
9985 2.2128
9986 2.2128
9987 2.2128
9988 2.2128
9989 2.2128
9990 2.2128
9991 2.2128
9992 2.2128
9993 2.2128
9994 2.2128
9995 2.2128
9996 2.2128
9997 2.2128
9998 2.2128
9999 2.2128
10000 2.2128
10001 4.9339
10002 4.9339
10003 4.9339
10004 4.9339
10005 4.9339
10006 4.9339
10007 4.9339
10008 4.9339
10009 4.9339
10010 4.9339
10011 4.9339
10012 4.9339
10013 4.9339
10014 4.9339
10015 4.9339
10016 4.9339
10017 4.9339
10018 4.9339
10019 4.9339
10020 4.9339
10021 4.9339
10022 4.9339
10023 4.9339
10024 4.9339
10025 4.9339
10026 4.9339
10027 4.9339
10028 4.9339
10029 4.9339
10030 4.9339
10031 4.9339
10032 4.9339
10033 4.9339
10034 4.9339
10035 4.9339
10036 4.9339
10037 4.9339
10038 4.9339
10039 4.9339
10040 4.9339
10041 4.9339
10042 4.9339
10043 4.9339
10044 4.9339
10045 4.9339
10046 4.9339
10047 4.9339
10048 4.9339
10049 4.9339
10050 4.9339
10051 5.25032
10052 5.25032
10053 5.25032
10054 5.25032
10055 5.25032
10056 5.25032
10057 5.25032
10058 5.25032
10059 5.25032
10060 5.25032
10061 5.25032
10062 5.25032
10063 5.25032
10064 5.25032
10065 5.25032
10066 5.25032
10067 5.25032
10068 5.25032
10069 5.25032
10070 5.25032
10071 5.25032
10072 5.25032
10073 5.25032
10074 5.25032
10075 5.25032
10076 5.25032
10077 5.25032
10078 5.25032
10079 5.25032
10080 5.25032
10081 5.25032
10082 5.25032
10083 5.25032
10084 5.25032
10085 5.25032
10086 5.25032
10087 5.25032
10088 5.25032
10089 5.25032
10090 5.25032
10091 5.25032
10092 5.25032
10093 5.25032
10094 5.25032
10095 5.25032
10096 5.25032
10097 5.25032
10098 5.25032
10099 5.25032
10100 5.25032
10101 6.02659
10102 6.02659
10103 6.02659
10104 6.02659
10105 6.02659
10106 6.02659
10107 6.02659
10108 6.02659
10109 6.02659
10110 6.02659
10111 6.02659
10112 6.02659
10113 6.02659
10114 6.02659
10115 6.02659
10116 6.02659
10117 6.02659
10118 6.02659
10119 6.02659
10120 6.02659
10121 6.02659
10122 6.02659
10123 6.02659
10124 6.02659
10125 6.02659
10126 6.02659
10127 6.02659
10128 6.02659
10129 6.02659
10130 6.02659
10131 6.02659
10132 6.02659
10133 6.02659
10134 6.02659
10135 6.02659
10136 6.02659
10137 6.02659
10138 6.02659
10139 6.02659
10140 6.02659
10141 6.02659
10142 6.02659
10143 6.02659
10144 6.02659
10145 6.02659
10146 6.02659
10147 6.02659
10148 6.02659
10149 6.02659
10150 6.02659
10151 0.216184
10152 0.216184
10153 0.216184
10154 0.216184
10155 0.216184
10156 0.216184
10157 0.216184
10158 0.216184
10159 0.216184
10160 0.216184
10161 0.216184
10162 0.216184
10163 0.216184
10164 0.216184
10165 0.216184
10166 0.216184
10167 0.216184
10168 0.216184
10169 0.216184
10170 0.216184
10171 0.216184
10172 0.216184
10173 0.216184
10174 0.216184
10175 0.216184
10176 0.216184
10177 0.216184
10178 0.216184
10179 0.216184
10180 0.216184
10181 0.216184
10182 0.216184
10183 0.216184
10184 0.216184
10185 0.216184
10186 0.216184
10187 0.216184
10188 0.216184
10189 0.216184
10190 0.216184
10191 0.216184
10192 0.216184
10193 0.216184
10194 0.216184
10195 0.216184
10196 0.216184
10197 0.216184
10198 0.216184
10199 0.216184
10200 0.216184
10201 5.80153
10202 5.80153
10203 5.80153
10204 5.80153
10205 5.80153
10206 5.80153
10207 5.80153
10208 5.80153
10209 5.80153
10210 5.80153
10211 5.80153
10212 5.80153
10213 5.80153
10214 5.80153
10215 5.80153
10216 5.80153
10217 5.80153
10218 5.80153
10219 5.80153
10220 5.80153
10221 5.80153
10222 5.80153
10223 5.80153
10224 5.80153
10225 5.80153
10226 5.80153
10227 5.80153
10228 5.80153
10229 5.80153
10230 5.80153
10231 5.80153
10232 5.80153
10233 5.80153
10234 5.80153
10235 5.80153
10236 5.80153
10237 5.80153
10238 5.80153
10239 5.80153
10240 5.80153
10241 5.80153
10242 5.80153
10243 5.80153
10244 5.80153
10245 5.80153
10246 5.80153
10247 5.80153
10248 5.80153
10249 5.80153
10250 5.80153
10251 1.78103
10252 1.78103
10253 1.78103
10254 1.78103
10255 1.78103
10256 1.78103
10257 1.78103
10258 1.78103
10259 1.78103
10260 1.78103
10261 1.78103
10262 1.78103
10263 1.78103
10264 1.78103
10265 1.78103
10266 1.78103
10267 1.78103
10268 1.78103
10269 1.78103
10270 1.78103
10271 1.78103
10272 1.78103
10273 1.78103
10274 1.78103
10275 1.78103
10276 1.78103
10277 1.78103
10278 1.78103
10279 1.78103
10280 1.78103
10281 1.78103
10282 1.78103
10283 1.78103
10284 1.78103
10285 1.78103
10286 1.78103
10287 1.78103
10288 1.78103
10289 1.78103
10290 1.78103
10291 1.78103
10292 1.78103
10293 1.78103
10294 1.78103
10295 1.78103
10296 1.78103
10297 1.78103
10298 1.78103
10299 1.78103
10300 1.78103
10301 1.82436
10302 1.82436
10303 1.82436
10304 1.82436
10305 1.82436
10306 1.82436
10307 1.82436
10308 1.82436
10309 1.82436
10310 1.82436
10311 1.82436
10312 1.82436
10313 1.82436
10314 1.82436
10315 1.82436
10316 1.82436
10317 1.82436
10318 1.82436
10319 1.82436
10320 1.82436
10321 1.82436
10322 1.82436
10323 1.82436
10324 1.82436
10325 1.82436
10326 1.82436
10327 1.82436
10328 1.82436
10329 1.82436
10330 1.82436
10331 1.82436
10332 1.82436
10333 1.82436
10334 1.82436
10335 1.82436
10336 1.82436
10337 1.82436
10338 1.82436
10339 1.82436
10340 1.82436
10341 1.82436
10342 1.82436
10343 1.82436
10344 1.82436
10345 1.82436
10346 1.82436
10347 1.82436
10348 1.82436
10349 1.82436
10350 1.82436
10351 0.836235
10352 0.836235
10353 0.836235
10354 0.836235
10355 0.836235
10356 0.836235
10357 0.836235
10358 0.836235
10359 0.836235
10360 0.836235
10361 0.836235
10362 0.836235
10363 0.836235
10364 0.836235
10365 0.836235
10366 0.836235
10367 0.836235
10368 0.836235
10369 0.836235
10370 0.836235
10371 0.836235
10372 0.836235
10373 0.836235
10374 0.836235
10375 0.836235
10376 0.836235
10377 0.836235
10378 0.836235
10379 0.836235
10380 0.836235
10381 0.836235
10382 0.836235
10383 0.836235
10384 0.836235
10385 0.836235
10386 0.836235
10387 0.836235
10388 0.836235
10389 0.836235
10390 0.836235
10391 0.836235
10392 0.836235
10393 0.836235
10394 0.836235
10395 0.836235
10396 0.836235
10397 0.836235
10398 0.836235
10399 0.836235
10400 0.836235
10401 0.72244
10402 0.72244
10403 0.72244
10404 0.72244
10405 0.72244
10406 0.72244
10407 0.72244
10408 0.72244
10409 0.72244
10410 0.72244
10411 0.72244
10412 0.72244
10413 0.72244
10414 0.72244
10415 0.72244
10416 0.72244
10417 0.72244
10418 0.72244
10419 0.72244
10420 0.72244
10421 0.72244
10422 0.72244
10423 0.72244
10424 0.72244
10425 0.72244
10426 0.72244
10427 0.72244
10428 0.72244
10429 0.72244
10430 0.72244
10431 0.72244
10432 0.72244
10433 0.72244
10434 0.72244
10435 0.72244
10436 0.72244
10437 0.72244
10438 0.72244
10439 0.72244
10440 0.72244
10441 0.72244
10442 0.72244
10443 0.72244
10444 0.72244
10445 0.72244
10446 0.72244
10447 0.72244
10448 0.72244
10449 0.72244
10450 0.72244
10451 2.25395
10452 2.25395
10453 2.25395
10454 2.25395
10455 2.25395
10456 2.25395
10457 2.25395
10458 2.25395
10459 2.25395
10460 2.25395
10461 2.25395
10462 2.25395
10463 2.25395
10464 2.25395
10465 2.25395
10466 2.25395
10467 2.25395
10468 2.25395
10469 2.25395
10470 2.25395
10471 2.25395
10472 2.25395
10473 2.25395
10474 2.25395
10475 2.25395
10476 2.25395
10477 2.25395
10478 2.25395
10479 2.25395
10480 2.25395
10481 2.25395
10482 2.25395
10483 2.25395
10484 2.25395
10485 2.25395
10486 2.25395
10487 2.25395
10488 2.25395
10489 2.25395
10490 2.25395
10491 2.25395
10492 2.25395
10493 2.25395
10494 2.25395
10495 2.25395
10496 2.25395
10497 2.25395
10498 2.25395
10499 2.25395
10500 2.25395
10501 1.56714
10502 1.56714
10503 1.56714
10504 1.56714
10505 1.56714
10506 1.56714
10507 1.56714
10508 1.56714
10509 1.56714
10510 1.56714
10511 1.56714
10512 1.56714
10513 1.56714
10514 1.56714
10515 1.56714
10516 1.56714
10517 1.56714
10518 1.56714
10519 1.56714
10520 1.56714
10521 1.56714
10522 1.56714
10523 1.56714
10524 1.56714
10525 1.56714
10526 1.56714
10527 1.56714
10528 1.56714
10529 1.56714
10530 1.56714
10531 1.56714
10532 1.56714
10533 1.56714
10534 1.56714
10535 1.56714
10536 1.56714
10537 1.56714
10538 1.56714
10539 1.56714
10540 1.56714
10541 1.56714
10542 1.56714
10543 1.56714
10544 1.56714
10545 1.56714
10546 1.56714
10547 1.56714
10548 1.56714
10549 1.56714
10550 1.56714
10551 2.90365
10552 2.90365
10553 2.90365
10554 2.90365
10555 2.90365
10556 2.90365
10557 2.90365
10558 2.90365
10559 2.90365
10560 2.90365
10561 2.90365
10562 2.90365
10563 2.90365
10564 2.90365
10565 2.90365
10566 2.90365
10567 2.90365
10568 2.90365
10569 2.90365
10570 2.90365
10571 2.90365
10572 2.90365
10573 2.90365
10574 2.90365
10575 2.90365
10576 2.90365
10577 2.90365
10578 2.90365
10579 2.90365
10580 2.90365
10581 2.90365
10582 2.90365
10583 2.90365
10584 2.90365
10585 2.90365
10586 2.90365
10587 2.90365
10588 2.90365
10589 2.90365
10590 2.90365
10591 2.90365
10592 2.90365
10593 2.90365
10594 2.90365
10595 2.90365
10596 2.90365
10597 2.90365
10598 2.90365
10599 2.90365
10600 2.90365
10601 2.58607
10602 2.58607
10603 2.58607
10604 2.58607
10605 2.58607
10606 2.58607
10607 2.58607
10608 2.58607
10609 2.58607
10610 2.58607
10611 2.58607
10612 2.58607
10613 2.58607
10614 2.58607
10615 2.58607
10616 2.58607
10617 2.58607
10618 2.58607
10619 2.58607
10620 2.58607
10621 2.58607
10622 2.58607
10623 2.58607
10624 2.58607
10625 2.58607
10626 2.58607
10627 2.58607
10628 2.58607
10629 2.58607
10630 2.58607
10631 2.58607
10632 2.58607
10633 2.58607
10634 2.58607
10635 2.58607
10636 2.58607
10637 2.58607
10638 2.58607
10639 2.58607
10640 2.58607
10641 2.58607
10642 2.58607
10643 2.58607
10644 2.58607
10645 2.58607
10646 2.58607
10647 2.58607
10648 2.58607
10649 2.58607
10650 2.58607
10651 2.55246
10652 2.55246
10653 2.55246
10654 2.55246
10655 2.55246
10656 2.55246
10657 2.55246
10658 2.55246
10659 2.55246
10660 2.55246
10661 2.55246
10662 2.55246
10663 2.55246
10664 2.55246
10665 2.55246
10666 2.55246
10667 2.55246
10668 2.55246
10669 2.55246
10670 2.55246
10671 2.55246
10672 2.55246
10673 2.55246
10674 2.55246
10675 2.55246
10676 2.55246
10677 2.55246
10678 2.55246
10679 2.55246
10680 2.55246
10681 2.55246
10682 2.55246
10683 2.55246
10684 2.55246
10685 2.55246
10686 2.55246
10687 2.55246
10688 2.55246
10689 2.55246
10690 2.55246
10691 2.55246
10692 2.55246
10693 2.55246
10694 2.55246
10695 2.55246
10696 2.55246
10697 2.55246
10698 2.55246
10699 2.55246
10700 2.55246
10701 2.93008
10702 2.93008
10703 2.93008
10704 2.93008
10705 2.93008
10706 2.93008
10707 2.93008
10708 2.93008
10709 2.93008
10710 2.93008
10711 2.93008
10712 2.93008
10713 2.93008
10714 2.93008
10715 2.93008
10716 2.93008
10717 2.93008
10718 2.93008
10719 2.93008
10720 2.93008
10721 2.93008
10722 2.93008
10723 2.93008
10724 2.93008
10725 2.93008
10726 2.93008
10727 2.93008
10728 2.93008
10729 2.93008
10730 2.93008
10731 2.93008
10732 2.93008
10733 2.93008
10734 2.93008
10735 2.93008
10736 2.93008
10737 2.93008
10738 2.93008
10739 2.93008
10740 2.93008
10741 2.93008
10742 2.93008
10743 2.93008
10744 2.93008
10745 2.93008
10746 2.93008
10747 2.93008
10748 2.93008
10749 2.93008
10750 2.93008
10751 3.21406
10752 3.21406
10753 3.21406
10754 3.21406
10755 3.21406
10756 3.21406
10757 3.21406
10758 3.21406
10759 3.21406
10760 3.21406
10761 3.21406
10762 3.21406
10763 3.21406
10764 3.21406
10765 3.21406
10766 3.21406
10767 3.21406
10768 3.21406
10769 3.21406
10770 3.21406
10771 3.21406
10772 3.21406
10773 3.21406
10774 3.21406
10775 3.21406
10776 3.21406
10777 3.21406
10778 3.21406
10779 3.21406
10780 3.21406
10781 3.21406
10782 3.21406
10783 3.21406
10784 3.21406
10785 3.21406
10786 3.21406
10787 3.21406
10788 3.21406
10789 3.21406
10790 3.21406
10791 3.21406
10792 3.21406
10793 3.21406
10794 3.21406
10795 3.21406
10796 3.21406
10797 3.21406
10798 3.21406
10799 3.21406
10800 3.21406
10801 5.1
10802 5.1
10803 5.1
10804 5.1
10805 5.1
10806 5.1
10807 5.1
10808 5.1
10809 5.1
10810 5.1
10811 5.1
10812 5.1
10813 5.1
10814 5.1
10815 5.1
10816 5.1
10817 5.1
10818 5.1
10819 5.1
10820 5.1
10821 5.1
10822 5.1
10823 5.1
10824 5.1
10825 5.1
10826 5.1
10827 5.1
10828 5.1
10829 5.1
10830 5.1
10831 5.1
10832 5.1
10833 5.1
10834 5.1
10835 5.1
10836 5.1
10837 5.1
10838 5.1
10839 5.1
10840 5.1
10841 5.1
10842 5.1
10843 5.1
10844 5.1
10845 5.1
10846 5.1
10847 5.1
10848 5.1
10849 5.1
10850 5.1
10851 5.36761
10852 5.36761
10853 5.36761
10854 5.36761
10855 5.36761
10856 5.36761
10857 5.36761
10858 5.36761
10859 5.36761
10860 5.36761
10861 5.36761
10862 5.36761
10863 5.36761
10864 5.36761
10865 5.36761
10866 5.36761
10867 5.36761
10868 5.36761
10869 5.36761
10870 5.36761
10871 5.36761
10872 5.36761
10873 5.36761
10874 5.36761
10875 5.36761
10876 5.36761
10877 5.36761
10878 5.36761
10879 5.36761
10880 5.36761
10881 5.36761
10882 5.36761
10883 5.36761
10884 5.36761
10885 5.36761
10886 5.36761
10887 5.36761
10888 5.36761
10889 5.36761
10890 5.36761
10891 5.36761
10892 5.36761
10893 5.36761
10894 5.36761
10895 5.36761
10896 5.36761
10897 5.36761
10898 5.36761
10899 5.36761
10900 5.36761
10901 1.00454
10902 1.00454
10903 1.00454
10904 1.00454
10905 1.00454
10906 1.00454
10907 1.00454
10908 1.00454
10909 1.00454
10910 1.00454
10911 1.00454
10912 1.00454
10913 1.00454
10914 1.00454
10915 1.00454
10916 1.00454
10917 1.00454
10918 1.00454
10919 1.00454
10920 1.00454
10921 1.00454
10922 1.00454
10923 1.00454
10924 1.00454
10925 1.00454
10926 1.00454
10927 1.00454
10928 1.00454
10929 1.00454
10930 1.00454
10931 1.00454
10932 1.00454
10933 1.00454
10934 1.00454
10935 1.00454
10936 1.00454
10937 1.00454
10938 1.00454
10939 1.00454
10940 1.00454
10941 1.00454
10942 1.00454
10943 1.00454
10944 1.00454
10945 1.00454
10946 1.00454
10947 1.00454
10948 1.00454
10949 1.00454
10950 1.00454
10951 0.371428
10952 0.371428
10953 0.371428
10954 0.371428
10955 0.371428
10956 0.371428
10957 0.371428
10958 0.371428
10959 0.371428
10960 0.371428
10961 0.371428
10962 0.371428
10963 0.371428
10964 0.371428
10965 0.371428
10966 0.371428
10967 0.371428
10968 0.371428
10969 0.371428
10970 0.371428
10971 0.371428
10972 0.371428
10973 0.371428
10974 0.371428
10975 0.371428
10976 0.371428
10977 0.371428
10978 0.371428
10979 0.371428
10980 0.371428
10981 0.371428
10982 0.371428
10983 0.371428
10984 0.371428
10985 0.371428
10986 0.371428
10987 0.371428
10988 0.371428
10989 0.371428
10990 0.371428
10991 0.371428
10992 0.371428
10993 0.371428
10994 0.371428
10995 0.371428
10996 0.371428
10997 0.371428
10998 0.371428
10999 0.371428
11000 0.371428
11001 3.72148
11002 3.72148
11003 3.72148
11004 3.72148
11005 3.72148
11006 3.72148
11007 3.72148
11008 3.72148
11009 3.72148
11010 3.72148
11011 3.72148
11012 3.72148
11013 3.72148
11014 3.72148
11015 3.72148
11016 3.72148
11017 3.72148
11018 3.72148
11019 3.72148
11020 3.72148
11021 3.72148
11022 3.72148
11023 3.72148
11024 3.72148
11025 3.72148
11026 3.72148
11027 3.72148
11028 3.72148
11029 3.72148
11030 3.72148
11031 3.72148
11032 3.72148
11033 3.72148
11034 3.72148
11035 3.72148
11036 3.72148
11037 3.72148
11038 3.72148
11039 3.72148
11040 3.72148
11041 3.72148
11042 3.72148
11043 3.72148
11044 3.72148
11045 3.72148
11046 3.72148
11047 3.72148
11048 3.72148
11049 3.72148
11050 3.72148
11051 0.786895
11052 0.786895
11053 0.786895
11054 0.786895
11055 0.786895
11056 0.786895
11057 0.786895
11058 0.786895
11059 0.786895
11060 0.786895
11061 0.786895
11062 0.786895
11063 0.786895
11064 0.786895
11065 0.786895
11066 0.786895
11067 0.786895
11068 0.786895
11069 0.786895
11070 0.786895
11071 0.786895
11072 0.786895
11073 0.786895
11074 0.786895
11075 0.786895
11076 0.786895
11077 0.786895
11078 0.786895
11079 0.786895
11080 0.786895
11081 0.786895
11082 0.786895
11083 0.786895
11084 0.786895
11085 0.786895
11086 0.786895
11087 0.786895
11088 0.786895
11089 0.786895
11090 0.786895
11091 0.786895
11092 0.786895
11093 0.786895
11094 0.786895
11095 0.786895
11096 0.786895
11097 0.786895
11098 0.786895
11099 0.786895
11100 0.786895
11101 0.810572
11102 0.810572
11103 0.810572
11104 0.810572
11105 0.810572
11106 0.810572
11107 0.810572
11108 0.810572
11109 0.810572
11110 0.810572
11111 0.810572
11112 0.810572
11113 0.810572
11114 0.810572
11115 0.810572
11116 0.810572
11117 0.810572
11118 0.810572
11119 0.810572
11120 0.810572
11121 0.810572
11122 0.810572
11123 0.810572
11124 0.810572
11125 0.810572
11126 0.810572
11127 0.810572
11128 0.810572
11129 0.810572
11130 0.810572
11131 0.810572
11132 0.810572
11133 0.810572
11134 0.810572
11135 0.810572
11136 0.810572
11137 0.810572
11138 0.810572
11139 0.810572
11140 0.810572
11141 0.810572
11142 0.810572
11143 0.810572
11144 0.810572
11145 0.810572
11146 0.810572
11147 0.810572
11148 0.810572
11149 0.810572
11150 0.810572
11151 5.60725
11152 5.60725
11153 5.60725
11154 5.60725
11155 5.60725
11156 5.60725
11157 5.60725
11158 5.60725
11159 5.60725
11160 5.60725
11161 5.60725
11162 5.60725
11163 5.60725
11164 5.60725
11165 5.60725
11166 5.60725
11167 5.60725
11168 5.60725
11169 5.60725
11170 5.60725
11171 5.60725
11172 5.60725
11173 5.60725
11174 5.60725
11175 5.60725
11176 5.60725
11177 5.60725
11178 5.60725
11179 5.60725
11180 5.60725
11181 5.60725
11182 5.60725
11183 5.60725
11184 5.60725
11185 5.60725
11186 5.60725
11187 5.60725
11188 5.60725
11189 5.60725
11190 5.60725
11191 5.60725
11192 5.60725
11193 5.60725
11194 5.60725
11195 5.60725
11196 5.60725
11197 5.60725
11198 5.60725
11199 5.60725
11200 5.60725
11201 3.45121
11202 3.45121
11203 3.45121
11204 3.45121
11205 3.45121
11206 3.45121
11207 3.45121
11208 3.45121
11209 3.45121
11210 3.45121
11211 3.45121
11212 3.45121
11213 3.45121
11214 3.45121
11215 3.45121
11216 3.45121
11217 3.45121
11218 3.45121
11219 3.45121
11220 3.45121
11221 3.45121
11222 3.45121
11223 3.45121
11224 3.45121
11225 3.45121
11226 3.45121
11227 3.45121
11228 3.45121
11229 3.45121
11230 3.45121
11231 3.45121
11232 3.45121
11233 3.45121
11234 3.45121
11235 3.45121
11236 3.45121
11237 3.45121
11238 3.45121
11239 3.45121
11240 3.45121
11241 3.45121
11242 3.45121
11243 3.45121
11244 3.45121
11245 3.45121
11246 3.45121
11247 3.45121
11248 3.45121
11249 3.45121
11250 3.45121
11251 0.368677
11252 0.368677
11253 0.368677
11254 0.368677
11255 0.368677
11256 0.368677
11257 0.368677
11258 0.368677
11259 0.368677
11260 0.368677
11261 0.368677
11262 0.368677
11263 0.368677
11264 0.368677
11265 0.368677
11266 0.368677
11267 0.368677
11268 0.368677
11269 0.368677
11270 0.368677
11271 0.368677
11272 0.368677
11273 0.368677
11274 0.368677
11275 0.368677
11276 0.368677
11277 0.368677
11278 0.368677
11279 0.368677
11280 0.368677
11281 0.368677
11282 0.368677
11283 0.368677
11284 0.368677
11285 0.368677
11286 0.368677
11287 0.368677
11288 0.368677
11289 0.368677
11290 0.368677
11291 0.368677
11292 0.368677
11293 0.368677
11294 0.368677
11295 0.368677
11296 0.368677
11297 0.368677
11298 0.368677
11299 0.368677
11300 0.368677
11301 0.276973
11302 0.276973
11303 0.276973
11304 0.276973
11305 0.276973
11306 0.276973
11307 0.276973
11308 0.276973
11309 0.276973
11310 0.276973
11311 0.276973
11312 0.276973
11313 0.276973
11314 0.276973
11315 0.276973
11316 0.276973
11317 0.276973
11318 0.276973
11319 0.276973
11320 0.276973
11321 0.276973
11322 0.276973
11323 0.276973
11324 0.276973
11325 0.276973
11326 0.276973
11327 0.276973
11328 0.276973
11329 0.276973
11330 0.276973
11331 0.276973
11332 0.276973
11333 0.276973
11334 0.276973
11335 0.276973
11336 0.276973
11337 0.276973
11338 0.276973
11339 0.276973
11340 0.276973
11341 0.276973
11342 0.276973
11343 0.276973
11344 0.276973
11345 0.276973
11346 0.276973
11347 0.276973
11348 0.276973
11349 0.276973
11350 0.276973
11351 0.93663
11352 0.93663
11353 0.93663
11354 0.93663
11355 0.93663
11356 0.93663
11357 0.93663
11358 0.93663
11359 0.93663
11360 0.93663
11361 0.93663
11362 0.93663
11363 0.93663
11364 0.93663
11365 0.93663
11366 0.93663
11367 0.93663
11368 0.93663
11369 0.93663
11370 0.93663
11371 0.93663
11372 0.93663
11373 0.93663
11374 0.93663
11375 0.93663
11376 0.93663
11377 0.93663
11378 0.93663
11379 0.93663
11380 0.93663
11381 0.93663
11382 0.93663
11383 0.93663
11384 0.93663
11385 0.93663
11386 0.93663
11387 0.93663
11388 0.93663
11389 0.93663
11390 0.93663
11391 0.93663
11392 0.93663
11393 0.93663
11394 0.93663
11395 0.93663
11396 0.93663
11397 0.93663
11398 0.93663
11399 0.93663
11400 0.93663
11401 4.03965
11402 4.03965
11403 4.03965
11404 4.03965
11405 4.03965
11406 4.03965
11407 4.03965
11408 4.03965
11409 4.03965
11410 4.03965
11411 4.03965
11412 4.03965
11413 4.03965
11414 4.03965
11415 4.03965
11416 4.03965
11417 4.03965
11418 4.03965
11419 4.03965
11420 4.03965
11421 4.03965
11422 4.03965
11423 4.03965
11424 4.03965
11425 4.03965
11426 4.03965
11427 4.03965
11428 4.03965
11429 4.03965
11430 4.03965
11431 4.03965
11432 4.03965
11433 4.03965
11434 4.03965
11435 4.03965
11436 4.03965
11437 4.03965
11438 4.03965
11439 4.03965
11440 4.03965
11441 4.03965
11442 4.03965
11443 4.03965
11444 4.03965
11445 4.03965
11446 4.03965
11447 4.03965
11448 4.03965
11449 4.03965
11450 4.03965
11451 1.20054
11452 1.20054
11453 1.20054
11454 1.20054
11455 1.20054
11456 1.20054
11457 1.20054
11458 1.20054
11459 1.20054
11460 1.20054
11461 1.20054
11462 1.20054
11463 1.20054
11464 1.20054
11465 1.20054
11466 1.20054
11467 1.20054
11468 1.20054
11469 1.20054
11470 1.20054
11471 1.20054
11472 1.20054
11473 1.20054
11474 1.20054
11475 1.20054
11476 1.20054
11477 1.20054
11478 1.20054
11479 1.20054
11480 1.20054
11481 1.20054
11482 1.20054
11483 1.20054
11484 1.20054
11485 1.20054
11486 1.20054
11487 1.20054
11488 1.20054
11489 1.20054
11490 1.20054
11491 1.20054
11492 1.20054
11493 1.20054
11494 1.20054
11495 1.20054
11496 1.20054
11497 1.20054
11498 1.20054
11499 1.20054
11500 1.20054
11501 3.2408
11502 3.2408
11503 3.2408
11504 3.2408
11505 3.2408
11506 3.2408
11507 3.2408
11508 3.2408
11509 3.2408
11510 3.2408
11511 3.2408
11512 3.2408
11513 3.2408
11514 3.2408
11515 3.2408
11516 3.2408
11517 3.2408
11518 3.2408
11519 3.2408
11520 3.2408
11521 3.2408
11522 3.2408
11523 3.2408
11524 3.2408
11525 3.2408
11526 3.2408
11527 3.2408
11528 3.2408
11529 3.2408
11530 3.2408
11531 3.2408
11532 3.2408
11533 3.2408
11534 3.2408
11535 3.2408
11536 3.2408
11537 3.2408
11538 3.2408
11539 3.2408
11540 3.2408
11541 3.2408
11542 3.2408
11543 3.2408
11544 3.2408
11545 3.2408
11546 3.2408
11547 3.2408
11548 3.2408
11549 3.2408
11550 3.2408
11551 1.43929
11552 1.43929
11553 1.43929
11554 1.43929
11555 1.43929
11556 1.43929
11557 1.43929
11558 1.43929
11559 1.43929
11560 1.43929
11561 1.43929
11562 1.43929
11563 1.43929
11564 1.43929
11565 1.43929
11566 1.43929
11567 1.43929
11568 1.43929
11569 1.43929
11570 1.43929
11571 1.43929
11572 1.43929
11573 1.43929
11574 1.43929
11575 1.43929
11576 1.43929
11577 1.43929
11578 1.43929
11579 1.43929
11580 1.43929
11581 1.43929
11582 1.43929
11583 1.43929
11584 1.43929
11585 1.43929
11586 1.43929
11587 1.43929
11588 1.43929
11589 1.43929
11590 1.43929
11591 1.43929
11592 1.43929
11593 1.43929
11594 1.43929
11595 1.43929
11596 1.43929
11597 1.43929
11598 1.43929
11599 1.43929
11600 1.43929
11601 2.87995
11602 2.87995
11603 2.87995
11604 2.87995
11605 2.87995
11606 2.87995
11607 2.87995
11608 2.87995
11609 2.87995
11610 2.87995
11611 2.87995
11612 2.87995
11613 2.87995
11614 2.87995
11615 2.87995
11616 2.87995
11617 2.87995
11618 2.87995
11619 2.87995
11620 2.87995
11621 2.87995
11622 2.87995
11623 2.87995
11624 2.87995
11625 2.87995
11626 2.87995
11627 2.87995
11628 2.87995
11629 2.87995
11630 2.87995
11631 2.87995
11632 2.87995
11633 2.87995
11634 2.87995
11635 2.87995
11636 2.87995
11637 2.87995
11638 2.87995
11639 2.87995
11640 2.87995
11641 2.87995
11642 2.87995
11643 2.87995
11644 2.87995
11645 2.87995
11646 2.87995
11647 2.87995
11648 2.87995
11649 2.87995
11650 2.87995
11651 6.21064
11652 6.21064
11653 6.21064
11654 6.21064
11655 6.21064
11656 6.21064
11657 6.21064
11658 6.21064
11659 6.21064
11660 6.21064
11661 6.21064
11662 6.21064
11663 6.21064
11664 6.21064
11665 6.21064
11666 6.21064
11667 6.21064
11668 6.21064
11669 6.21064
11670 6.21064
11671 6.21064
11672 6.21064
11673 6.21064
11674 6.21064
11675 6.21064
11676 6.21064
11677 6.21064
11678 6.21064
11679 6.21064
11680 6.21064
11681 6.21064
11682 6.21064
11683 6.21064
11684 6.21064
11685 6.21064
11686 6.21064
11687 6.21064
11688 6.21064
11689 6.21064
11690 6.21064
11691 6.21064
11692 6.21064
11693 6.21064
11694 6.21064
11695 6.21064
11696 6.21064
11697 6.21064
11698 6.21064
11699 6.21064
11700 6.21064
11701 5.96352
11702 5.96352
11703 5.96352
11704 5.96352
11705 5.96352
11706 5.96352
11707 5.96352
11708 5.96352
11709 5.96352
11710 5.96352
11711 5.96352
11712 5.96352
11713 5.96352
11714 5.96352
11715 5.96352
11716 5.96352
11717 5.96352
11718 5.96352
11719 5.96352
11720 5.96352
11721 5.96352
11722 5.96352
11723 5.96352
11724 5.96352
11725 5.96352
11726 5.96352
11727 5.96352
11728 5.96352
11729 5.96352
11730 5.96352
11731 5.96352
11732 5.96352
11733 5.96352
11734 5.96352
11735 5.96352
11736 5.96352
11737 5.96352
11738 5.96352
11739 5.96352
11740 5.96352
11741 5.96352
11742 5.96352
11743 5.96352
11744 5.96352
11745 5.96352
11746 5.96352
11747 5.96352
11748 5.96352
11749 5.96352
11750 5.96352
11751 3.03748
11752 3.03748
11753 3.03748
11754 3.03748
11755 3.03748
11756 3.03748
11757 3.03748
11758 3.03748
11759 3.03748
11760 3.03748
11761 3.03748
11762 3.03748
11763 3.03748
11764 3.03748
11765 3.03748
11766 3.03748
11767 3.03748
11768 3.03748
11769 3.03748
11770 3.03748
11771 3.03748
11772 3.03748
11773 3.03748
11774 3.03748
11775 3.03748
11776 3.03748
11777 3.03748
11778 3.03748
11779 3.03748
11780 3.03748
11781 3.03748
11782 3.03748
11783 3.03748
11784 3.03748
11785 3.03748
11786 3.03748
11787 3.03748
11788 3.03748
11789 3.03748
11790 3.03748
11791 3.03748
11792 3.03748
11793 3.03748
11794 3.03748
11795 3.03748
11796 3.03748
11797 3.03748
11798 3.03748
11799 3.03748
11800 3.03748
11801 0.195509
11802 0.195509
11803 0.195509
11804 0.195509
11805 0.195509
11806 0.195509
11807 0.195509
11808 0.195509
11809 0.195509
11810 0.195509
11811 0.195509
11812 0.195509
11813 0.195509
11814 0.195509
11815 0.195509
11816 0.195509
11817 0.195509
11818 0.195509
11819 0.195509
11820 0.195509
11821 0.195509
11822 0.195509
11823 0.195509
11824 0.195509
11825 0.195509
11826 0.195509
11827 0.195509
11828 0.195509
11829 0.195509
11830 0.195509
11831 0.195509
11832 0.195509
11833 0.195509
11834 0.195509
11835 0.195509
11836 0.195509
11837 0.195509
11838 0.195509
11839 0.195509
11840 0.195509
11841 0.195509
11842 0.195509
11843 0.195509
11844 0.195509
11845 0.195509
11846 0.195509
11847 0.195509
11848 0.195509
11849 0.195509
11850 0.195509
11851 5.05975
11852 5.05975
11853 5.05975
11854 5.05975
11855 5.05975
11856 5.05975
11857 5.05975
11858 5.05975
11859 5.05975
11860 5.05975
11861 5.05975
11862 5.05975
11863 5.05975
11864 5.05975
11865 5.05975
11866 5.05975
11867 5.05975
11868 5.05975
11869 5.05975
11870 5.05975
11871 5.05975
11872 5.05975
11873 5.05975
11874 5.05975
11875 5.05975
11876 5.05975
11877 5.05975
11878 5.05975
11879 5.05975
11880 5.05975
11881 5.05975
11882 5.05975
11883 5.05975
11884 5.05975
11885 5.05975
11886 5.05975
11887 5.05975
11888 5.05975
11889 5.05975
11890 5.05975
11891 5.05975
11892 5.05975
11893 5.05975
11894 5.05975
11895 5.05975
11896 5.05975
11897 5.05975
11898 5.05975
11899 5.05975
11900 5.05975
11901 3.3817
11902 3.3817
11903 3.3817
11904 3.3817
11905 3.3817
11906 3.3817
11907 3.3817
11908 3.3817
11909 3.3817
11910 3.3817
11911 3.3817
11912 3.3817
11913 3.3817
11914 3.3817
11915 3.3817
11916 3.3817
11917 3.3817
11918 3.3817
11919 3.3817
11920 3.3817
11921 3.3817
11922 3.3817
11923 3.3817
11924 3.3817
11925 3.3817
11926 3.3817
11927 3.3817
11928 3.3817
11929 3.3817
11930 3.3817
11931 3.3817
11932 3.3817
11933 3.3817
11934 3.3817
11935 3.3817
11936 3.3817
11937 3.3817
11938 3.3817
11939 3.3817
11940 3.3817
11941 3.3817
11942 3.3817
11943 3.3817
11944 3.3817
11945 3.3817
11946 3.3817
11947 3.3817
11948 3.3817
11949 3.3817
11950 3.3817
11951 4.26405
11952 4.26405
11953 4.26405
11954 4.26405
11955 4.26405
11956 4.26405
11957 4.26405
11958 4.26405
11959 4.26405
11960 4.26405
11961 4.26405
11962 4.26405
11963 4.26405
11964 4.26405
11965 4.26405
11966 4.26405
11967 4.26405
11968 4.26405
11969 4.26405
11970 4.26405
11971 4.26405
11972 4.26405
11973 4.26405
11974 4.26405
11975 4.26405
11976 4.26405
11977 4.26405
11978 4.26405
11979 4.26405
11980 4.26405
11981 4.26405
11982 4.26405
11983 4.26405
11984 4.26405
11985 4.26405
11986 4.26405
11987 4.26405
11988 4.26405
11989 4.26405
11990 4.26405
11991 4.26405
11992 4.26405
11993 4.26405
11994 4.26405
11995 4.26405
11996 4.26405
11997 4.26405
11998 4.26405
11999 4.26405
12000 4.26405
12001 4.67236
12002 4.67236
12003 4.67236
12004 4.67236
12005 4.67236
12006 4.67236
12007 4.67236
12008 4.67236
12009 4.67236
12010 4.67236
12011 4.67236
12012 4.67236
12013 4.67236
12014 4.67236
12015 4.67236
12016 4.67236
12017 4.67236
12018 4.67236
12019 4.67236
12020 4.67236
12021 4.67236
12022 4.67236
12023 4.67236
12024 4.67236
12025 4.67236
12026 4.67236
12027 4.67236
12028 4.67236
12029 4.67236
12030 4.67236
12031 4.67236
12032 4.67236
12033 4.67236
12034 4.67236
12035 4.67236
12036 4.67236
12037 4.67236
12038 4.67236
12039 4.67236
12040 4.67236
12041 4.67236
12042 4.67236
12043 4.67236
12044 4.67236
12045 4.67236
12046 4.67236
12047 4.67236
12048 4.67236
12049 4.67236
12050 4.67236
12051 0.370543
12052 0.370543
12053 0.370543
12054 0.370543
12055 0.370543
12056 0.370543
12057 0.370543
12058 0.370543
12059 0.370543
12060 0.370543
12061 0.370543
12062 0.370543
12063 0.370543
12064 0.370543
12065 0.370543
12066 0.370543
12067 0.370543
12068 0.370543
12069 0.370543
12070 0.370543
12071 0.370543
12072 0.370543
12073 0.370543
12074 0.370543
12075 0.370543
12076 0.370543
12077 0.370543
12078 0.370543
12079 0.370543
12080 0.370543
12081 0.370543
12082 0.370543
12083 0.370543
12084 0.370543
12085 0.370543
12086 0.370543
12087 0.370543
12088 0.370543
12089 0.370543
12090 0.370543
12091 0.370543
12092 0.370543
12093 0.370543
12094 0.370543
12095 0.370543
12096 0.370543
12097 0.370543
12098 0.370543
12099 0.370543
12100 0.370543
12101 4.03972
12102 4.03972
12103 4.03972
12104 4.03972
12105 4.03972
12106 4.03972
12107 4.03972
12108 4.03972
12109 4.03972
12110 4.03972
12111 4.03972
12112 4.03972
12113 4.03972
12114 4.03972
12115 4.03972
12116 4.03972
12117 4.03972
12118 4.03972
12119 4.03972
12120 4.03972
12121 4.03972
12122 4.03972
12123 4.03972
12124 4.03972
12125 4.03972
12126 4.03972
12127 4.03972
12128 4.03972
12129 4.03972
12130 4.03972
12131 4.03972
12132 4.03972
12133 4.03972
12134 4.03972
12135 4.03972
12136 4.03972
12137 4.03972
12138 4.03972
12139 4.03972
12140 4.03972
12141 4.03972
12142 4.03972
12143 4.03972
12144 4.03972
12145 4.03972
12146 4.03972
12147 4.03972
12148 4.03972
12149 4.03972
12150 4.03972
12151 4.65123
12152 4.65123
12153 4.65123
12154 4.65123
12155 4.65123
12156 4.65123
12157 4.65123
12158 4.65123
12159 4.65123
12160 4.65123
12161 4.65123
12162 4.65123
12163 4.65123
12164 4.65123
12165 4.65123
12166 4.65123
12167 4.65123
12168 4.65123
12169 4.65123
12170 4.65123
12171 4.65123
12172 4.65123
12173 4.65123
12174 4.65123
12175 4.65123
12176 4.65123
12177 4.65123
12178 4.65123
12179 4.65123
12180 4.65123
12181 4.65123
12182 4.65123
12183 4.65123
12184 4.65123
12185 4.65123
12186 4.65123
12187 4.65123
12188 4.65123
12189 4.65123
12190 4.65123
12191 4.65123
12192 4.65123
12193 4.65123
12194 4.65123
12195 4.65123
12196 4.65123
12197 4.65123
12198 4.65123
12199 4.65123
12200 4.65123
12201 1.45619
12202 1.45619
12203 1.45619
12204 1.45619
12205 1.45619
12206 1.45619
12207 1.45619
12208 1.45619
12209 1.45619
12210 1.45619
12211 1.45619
12212 1.45619
12213 1.45619
12214 1.45619
12215 1.45619
12216 1.45619
12217 1.45619
12218 1.45619
12219 1.45619
12220 1.45619
12221 1.45619
12222 1.45619
12223 1.45619
12224 1.45619
12225 1.45619
12226 1.45619
12227 1.45619
12228 1.45619
12229 1.45619
12230 1.45619
12231 1.45619
12232 1.45619
12233 1.45619
12234 1.45619
12235 1.45619
12236 1.45619
12237 1.45619
12238 1.45619
12239 1.45619
12240 1.45619
12241 1.45619
12242 1.45619
12243 1.45619
12244 1.45619
12245 1.45619
12246 1.45619
12247 1.45619
12248 1.45619
12249 1.45619
12250 1.45619
12251 3.22453
12252 3.22453
12253 3.22453
12254 3.22453
12255 3.22453
12256 3.22453
12257 3.22453
12258 3.22453
12259 3.22453
12260 3.22453
12261 3.22453
12262 3.22453
12263 3.22453
12264 3.22453
12265 3.22453
12266 3.22453
12267 3.22453
12268 3.22453
12269 3.22453
12270 3.22453
12271 3.22453
12272 3.22453
12273 3.22453
12274 3.22453
12275 3.22453
12276 3.22453
12277 3.22453
12278 3.22453
12279 3.22453
12280 3.22453
12281 3.22453
12282 3.22453
12283 3.22453
12284 3.22453
12285 3.22453
12286 3.22453
12287 3.22453
12288 3.22453
12289 3.22453
12290 3.22453
12291 3.22453
12292 3.22453
12293 3.22453
12294 3.22453
12295 3.22453
12296 3.22453
12297 3.22453
12298 3.22453
12299 3.22453
12300 3.22453
12301 1.56243
12302 1.56243
12303 1.56243
12304 1.56243
12305 1.56243
12306 1.56243
12307 1.56243
12308 1.56243
12309 1.56243
12310 1.56243
12311 1.56243
12312 1.56243
12313 1.56243
12314 1.56243
12315 1.56243
12316 1.56243
12317 1.56243
12318 1.56243
12319 1.56243
12320 1.56243
12321 1.56243
12322 1.56243
12323 1.56243
12324 1.56243
12325 1.56243
12326 1.56243
12327 1.56243
12328 1.56243
12329 1.56243
12330 1.56243
12331 1.56243
12332 1.56243
12333 1.56243
12334 1.56243
12335 1.56243
12336 1.56243
12337 1.56243
12338 1.56243
12339 1.56243
12340 1.56243
12341 1.56243
12342 1.56243
12343 1.56243
12344 1.56243
12345 1.56243
12346 1.56243
12347 1.56243
12348 1.56243
12349 1.56243
12350 1.56243
12351 5.80454
12352 5.80454
12353 5.80454
12354 5.80454
12355 5.80454
12356 5.80454
12357 5.80454
12358 5.80454
12359 5.80454
12360 5.80454
12361 5.80454
12362 5.80454
12363 5.80454
12364 5.80454
12365 5.80454
12366 5.80454
12367 5.80454
12368 5.80454
12369 5.80454
12370 5.80454
12371 5.80454
12372 5.80454
12373 5.80454
12374 5.80454
12375 5.80454
12376 5.80454
12377 5.80454
12378 5.80454
12379 5.80454
12380 5.80454
12381 5.80454
12382 5.80454
12383 5.80454
12384 5.80454
12385 5.80454
12386 5.80454
12387 5.80454
12388 5.80454
12389 5.80454
12390 5.80454
12391 5.80454
12392 5.80454
12393 5.80454
12394 5.80454
12395 5.80454
12396 5.80454
12397 5.80454
12398 5.80454
12399 5.80454
12400 5.80454
12401 0.649036
12402 0.649036
12403 0.649036
12404 0.649036
12405 0.649036
12406 0.649036
12407 0.649036
12408 0.649036
12409 0.649036
12410 0.649036
12411 0.649036
12412 0.649036
12413 0.649036
12414 0.649036
12415 0.649036
12416 0.649036
12417 0.649036
12418 0.649036
12419 0.649036
12420 0.649036
12421 0.649036
12422 0.649036
12423 0.649036
12424 0.649036
12425 0.649036
12426 0.649036
12427 0.649036
12428 0.649036
12429 0.649036
12430 0.649036
12431 0.649036
12432 0.649036
12433 0.649036
12434 0.649036
12435 0.649036
12436 0.649036
12437 0.649036
12438 0.649036
12439 0.649036
12440 0.649036
12441 0.649036
12442 0.649036
12443 0.649036
12444 0.649036
12445 0.649036
12446 0.649036
12447 0.649036
12448 0.649036
12449 0.649036
12450 0.649036
12451 5.9802
12452 5.9802
12453 5.9802
12454 5.9802
12455 5.9802
12456 5.9802
12457 5.9802
12458 5.9802
12459 5.9802
12460 5.9802
12461 5.9802
12462 5.9802
12463 5.9802
12464 5.9802
12465 5.9802
12466 5.9802
12467 5.9802
12468 5.9802
12469 5.9802
12470 5.9802
12471 5.9802
12472 5.9802
12473 5.9802
12474 5.9802
12475 5.9802
12476 5.9802
12477 5.9802
12478 5.9802
12479 5.9802
12480 5.9802
12481 5.9802
12482 5.9802
12483 5.9802
12484 5.9802
12485 5.9802
12486 5.9802
12487 5.9802
12488 5.9802
12489 5.9802
12490 5.9802
12491 5.9802
12492 5.9802
12493 5.9802
12494 5.9802
12495 5.9802
12496 5.9802
12497 5.9802
12498 5.9802
12499 5.9802
12500 5.9802
12501 0.0584611
12502 0.0584611
12503 0.0584611
12504 0.0584611
12505 0.0584611
12506 0.0584611
12507 0.0584611
12508 0.0584611
12509 0.0584611
12510 0.0584611
12511 0.0584611
12512 0.0584611
12513 0.0584611
12514 0.0584611
12515 0.0584611
12516 0.0584611
12517 0.0584611
12518 0.0584611
12519 0.0584611
12520 0.0584611
12521 0.0584611
12522 0.0584611
12523 0.0584611
12524 0.0584611
12525 0.0584611
12526 0.0584611
12527 0.0584611
12528 0.0584611
12529 0.0584611
12530 0.0584611
12531 0.0584611
12532 0.0584611
12533 0.0584611
12534 0.0584611
12535 0.0584611
12536 0.0584611
12537 0.0584611
12538 0.0584611
12539 0.0584611
12540 0.0584611
12541 0.0584611
12542 0.0584611
12543 0.0584611
12544 0.0584611
12545 0.0584611
12546 0.0584611
12547 0.0584611
12548 0.0584611
12549 0.0584611
12550 0.0584611
12551 3.72572
12552 3.72572
12553 3.72572
12554 3.72572
12555 3.72572
12556 3.72572
12557 3.72572
12558 3.72572
12559 3.72572
12560 3.72572
12561 3.72572
12562 3.72572
12563 3.72572
12564 3.72572
12565 3.72572
12566 3.72572
12567 3.72572
12568 3.72572
12569 3.72572
12570 3.72572
12571 3.72572
12572 3.72572
12573 3.72572
12574 3.72572
12575 3.72572
12576 3.72572
12577 3.72572
12578 3.72572
12579 3.72572
12580 3.72572
12581 3.72572
12582 3.72572
12583 3.72572
12584 3.72572
12585 3.72572
12586 3.72572
12587 3.72572
12588 3.72572
12589 3.72572
12590 3.72572
12591 3.72572
12592 3.72572
12593 3.72572
12594 3.72572
12595 3.72572
12596 3.72572
12597 3.72572
12598 3.72572
12599 3.72572
12600 3.72572
12601 5.80461
12602 5.80461
12603 5.80461
12604 5.80461
12605 5.80461
12606 5.80461
12607 5.80461
12608 5.80461
12609 5.80461
12610 5.80461
12611 5.80461
12612 5.80461
12613 5.80461
12614 5.80461
12615 5.80461
12616 5.80461
12617 5.80461
12618 5.80461
12619 5.80461
12620 5.80461
12621 5.80461
12622 5.80461
12623 5.80461
12624 5.80461
12625 5.80461
12626 5.80461
12627 5.80461
12628 5.80461
12629 5.80461
12630 5.80461
12631 5.80461
12632 5.80461
12633 5.80461
12634 5.80461
12635 5.80461
12636 5.80461
12637 5.80461
12638 5.80461
12639 5.80461
12640 5.80461
12641 5.80461
12642 5.80461
12643 5.80461
12644 5.80461
12645 5.80461
12646 5.80461
12647 5.80461
12648 5.80461
12649 5.80461
12650 5.80461
12651 1.37283
12652 1.37283
12653 1.37283
12654 1.37283
12655 1.37283
12656 1.37283
12657 1.37283
12658 1.37283
12659 1.37283
12660 1.37283
12661 1.37283
12662 1.37283
12663 1.37283
12664 1.37283
12665 1.37283
12666 1.37283
12667 1.37283
12668 1.37283
12669 1.37283
12670 1.37283
12671 1.37283
12672 1.37283
12673 1.37283
12674 1.37283
12675 1.37283
12676 1.37283
12677 1.37283
12678 1.37283
12679 1.37283
12680 1.37283
12681 1.37283
12682 1.37283
12683 1.37283
12684 1.37283
12685 1.37283
12686 1.37283
12687 1.37283
12688 1.37283
12689 1.37283
12690 1.37283
12691 1.37283
12692 1.37283
12693 1.37283
12694 1.37283
12695 1.37283
12696 1.37283
12697 1.37283
12698 1.37283
12699 1.37283
12700 1.37283
12701 3.94518
12702 3.94518
12703 3.94518
12704 3.94518
12705 3.94518
12706 3.94518
12707 3.94518
12708 3.94518
12709 3.94518
12710 3.94518
12711 3.94518
12712 3.94518
12713 3.94518
12714 3.94518
12715 3.94518
12716 3.94518
12717 3.94518
12718 3.94518
12719 3.94518
12720 3.94518
12721 3.94518
12722 3.94518
12723 3.94518
12724 3.94518
12725 3.94518
12726 3.94518
12727 3.94518
12728 3.94518
12729 3.94518
12730 3.94518
12731 3.94518
12732 3.94518
12733 3.94518
12734 3.94518
12735 3.94518
12736 3.94518
12737 3.94518
12738 3.94518
12739 3.94518
12740 3.94518
12741 3.94518
12742 3.94518
12743 3.94518
12744 3.94518
12745 3.94518
12746 3.94518
12747 3.94518
12748 3.94518
12749 3.94518
12750 3.94518
12751 0.762602
12752 0.762602
12753 0.762602
12754 0.762602
12755 0.762602
12756 0.762602
12757 0.762602
12758 0.762602
12759 0.762602
12760 0.762602
12761 0.762602
12762 0.762602
12763 0.762602
12764 0.762602
12765 0.762602
12766 0.762602
12767 0.762602
12768 0.762602
12769 0.762602
12770 0.762602
12771 0.762602
12772 0.762602
12773 0.762602
12774 0.762602
12775 0.762602
12776 0.762602
12777 0.762602
12778 0.762602
12779 0.762602
12780 0.762602
12781 0.762602
12782 0.762602
12783 0.762602
12784 0.762602
12785 0.762602
12786 0.762602
12787 0.762602
12788 0.762602
12789 0.762602
12790 0.762602
12791 0.762602
12792 0.762602
12793 0.762602
12794 0.762602
12795 0.762602
12796 0.762602
12797 0.762602
12798 0.762602
12799 0.762602
12800 0.762602
12801 1.94497
12802 1.94497
12803 1.94497
12804 1.94497
12805 1.94497
12806 1.94497
12807 1.94497
12808 1.94497
12809 1.94497
12810 1.94497
12811 1.94497
12812 1.94497
12813 1.94497
12814 1.94497
12815 1.94497
12816 1.94497
12817 1.94497
12818 1.94497
12819 1.94497
12820 1.94497
12821 1.94497
12822 1.94497
12823 1.94497
12824 1.94497
12825 1.94497
12826 1.94497
12827 1.94497
12828 1.94497
12829 1.94497
12830 1.94497
12831 1.94497
12832 1.94497
12833 1.94497
12834 1.94497
12835 1.94497
12836 1.94497
12837 1.94497
12838 1.94497
12839 1.94497
12840 1.94497
12841 1.94497
12842 1.94497
12843 1.94497
12844 1.94497
12845 1.94497
12846 1.94497
12847 1.94497
12848 1.94497
12849 1.94497
12850 1.94497
12851 1.2331
12852 1.2331
12853 1.2331
12854 1.2331
12855 1.2331
12856 1.2331
12857 1.2331
12858 1.2331
12859 1.2331
12860 1.2331
12861 1.2331
12862 1.2331
12863 1.2331
12864 1.2331
12865 1.2331
12866 1.2331
12867 1.2331
12868 1.2331
12869 1.2331
12870 1.2331
12871 1.2331
12872 1.2331
12873 1.2331
12874 1.2331
12875 1.2331
12876 1.2331
12877 1.2331
12878 1.2331
12879 1.2331
12880 1.2331
12881 1.2331
12882 1.2331
12883 1.2331
12884 1.2331
12885 1.2331
12886 1.2331
12887 1.2331
12888 1.2331
12889 1.2331
12890 1.2331
12891 1.2331
12892 1.2331
12893 1.2331
12894 1.2331
12895 1.2331
12896 1.2331
12897 1.2331
12898 1.2331
12899 1.2331
12900 1.2331
12901 3.07529
12902 3.07529
12903 3.07529
12904 3.07529
12905 3.07529
12906 3.07529
12907 3.07529
12908 3.07529
12909 3.07529
12910 3.07529
12911 3.07529
12912 3.07529
12913 3.07529
12914 3.07529
12915 3.07529
12916 3.07529
12917 3.07529
12918 3.07529
12919 3.07529
12920 3.07529
12921 3.07529
12922 3.07529
12923 3.07529
12924 3.07529
12925 3.07529
12926 3.07529
12927 3.07529
12928 3.07529
12929 3.07529
12930 3.07529
12931 3.07529
12932 3.07529
12933 3.07529
12934 3.07529
12935 3.07529
12936 3.07529
12937 3.07529
12938 3.07529
12939 3.07529
12940 3.07529
12941 3.07529
12942 3.07529
12943 3.07529
12944 3.07529
12945 3.07529
12946 3.07529
12947 3.07529
12948 3.07529
12949 3.07529
12950 3.07529
12951 2.9854
12952 2.9854
12953 2.9854
12954 2.9854
12955 2.9854
12956 2.9854
12957 2.9854
12958 2.9854
12959 2.9854
12960 2.9854
12961 2.9854
12962 2.9854
12963 2.9854
12964 2.9854
12965 2.9854
12966 2.9854
12967 2.9854
12968 2.9854
12969 2.9854
12970 2.9854
12971 2.9854
12972 2.9854
12973 2.9854
12974 2.9854
12975 2.9854
12976 2.9854
12977 2.9854
12978 2.9854
12979 2.9854
12980 2.9854
12981 2.9854
12982 2.9854
12983 2.9854
12984 2.9854
12985 2.9854
12986 2.9854
12987 2.9854
12988 2.9854
12989 2.9854
12990 2.9854
12991 2.9854
12992 2.9854
12993 2.9854
12994 2.9854
12995 2.9854
12996 2.9854
12997 2.9854
12998 2.9854
12999 2.9854
13000 2.9854
13001 0.789732
13002 0.789732
13003 0.789732
13004 0.789732
13005 0.789732
13006 0.789732
13007 0.789732
13008 0.789732
13009 0.789732
13010 0.789732
13011 0.789732
13012 0.789732
13013 0.789732
13014 0.789732
13015 0.789732
13016 0.789732
13017 0.789732
13018 0.789732
13019 0.789732
13020 0.789732
13021 0.789732
13022 0.789732
13023 0.789732
13024 0.789732
13025 0.789732
13026 0.789732
13027 0.789732
13028 0.789732
13029 0.789732
13030 0.789732
13031 0.789732
13032 0.789732
13033 0.789732
13034 0.789732
13035 0.789732
13036 0.789732
13037 0.789732
13038 0.789732
13039 0.789732
13040 0.789732
13041 0.789732
13042 0.789732
13043 0.789732
13044 0.789732
13045 0.789732
13046 0.789732
13047 0.789732
13048 0.789732
13049 0.789732
13050 0.789732
13051 2.78731
13052 2.78731
13053 2.78731
13054 2.78731
13055 2.78731
13056 2.78731
13057 2.78731
13058 2.78731
13059 2.78731
13060 2.78731
13061 2.78731
13062 2.78731
13063 2.78731
13064 2.78731
13065 2.78731
13066 2.78731
13067 2.78731
13068 2.78731
13069 2.78731
13070 2.78731
13071 2.78731
13072 2.78731
13073 2.78731
13074 2.78731
13075 2.78731
13076 2.78731
13077 2.78731
13078 2.78731
13079 2.78731
13080 2.78731
13081 2.78731
13082 2.78731
13083 2.78731
13084 2.78731
13085 2.78731
13086 2.78731
13087 2.78731
13088 2.78731
13089 2.78731
13090 2.78731
13091 2.78731
13092 2.78731
13093 2.78731
13094 2.78731
13095 2.78731
13096 2.78731
13097 2.78731
13098 2.78731
13099 2.78731
13100 2.78731
13101 4.84544
13102 4.84544
13103 4.84544
13104 4.84544
13105 4.84544
13106 4.84544
13107 4.84544
13108 4.84544
13109 4.84544
13110 4.84544
13111 4.84544
13112 4.84544
13113 4.84544
13114 4.84544
13115 4.84544
13116 4.84544
13117 4.84544
13118 4.84544
13119 4.84544
13120 4.84544
13121 4.84544
13122 4.84544
13123 4.84544
13124 4.84544
13125 4.84544
13126 4.84544
13127 4.84544
13128 4.84544
13129 4.84544
13130 4.84544
13131 4.84544
13132 4.84544
13133 4.84544
13134 4.84544
13135 4.84544
13136 4.84544
13137 4.84544
13138 4.84544
13139 4.84544
13140 4.84544
13141 4.84544
13142 4.84544
13143 4.84544
13144 4.84544
13145 4.84544
13146 4.84544
13147 4.84544
13148 4.84544
13149 4.84544
13150 4.84544
13151 0.210429
13152 0.210429
13153 0.210429
13154 0.210429
13155 0.210429
13156 0.210429
13157 0.210429
13158 0.210429
13159 0.210429
13160 0.210429
13161 0.210429
13162 0.210429
13163 0.210429
13164 0.210429
13165 0.210429
13166 0.210429
13167 0.210429
13168 0.210429
13169 0.210429
13170 0.210429
13171 0.210429
13172 0.210429
13173 0.210429
13174 0.210429
13175 0.210429
13176 0.210429
13177 0.210429
13178 0.210429
13179 0.210429
13180 0.210429
13181 0.210429
13182 0.210429
13183 0.210429
13184 0.210429
13185 0.210429
13186 0.210429
13187 0.210429
13188 0.210429
13189 0.210429
13190 0.210429
13191 0.210429
13192 0.210429
13193 0.210429
13194 0.210429
13195 0.210429
13196 0.210429
13197 0.210429
13198 0.210429
13199 0.210429
13200 0.210429
13201 3.08748
13202 3.08748
13203 3.08748
13204 3.08748
13205 3.08748
13206 3.08748
13207 3.08748
13208 3.08748
13209 3.08748
13210 3.08748
13211 3.08748
13212 3.08748
13213 3.08748
13214 3.08748
13215 3.08748
13216 3.08748
13217 3.08748
13218 3.08748
13219 3.08748
13220 3.08748
13221 3.08748
13222 3.08748
13223 3.08748
13224 3.08748
13225 3.08748
13226 3.08748
13227 3.08748
13228 3.08748
13229 3.08748
13230 3.08748
13231 3.08748
13232 3.08748
13233 3.08748
13234 3.08748
13235 3.08748
13236 3.08748
13237 3.08748
13238 3.08748
13239 3.08748
13240 3.08748
13241 3.08748
13242 3.08748
13243 3.08748
13244 3.08748
13245 3.08748
13246 3.08748
13247 3.08748
13248 3.08748
13249 3.08748
13250 3.08748
13251 3.02069
13252 3.02069
13253 3.02069
13254 3.02069
13255 3.02069
13256 3.02069
13257 3.02069
13258 3.02069
13259 3.02069
13260 3.02069
13261 3.02069
13262 3.02069
13263 3.02069
13264 3.02069
13265 3.02069
13266 3.02069
13267 3.02069
13268 3.02069
13269 3.02069
13270 3.02069
13271 3.02069
13272 3.02069
13273 3.02069
13274 3.02069
13275 3.02069
13276 3.02069
13277 3.02069
13278 3.02069
13279 3.02069
13280 3.02069
13281 3.02069
13282 3.02069
13283 3.02069
13284 3.02069
13285 3.02069
13286 3.02069
13287 3.02069
13288 3.02069
13289 3.02069
13290 3.02069
13291 3.02069
13292 3.02069
13293 3.02069
13294 3.02069
13295 3.02069
13296 3.02069
13297 3.02069
13298 3.02069
13299 3.02069
13300 3.02069
13301 5.0932
13302 5.0932
13303 5.0932
13304 5.0932
13305 5.0932
13306 5.0932
13307 5.0932
13308 5.0932
13309 5.0932
13310 5.0932
13311 5.0932
13312 5.0932
13313 5.0932
13314 5.0932
13315 5.0932
13316 5.0932
13317 5.0932
13318 5.0932
13319 5.0932
13320 5.0932
13321 5.0932
13322 5.0932
13323 5.0932
13324 5.0932
13325 5.0932
13326 5.0932
13327 5.0932
13328 5.0932
13329 5.0932
13330 5.0932
13331 5.0932
13332 5.0932
13333 5.0932
13334 5.0932
13335 5.0932
13336 5.0932
13337 5.0932
13338 5.0932
13339 5.0932
13340 5.0932
13341 5.0932
13342 5.0932
13343 5.0932
13344 5.0932
13345 5.0932
13346 5.0932
13347 5.0932
13348 5.0932
13349 5.0932
13350 5.0932
13351 5.36825
13352 5.36825
13353 5.36825
13354 5.36825
13355 5.36825
13356 5.36825
13357 5.36825
13358 5.36825
13359 5.36825
13360 5.36825
13361 5.36825
13362 5.36825
13363 5.36825
13364 5.36825
13365 5.36825
13366 5.36825
13367 5.36825
13368 5.36825
13369 5.36825
13370 5.36825
13371 5.36825
13372 5.36825
13373 5.36825
13374 5.36825
13375 5.36825
13376 5.36825
13377 5.36825
13378 5.36825
13379 5.36825
13380 5.36825
13381 5.36825
13382 5.36825
13383 5.36825
13384 5.36825
13385 5.36825
13386 5.36825
13387 5.36825
13388 5.36825
13389 5.36825
13390 5.36825
13391 5.36825
13392 5.36825
13393 5.36825
13394 5.36825
13395 5.36825
13396 5.36825
13397 5.36825
13398 5.36825
13399 5.36825
13400 5.36825
13401 0.369804
13402 0.369804
13403 0.369804
13404 0.369804
13405 0.369804
13406 0.369804
13407 0.369804
13408 0.369804
13409 0.369804
13410 0.369804
13411 0.369804
13412 0.369804
13413 0.369804
13414 0.369804
13415 0.369804
13416 0.369804
13417 0.369804
13418 0.369804
13419 0.369804
13420 0.369804
13421 0.369804
13422 0.369804
13423 0.369804
13424 0.369804
13425 0.369804
13426 0.369804
13427 0.369804
13428 0.369804
13429 0.369804
13430 0.369804
13431 0.369804
13432 0.369804
13433 0.369804
13434 0.369804
13435 0.369804
13436 0.369804
13437 0.369804
13438 0.369804
13439 0.369804
13440 0.369804
13441 0.369804
13442 0.369804
13443 0.369804
13444 0.369804
13445 0.369804
13446 0.369804
13447 0.369804
13448 0.369804
13449 0.369804
13450 0.369804
13451 1.87446
13452 1.87446
13453 1.87446
13454 1.87446
13455 1.87446
13456 1.87446
13457 1.87446
13458 1.87446
13459 1.87446
13460 1.87446
13461 1.87446
13462 1.87446
13463 1.87446
13464 1.87446
13465 1.87446
13466 1.87446
13467 1.87446
13468 1.87446
13469 1.87446
13470 1.87446
13471 1.87446
13472 1.87446
13473 1.87446
13474 1.87446
13475 1.87446
13476 1.87446
13477 1.87446
13478 1.87446
13479 1.87446
13480 1.87446
13481 1.87446
13482 1.87446
13483 1.87446
13484 1.87446
13485 1.87446
13486 1.87446
13487 1.87446
13488 1.87446
13489 1.87446
13490 1.87446
13491 1.87446
13492 1.87446
13493 1.87446
13494 1.87446
13495 1.87446
13496 1.87446
13497 1.87446
13498 1.87446
13499 1.87446
13500 1.87446
13501 0.273672
13502 0.273672
13503 0.273672
13504 0.273672
13505 0.273672
13506 0.273672
13507 0.273672
13508 0.273672
13509 0.273672
13510 0.273672
13511 0.273672
13512 0.273672
13513 0.273672
13514 0.273672
13515 0.273672
13516 0.273672
13517 0.273672
13518 0.273672
13519 0.273672
13520 0.273672
13521 0.273672
13522 0.273672
13523 0.273672
13524 0.273672
13525 0.273672
13526 0.273672
13527 0.273672
13528 0.273672
13529 0.273672
13530 0.273672
13531 0.273672
13532 0.273672
13533 0.273672
13534 0.273672
13535 0.273672
13536 0.273672
13537 0.273672
13538 0.273672
13539 0.273672
13540 0.273672
13541 0.273672
13542 0.273672
13543 0.273672
13544 0.273672
13545 0.273672
13546 0.273672
13547 0.273672
13548 0.273672
13549 0.273672
13550 0.273672
13551 2.51418
13552 2.51418
13553 2.51418
13554 2.51418
13555 2.51418
13556 2.51418
13557 2.51418
13558 2.51418
13559 2.51418
13560 2.51418
13561 2.51418
13562 2.51418
13563 2.51418
13564 2.51418
13565 2.51418
13566 2.51418
13567 2.51418
13568 2.51418
13569 2.51418
13570 2.51418
13571 2.51418
13572 2.51418
13573 2.51418
13574 2.51418
13575 2.51418
13576 2.51418
13577 2.51418
13578 2.51418
13579 2.51418
13580 2.51418
13581 2.51418
13582 2.51418
13583 2.51418
13584 2.51418
13585 2.51418
13586 2.51418
13587 2.51418
13588 2.51418
13589 2.51418
13590 2.51418
13591 2.51418
13592 2.51418
13593 2.51418
13594 2.51418
13595 2.51418
13596 2.51418
13597 2.51418
13598 2.51418
13599 2.51418
13600 2.51418
13601 4.49486
13602 4.49486
13603 4.49486
13604 4.49486
13605 4.49486
13606 4.49486
13607 4.49486
13608 4.49486
13609 4.49486
13610 4.49486
13611 4.49486
13612 4.49486
13613 4.49486
13614 4.49486
13615 4.49486
13616 4.49486
13617 4.49486
13618 4.49486
13619 4.49486
13620 4.49486
13621 4.49486
13622 4.49486
13623 4.49486
13624 4.49486
13625 4.49486
13626 4.49486
13627 4.49486
13628 4.49486
13629 4.49486
13630 4.49486
13631 4.49486
13632 4.49486
13633 4.49486
13634 4.49486
13635 4.49486
13636 4.49486
13637 4.49486
13638 4.49486
13639 4.49486
13640 4.49486
13641 4.49486
13642 4.49486
13643 4.49486
13644 4.49486
13645 4.49486
13646 4.49486
13647 4.49486
13648 4.49486
13649 4.49486
13650 4.49486
13651 2.26821
13652 2.26821
13653 2.26821
13654 2.26821
13655 2.26821
13656 2.26821
13657 2.26821
13658 2.26821
13659 2.26821
13660 2.26821
13661 2.26821
13662 2.26821
13663 2.26821
13664 2.26821
13665 2.26821
13666 2.26821
13667 2.26821
13668 2.26821
13669 2.26821
13670 2.26821
13671 2.26821
13672 2.26821
13673 2.26821
13674 2.26821
13675 2.26821
13676 2.26821
13677 2.26821
13678 2.26821
13679 2.26821
13680 2.26821
13681 2.26821
13682 2.26821
13683 2.26821
13684 2.26821
13685 2.26821
13686 2.26821
13687 2.26821
13688 2.26821
13689 2.26821
13690 2.26821
13691 2.26821
13692 2.26821
13693 2.26821
13694 2.26821
13695 2.26821
13696 2.26821
13697 2.26821
13698 2.26821
13699 2.26821
13700 2.26821
13701 2.12057
13702 2.12057
13703 2.12057
13704 2.12057
13705 2.12057
13706 2.12057
13707 2.12057
13708 2.12057
13709 2.12057
13710 2.12057
13711 2.12057
13712 2.12057
13713 2.12057
13714 2.12057
13715 2.12057
13716 2.12057
13717 2.12057
13718 2.12057
13719 2.12057
13720 2.12057
13721 2.12057
13722 2.12057
13723 2.12057
13724 2.12057
13725 2.12057
13726 2.12057
13727 2.12057
13728 2.12057
13729 2.12057
13730 2.12057
13731 2.12057
13732 2.12057
13733 2.12057
13734 2.12057
13735 2.12057
13736 2.12057
13737 2.12057
13738 2.12057
13739 2.12057
13740 2.12057
13741 2.12057
13742 2.12057
13743 2.12057
13744 2.12057
13745 2.12057
13746 2.12057
13747 2.12057
13748 2.12057
13749 2.12057
13750 2.12057
13751 5.52335
13752 5.52335
13753 5.52335
13754 5.52335
13755 5.52335
13756 5.52335
13757 5.52335
13758 5.52335
13759 5.52335
13760 5.52335
13761 5.52335
13762 5.52335
13763 5.52335
13764 5.52335
13765 5.52335
13766 5.52335
13767 5.52335
13768 5.52335
13769 5.52335
13770 5.52335
13771 5.52335
13772 5.52335
13773 5.52335
13774 5.52335
13775 5.52335
13776 5.52335
13777 5.52335
13778 5.52335
13779 5.52335
13780 5.52335
13781 5.52335
13782 5.52335
13783 5.52335
13784 5.52335
13785 5.52335
13786 5.52335
13787 5.52335
13788 5.52335
13789 5.52335
13790 5.52335
13791 5.52335
13792 5.52335
13793 5.52335
13794 5.52335
13795 5.52335
13796 5.52335
13797 5.52335
13798 5.52335
13799 5.52335
13800 5.52335
13801 5.39746
13802 5.39746
13803 5.39746
13804 5.39746
13805 5.39746
13806 5.39746
13807 5.39746
13808 5.39746
13809 5.39746
13810 5.39746
13811 5.39746
13812 5.39746
13813 5.39746
13814 5.39746
13815 5.39746
13816 5.39746
13817 5.39746
13818 5.39746
13819 5.39746
13820 5.39746
13821 5.39746
13822 5.39746
13823 5.39746
13824 5.39746
13825 5.39746
13826 5.39746
13827 5.39746
13828 5.39746
13829 5.39746
13830 5.39746
13831 5.39746
13832 5.39746
13833 5.39746
13834 5.39746
13835 5.39746
13836 5.39746
13837 5.39746
13838 5.39746
13839 5.39746
13840 5.39746
13841 5.39746
13842 5.39746
13843 5.39746
13844 5.39746
13845 5.39746
13846 5.39746
13847 5.39746
13848 5.39746
13849 5.39746
13850 5.39746
13851 4.28479
13852 4.28479
13853 4.28479
13854 4.28479
13855 4.28479
13856 4.28479
13857 4.28479
13858 4.28479
13859 4.28479
13860 4.28479
13861 4.28479
13862 4.28479
13863 4.28479
13864 4.28479
13865 4.28479
13866 4.28479
13867 4.28479
13868 4.28479
13869 4.28479
13870 4.28479
13871 4.28479
13872 4.28479
13873 4.28479
13874 4.28479
13875 4.28479
13876 4.28479
13877 4.28479
13878 4.28479
13879 4.28479
13880 4.28479
13881 4.28479
13882 4.28479
13883 4.28479
13884 4.28479
13885 4.28479
13886 4.28479
13887 4.28479
13888 4.28479
13889 4.28479
13890 4.28479
13891 4.28479
13892 4.28479
13893 4.28479
13894 4.28479
13895 4.28479
13896 4.28479
13897 4.28479
13898 4.28479
13899 4.28479
13900 4.28479
13901 5.87528
13902 5.87528
13903 5.87528
13904 5.87528
13905 5.87528
13906 5.87528
13907 5.87528
13908 5.87528
13909 5.87528
13910 5.87528
13911 5.87528
13912 5.87528
13913 5.87528
13914 5.87528
13915 5.87528
13916 5.87528
13917 5.87528
13918 5.87528
13919 5.87528
13920 5.87528
13921 5.87528
13922 5.87528
13923 5.87528
13924 5.87528
13925 5.87528
13926 5.87528
13927 5.87528
13928 5.87528
13929 5.87528
13930 5.87528
13931 5.87528
13932 5.87528
13933 5.87528
13934 5.87528
13935 5.87528
13936 5.87528
13937 5.87528
13938 5.87528
13939 5.87528
13940 5.87528
13941 5.87528
13942 5.87528
13943 5.87528
13944 5.87528
13945 5.87528
13946 5.87528
13947 5.87528
13948 5.87528
13949 5.87528
13950 5.87528
13951 3.62558
13952 3.62558
13953 3.62558
13954 3.62558
13955 3.62558
13956 3.62558
13957 3.62558
13958 3.62558
13959 3.62558
13960 3.62558
13961 3.62558
13962 3.62558
13963 3.62558
13964 3.62558
13965 3.62558
13966 3.62558
13967 3.62558
13968 3.62558
13969 3.62558
13970 3.62558
13971 3.62558
13972 3.62558
13973 3.62558
13974 3.62558
13975 3.62558
13976 3.62558
13977 3.62558
13978 3.62558
13979 3.62558
13980 3.62558
13981 3.62558
13982 3.62558
13983 3.62558
13984 3.62558
13985 3.62558
13986 3.62558
13987 3.62558
13988 3.62558
13989 3.62558
13990 3.62558
13991 3.62558
13992 3.62558
13993 3.62558
13994 3.62558
13995 3.62558
13996 3.62558
13997 3.62558
13998 3.62558
13999 3.62558
14000 3.62558
14001 4.49996
14002 4.49996
14003 4.49996
14004 4.49996
14005 4.49996
14006 4.49996
14007 4.49996
14008 4.49996
14009 4.49996
14010 4.49996
14011 4.49996
14012 4.49996
14013 4.49996
14014 4.49996
14015 4.49996
14016 4.49996
14017 4.49996
14018 4.49996
14019 4.49996
14020 4.49996
14021 4.49996
14022 4.49996
14023 4.49996
14024 4.49996
14025 4.49996
14026 4.49996
14027 4.49996
14028 4.49996
14029 4.49996
14030 4.49996
14031 4.49996
14032 4.49996
14033 4.49996
14034 4.49996
14035 4.49996
14036 4.49996
14037 4.49996
14038 4.49996
14039 4.49996
14040 4.49996
14041 4.49996
14042 4.49996
14043 4.49996
14044 4.49996
14045 4.49996
14046 4.49996
14047 4.49996
14048 4.49996
14049 4.49996
14050 4.49996
14051 1.87855
14052 1.87855
14053 1.87855
14054 1.87855
14055 1.87855
14056 1.87855
14057 1.87855
14058 1.87855
14059 1.87855
14060 1.87855
14061 1.87855
14062 1.87855
14063 1.87855
14064 1.87855
14065 1.87855
14066 1.87855
14067 1.87855
14068 1.87855
14069 1.87855
14070 1.87855
14071 1.87855
14072 1.87855
14073 1.87855
14074 1.87855
14075 1.87855
14076 1.87855
14077 1.87855
14078 1.87855
14079 1.87855
14080 1.87855
14081 1.87855
14082 1.87855
14083 1.87855
14084 1.87855
14085 1.87855
14086 1.87855
14087 1.87855
14088 1.87855
14089 1.87855
14090 1.87855
14091 1.87855
14092 1.87855
14093 1.87855
14094 1.87855
14095 1.87855
14096 1.87855
14097 1.87855
14098 1.87855
14099 1.87855
14100 1.87855
14101 6.18096
14102 6.18096
14103 6.18096
14104 6.18096
14105 6.18096
14106 6.18096
14107 6.18096
14108 6.18096
14109 6.18096
14110 6.18096
14111 6.18096
14112 6.18096
14113 6.18096
14114 6.18096
14115 6.18096
14116 6.18096
14117 6.18096
14118 6.18096
14119 6.18096
14120 6.18096
14121 6.18096
14122 6.18096
14123 6.18096
14124 6.18096
14125 6.18096
14126 6.18096
14127 6.18096
14128 6.18096
14129 6.18096
14130 6.18096
14131 6.18096
14132 6.18096
14133 6.18096
14134 6.18096
14135 6.18096
14136 6.18096
14137 6.18096
14138 6.18096
14139 6.18096
14140 6.18096
14141 6.18096
14142 6.18096
14143 6.18096
14144 6.18096
14145 6.18096
14146 6.18096
14147 6.18096
14148 6.18096
14149 6.18096
14150 6.18096
14151 4.81969
14152 4.81969
14153 4.81969
14154 4.81969
14155 4.81969
14156 4.81969
14157 4.81969
14158 4.81969
14159 4.81969
14160 4.81969
14161 4.81969
14162 4.81969
14163 4.81969
14164 4.81969
14165 4.81969
14166 4.81969
14167 4.81969
14168 4.81969
14169 4.81969
14170 4.81969
14171 4.81969
14172 4.81969
14173 4.81969
14174 4.81969
14175 4.81969
14176 4.81969
14177 4.81969
14178 4.81969
14179 4.81969
14180 4.81969
14181 4.81969
14182 4.81969
14183 4.81969
14184 4.81969
14185 4.81969
14186 4.81969
14187 4.81969
14188 4.81969
14189 4.81969
14190 4.81969
14191 4.81969
14192 4.81969
14193 4.81969
14194 4.81969
14195 4.81969
14196 4.81969
14197 4.81969
14198 4.81969
14199 4.81969
14200 4.81969
14201 1.9859
14202 1.9859
14203 1.9859
14204 1.9859
14205 1.9859
14206 1.9859
14207 1.9859
14208 1.9859
14209 1.9859
14210 1.9859
14211 1.9859
14212 1.9859
14213 1.9859
14214 1.9859
14215 1.9859
14216 1.9859
14217 1.9859
14218 1.9859
14219 1.9859
14220 1.9859
14221 1.9859
14222 1.9859
14223 1.9859
14224 1.9859
14225 1.9859
14226 1.9859
14227 1.9859
14228 1.9859
14229 1.9859
14230 1.9859
14231 1.9859
14232 1.9859
14233 1.9859
14234 1.9859
14235 1.9859
14236 1.9859
14237 1.9859
14238 1.9859
14239 1.9859
14240 1.9859
14241 1.9859
14242 1.9859
14243 1.9859
14244 1.9859
14245 1.9859
14246 1.9859
14247 1.9859
14248 1.9859
14249 1.9859
14250 1.9859
14251 5.17925
14252 5.17925
14253 5.17925
14254 5.17925
14255 5.17925
14256 5.17925
14257 5.17925
14258 5.17925
14259 5.17925
14260 5.17925
14261 5.17925
14262 5.17925
14263 5.17925
14264 5.17925
14265 5.17925
14266 5.17925
14267 5.17925
14268 5.17925
14269 5.17925
14270 5.17925
14271 5.17925
14272 5.17925
14273 5.17925
14274 5.17925
14275 5.17925
14276 5.17925
14277 5.17925
14278 5.17925
14279 5.17925
14280 5.17925
14281 5.17925
14282 5.17925
14283 5.17925
14284 5.17925
14285 5.17925
14286 5.17925
14287 5.17925
14288 5.17925
14289 5.17925
14290 5.17925
14291 5.17925
14292 5.17925
14293 5.17925
14294 5.17925
14295 5.17925
14296 5.17925
14297 5.17925
14298 5.17925
14299 5.17925
14300 5.17925
14301 5.04435
14302 5.04435
14303 5.04435
14304 5.04435
14305 5.04435
14306 5.04435
14307 5.04435
14308 5.04435
14309 5.04435
14310 5.04435
14311 5.04435
14312 5.04435
14313 5.04435
14314 5.04435
14315 5.04435
14316 5.04435
14317 5.04435
14318 5.04435
14319 5.04435
14320 5.04435
14321 5.04435
14322 5.04435
14323 5.04435
14324 5.04435
14325 5.04435
14326 5.04435
14327 5.04435
14328 5.04435
14329 5.04435
14330 5.04435
14331 5.04435
14332 5.04435
14333 5.04435
14334 5.04435
14335 5.04435
14336 5.04435
14337 5.04435
14338 5.04435
14339 5.04435
14340 5.04435
14341 5.04435
14342 5.04435
14343 5.04435
14344 5.04435
14345 5.04435
14346 5.04435
14347 5.04435
14348 5.04435
14349 5.04435
14350 5.04435
14351 0.0827404
14352 0.0827404
14353 0.0827404
14354 0.0827404
14355 0.0827404
14356 0.0827404
14357 0.0827404
14358 0.0827404
14359 0.0827404
14360 0.0827404
14361 0.0827404
14362 0.0827404
14363 0.0827404
14364 0.0827404
14365 0.0827404
14366 0.0827404
14367 0.0827404
14368 0.0827404
14369 0.0827404
14370 0.0827404
14371 0.0827404
14372 0.0827404
14373 0.0827404
14374 0.0827404
14375 0.0827404
14376 0.0827404
14377 0.0827404
14378 0.0827404
14379 0.0827404
14380 0.0827404
14381 0.0827404
14382 0.0827404
14383 0.0827404
14384 0.0827404
14385 0.0827404
14386 0.0827404
14387 0.0827404
14388 0.0827404
14389 0.0827404
14390 0.0827404
14391 0.0827404
14392 0.0827404
14393 0.0827404
14394 0.0827404
14395 0.0827404
14396 0.0827404
14397 0.0827404
14398 0.0827404
14399 0.0827404
14400 0.0827404
14401 4.58324
14402 4.58324
14403 4.58324
14404 4.58324
14405 4.58324
14406 4.58324
14407 4.58324
14408 4.58324
14409 4.58324
14410 4.58324
14411 4.58324
14412 4.58324
14413 4.58324
14414 4.58324
14415 4.58324
14416 4.58324
14417 4.58324
14418 4.58324
14419 4.58324
14420 4.58324
14421 4.58324
14422 4.58324
14423 4.58324
14424 4.58324
14425 4.58324
14426 4.58324
14427 4.58324
14428 4.58324
14429 4.58324
14430 4.58324
14431 4.58324
14432 4.58324
14433 4.58324
14434 4.58324
14435 4.58324
14436 4.58324
14437 4.58324
14438 4.58324
14439 4.58324
14440 4.58324
14441 4.58324
14442 4.58324
14443 4.58324
14444 4.58324
14445 4.58324
14446 4.58324
14447 4.58324
14448 4.58324
14449 4.58324
14450 4.58324
14451 5.75827
14452 5.75827
14453 5.75827
14454 5.75827
14455 5.75827
14456 5.75827
14457 5.75827
14458 5.75827
14459 5.75827
14460 5.75827
14461 5.75827
14462 5.75827
14463 5.75827
14464 5.75827
14465 5.75827
14466 5.75827
14467 5.75827
14468 5.75827
14469 5.75827
14470 5.75827
14471 5.75827
14472 5.75827
14473 5.75827
14474 5.75827
14475 5.75827
14476 5.75827
14477 5.75827
14478 5.75827
14479 5.75827
14480 5.75827
14481 5.75827
14482 5.75827
14483 5.75827
14484 5.75827
14485 5.75827
14486 5.75827
14487 5.75827
14488 5.75827
14489 5.75827
14490 5.75827
14491 5.75827
14492 5.75827
14493 5.75827
14494 5.75827
14495 5.75827
14496 5.75827
14497 5.75827
14498 5.75827
14499 5.75827
14500 5.75827
14501 3.20148
14502 3.20148
14503 3.20148
14504 3.20148
14505 3.20148
14506 3.20148
14507 3.20148
14508 3.20148
14509 3.20148
14510 3.20148
14511 3.20148
14512 3.20148
14513 3.20148
14514 3.20148
14515 3.20148
14516 3.20148
14517 3.20148
14518 3.20148
14519 3.20148
14520 3.20148
14521 3.20148
14522 3.20148
14523 3.20148
14524 3.20148
14525 3.20148
14526 3.20148
14527 3.20148
14528 3.20148
14529 3.20148
14530 3.20148
14531 3.20148
14532 3.20148
14533 3.20148
14534 3.20148
14535 3.20148
14536 3.20148
14537 3.20148
14538 3.20148
14539 3.20148
14540 3.20148
14541 3.20148
14542 3.20148
14543 3.20148
14544 3.20148
14545 3.20148
14546 3.20148
14547 3.20148
14548 3.20148
14549 3.20148
14550 3.20148
14551 5.74053
14552 5.74053
14553 5.74053
14554 5.74053
14555 5.74053
14556 5.74053
14557 5.74053
14558 5.74053
14559 5.74053
14560 5.74053
14561 5.74053
14562 5.74053
14563 5.74053
14564 5.74053
14565 5.74053
14566 5.74053
14567 5.74053
14568 5.74053
14569 5.74053
14570 5.74053
14571 5.74053
14572 5.74053
14573 5.74053
14574 5.74053
14575 5.74053
14576 5.74053
14577 5.74053
14578 5.74053
14579 5.74053
14580 5.74053
14581 5.74053
14582 5.74053
14583 5.74053
14584 5.74053
14585 5.74053
14586 5.74053
14587 5.74053
14588 5.74053
14589 5.74053
14590 5.74053
14591 5.74053
14592 5.74053
14593 5.74053
14594 5.74053
14595 5.74053
14596 5.74053
14597 5.74053
14598 5.74053
14599 5.74053
14600 5.74053
14601 4.21415
14602 4.21415
14603 4.21415
14604 4.21415
14605 4.21415
14606 4.21415
14607 4.21415
14608 4.21415
14609 4.21415
14610 4.21415
14611 4.21415
14612 4.21415
14613 4.21415
14614 4.21415
14615 4.21415
14616 4.21415
14617 4.21415
14618 4.21415
14619 4.21415
14620 4.21415
14621 4.21415
14622 4.21415
14623 4.21415
14624 4.21415
14625 4.21415
14626 4.21415
14627 4.21415
14628 4.21415
14629 4.21415
14630 4.21415
14631 4.21415
14632 4.21415
14633 4.21415
14634 4.21415
14635 4.21415
14636 4.21415
14637 4.21415
14638 4.21415
14639 4.21415
14640 4.21415
14641 4.21415
14642 4.21415
14643 4.21415
14644 4.21415
14645 4.21415
14646 4.21415
14647 4.21415
14648 4.21415
14649 4.21415
14650 4.21415
14651 1.38099
14652 1.38099
14653 1.38099
14654 1.38099
14655 1.38099
14656 1.38099
14657 1.38099
14658 1.38099
14659 1.38099
14660 1.38099
14661 1.38099
14662 1.38099
14663 1.38099
14664 1.38099
14665 1.38099
14666 1.38099
14667 1.38099
14668 1.38099
14669 1.38099
14670 1.38099
14671 1.38099
14672 1.38099
14673 1.38099
14674 1.38099
14675 1.38099
14676 1.38099
14677 1.38099
14678 1.38099
14679 1.38099
14680 1.38099
14681 1.38099
14682 1.38099
14683 1.38099
14684 1.38099
14685 1.38099
14686 1.38099
14687 1.38099
14688 1.38099
14689 1.38099
14690 1.38099
14691 1.38099
14692 1.38099
14693 1.38099
14694 1.38099
14695 1.38099
14696 1.38099
14697 1.38099
14698 1.38099
14699 1.38099
14700 1.38099
14701 5.51152
14702 5.51152
14703 5.51152
14704 5.51152
14705 5.51152
14706 5.51152
14707 5.51152
14708 5.51152
14709 5.51152
14710 5.51152
14711 5.51152
14712 5.51152
14713 5.51152
14714 5.51152
14715 5.51152
14716 5.51152
14717 5.51152
14718 5.51152
14719 5.51152
14720 5.51152
14721 5.51152
14722 5.51152
14723 5.51152
14724 5.51152
14725 5.51152
14726 5.51152
14727 5.51152
14728 5.51152
14729 5.51152
14730 5.51152
14731 5.51152
14732 5.51152
14733 5.51152
14734 5.51152
14735 5.51152
14736 5.51152
14737 5.51152
14738 5.51152
14739 5.51152
14740 5.51152
14741 5.51152
14742 5.51152
14743 5.51152
14744 5.51152
14745 5.51152
14746 5.51152
14747 5.51152
14748 5.51152
14749 5.51152
14750 5.51152
14751 6.0086
14752 6.0086
14753 6.0086
14754 6.0086
14755 6.0086
14756 6.0086
14757 6.0086
14758 6.0086
14759 6.0086
14760 6.0086
14761 6.0086
14762 6.0086
14763 6.0086
14764 6.0086
14765 6.0086
14766 6.0086
14767 6.0086
14768 6.0086
14769 6.0086
14770 6.0086
14771 6.0086
14772 6.0086
14773 6.0086
14774 6.0086
14775 6.0086
14776 6.0086
14777 6.0086
14778 6.0086
14779 6.0086
14780 6.0086
14781 6.0086
14782 6.0086
14783 6.0086
14784 6.0086
14785 6.0086
14786 6.0086
14787 6.0086
14788 6.0086
14789 6.0086
14790 6.0086
14791 6.0086
14792 6.0086
14793 6.0086
14794 6.0086
14795 6.0086
14796 6.0086
14797 6.0086
14798 6.0086
14799 6.0086
14800 6.0086
14801 1.7586
14802 1.7586
14803 1.7586
14804 1.7586
14805 1.7586
14806 1.7586
14807 1.7586
14808 1.7586
14809 1.7586
14810 1.7586
14811 1.7586
14812 1.7586
14813 1.7586
14814 1.7586
14815 1.7586
14816 1.7586
14817 1.7586
14818 1.7586
14819 1.7586
14820 1.7586
14821 1.7586
14822 1.7586
14823 1.7586
14824 1.7586
14825 1.7586
14826 1.7586
14827 1.7586
14828 1.7586
14829 1.7586
14830 1.7586
14831 1.7586
14832 1.7586
14833 1.7586
14834 1.7586
14835 1.7586
14836 1.7586
14837 1.7586
14838 1.7586
14839 1.7586
14840 1.7586
14841 1.7586
14842 1.7586
14843 1.7586
14844 1.7586
14845 1.7586
14846 1.7586
14847 1.7586
14848 1.7586
14849 1.7586
14850 1.7586
14851 0.736603
14852 0.736603
14853 0.736603
14854 0.736603
14855 0.736603
14856 0.736603
14857 0.736603
14858 0.736603
14859 0.736603
14860 0.736603
14861 0.736603
14862 0.736603
14863 0.736603
14864 0.736603
14865 0.736603
14866 0.736603
14867 0.736603
14868 0.736603
14869 0.736603
14870 0.736603
14871 0.736603
14872 0.736603
14873 0.736603
14874 0.736603
14875 0.736603
14876 0.736603
14877 0.736603
14878 0.736603
14879 0.736603
14880 0.736603
14881 0.736603
14882 0.736603
14883 0.736603
14884 0.736603
14885 0.736603
14886 0.736603
14887 0.736603
14888 0.736603
14889 0.736603
14890 0.736603
14891 0.736603
14892 0.736603
14893 0.736603
14894 0.736603
14895 0.736603
14896 0.736603
14897 0.736603
14898 0.736603
14899 0.736603
14900 0.736603
14901 5.0618
14902 5.0618
14903 5.0618
14904 5.0618
14905 5.0618
14906 5.0618
14907 5.0618
14908 5.0618
14909 5.0618
14910 5.0618
14911 5.0618
14912 5.0618
14913 5.0618
14914 5.0618
14915 5.0618
14916 5.0618
14917 5.0618
14918 5.0618
14919 5.0618
14920 5.0618
14921 5.0618
14922 5.0618
14923 5.0618
14924 5.0618
14925 5.0618
14926 5.0618
14927 5.0618
14928 5.0618
14929 5.0618
14930 5.0618
14931 5.0618
14932 5.0618
14933 5.0618
14934 5.0618
14935 5.0618
14936 5.0618
14937 5.0618
14938 5.0618
14939 5.0618
14940 5.0618
14941 5.0618
14942 5.0618
14943 5.0618
14944 5.0618
14945 5.0618
14946 5.0618
14947 5.0618
14948 5.0618
14949 5.0618
14950 5.0618
14951 3.89646
14952 3.89646
14953 3.89646
14954 3.89646
14955 3.89646
14956 3.89646
14957 3.89646
14958 3.89646
14959 3.89646
14960 3.89646
14961 3.89646
14962 3.89646
14963 3.89646
14964 3.89646
14965 3.89646
14966 3.89646
14967 3.89646
14968 3.89646
14969 3.89646
14970 3.89646
14971 3.89646
14972 3.89646
14973 3.89646
14974 3.89646
14975 3.89646
14976 3.89646
14977 3.89646
14978 3.89646
14979 3.89646
14980 3.89646
14981 3.89646
14982 3.89646
14983 3.89646
14984 3.89646
14985 3.89646
14986 3.89646
14987 3.89646
14988 3.89646
14989 3.89646
14990 3.89646
14991 3.89646
14992 3.89646
14993 3.89646
14994 3.89646
14995 3.89646
14996 3.89646
14997 3.89646
14998 3.89646
14999 3.89646
15000 3.89646
15001 3.05557
15002 3.05557
15003 3.05557
15004 3.05557
15005 3.05557
15006 3.05557
15007 3.05557
15008 3.05557
15009 3.05557
15010 3.05557
15011 3.05557
15012 3.05557
15013 3.05557
15014 3.05557
15015 3.05557
15016 3.05557
15017 3.05557
15018 3.05557
15019 3.05557
15020 3.05557
15021 3.05557
15022 3.05557
15023 3.05557
15024 3.05557
15025 3.05557
15026 3.05557
15027 3.05557
15028 3.05557
15029 3.05557
15030 3.05557
15031 3.05557
15032 3.05557
15033 3.05557
15034 3.05557
15035 3.05557
15036 3.05557
15037 3.05557
15038 3.05557
15039 3.05557
15040 3.05557
15041 3.05557
15042 3.05557
15043 3.05557
15044 3.05557
15045 3.05557
15046 3.05557
15047 3.05557
15048 3.05557
15049 3.05557
15050 3.05557
15051 1.53014
15052 1.53014
15053 1.53014
15054 1.53014
15055 1.53014
15056 1.53014
15057 1.53014
15058 1.53014
15059 1.53014
15060 1.53014
15061 1.53014
15062 1.53014
15063 1.53014
15064 1.53014
15065 1.53014
15066 1.53014
15067 1.53014
15068 1.53014
15069 1.53014
15070 1.53014
15071 1.53014
15072 1.53014
15073 1.53014
15074 1.53014
15075 1.53014
15076 1.53014
15077 1.53014
15078 1.53014
15079 1.53014
15080 1.53014
15081 1.53014
15082 1.53014
15083 1.53014
15084 1.53014
15085 1.53014
15086 1.53014
15087 1.53014
15088 1.53014
15089 1.53014
15090 1.53014
15091 1.53014
15092 1.53014
15093 1.53014
15094 1.53014
15095 1.53014
15096 1.53014
15097 1.53014
15098 1.53014
15099 1.53014
15100 1.53014
15101 0.545001
15102 0.545001
15103 0.545001
15104 0.545001
15105 0.545001
15106 0.545001
15107 0.545001
15108 0.545001
15109 0.545001
15110 0.545001
15111 0.545001
15112 0.545001
15113 0.545001
15114 0.545001
15115 0.545001
15116 0.545001
15117 0.545001
15118 0.545001
15119 0.545001
15120 0.545001
15121 0.545001
15122 0.545001
15123 0.545001
15124 0.545001
15125 0.545001
15126 0.545001
15127 0.545001
15128 0.545001
15129 0.545001
15130 0.545001
15131 0.545001
15132 0.545001
15133 0.545001
15134 0.545001
15135 0.545001
15136 0.545001
15137 0.545001
15138 0.545001
15139 0.545001
15140 0.545001
15141 0.545001
15142 0.545001
15143 0.545001
15144 0.545001
15145 0.545001
15146 0.545001
15147 0.545001
15148 0.545001
15149 0.545001
15150 0.545001
15151 0.610558
15152 0.610558
15153 0.610558
15154 0.610558
15155 0.610558
15156 0.610558
15157 0.610558
15158 0.610558
15159 0.610558
15160 0.610558
15161 0.610558
15162 0.610558
15163 0.610558
15164 0.610558
15165 0.610558
15166 0.610558
15167 0.610558
15168 0.610558
15169 0.610558
15170 0.610558
15171 0.610558
15172 0.610558
15173 0.610558
15174 0.610558
15175 0.610558
15176 0.610558
15177 0.610558
15178 0.610558
15179 0.610558
15180 0.610558
15181 0.610558
15182 0.610558
15183 0.610558
15184 0.610558
15185 0.610558
15186 0.610558
15187 0.610558
15188 0.610558
15189 0.610558
15190 0.610558
15191 0.610558
15192 0.610558
15193 0.610558
15194 0.610558
15195 0.610558
15196 0.610558
15197 0.610558
15198 0.610558
15199 0.610558
15200 0.610558
15201 4.68383
15202 4.68383
15203 4.68383
15204 4.68383
15205 4.68383
15206 4.68383
15207 4.68383
15208 4.68383
15209 4.68383
15210 4.68383
15211 4.68383
15212 4.68383
15213 4.68383
15214 4.68383
15215 4.68383
15216 4.68383
15217 4.68383
15218 4.68383
15219 4.68383
15220 4.68383
15221 4.68383
15222 4.68383
15223 4.68383
15224 4.68383
15225 4.68383
15226 4.68383
15227 4.68383
15228 4.68383
15229 4.68383
15230 4.68383
15231 4.68383
15232 4.68383
15233 4.68383
15234 4.68383
15235 4.68383
15236 4.68383
15237 4.68383
15238 4.68383
15239 4.68383
15240 4.68383
15241 4.68383
15242 4.68383
15243 4.68383
15244 4.68383
15245 4.68383
15246 4.68383
15247 4.68383
15248 4.68383
15249 4.68383
15250 4.68383
15251 3.27038
15252 3.27038
15253 3.27038
15254 3.27038
15255 3.27038
15256 3.27038
15257 3.27038
15258 3.27038
15259 3.27038
15260 3.27038
15261 3.27038
15262 3.27038
15263 3.27038
15264 3.27038
15265 3.27038
15266 3.27038
15267 3.27038
15268 3.27038
15269 3.27038
15270 3.27038
15271 3.27038
15272 3.27038
15273 3.27038
15274 3.27038
15275 3.27038
15276 3.27038
15277 3.27038
15278 3.27038
15279 3.27038
15280 3.27038
15281 3.27038
15282 3.27038
15283 3.27038
15284 3.27038
15285 3.27038
15286 3.27038
15287 3.27038
15288 3.27038
15289 3.27038
15290 3.27038
15291 3.27038
15292 3.27038
15293 3.27038
15294 3.27038
15295 3.27038
15296 3.27038
15297 3.27038
15298 3.27038
15299 3.27038
15300 3.27038
15301 5.2069
15302 5.2069
15303 5.2069
15304 5.2069
15305 5.2069
15306 5.2069
15307 5.2069
15308 5.2069
15309 5.2069
15310 5.2069
15311 5.2069
15312 5.2069
15313 5.2069
15314 5.2069
15315 5.2069
15316 5.2069
15317 5.2069
15318 5.2069
15319 5.2069
15320 5.2069
15321 5.2069
15322 5.2069
15323 5.2069
15324 5.2069
15325 5.2069
15326 5.2069
15327 5.2069
15328 5.2069
15329 5.2069
15330 5.2069
15331 5.2069
15332 5.2069
15333 5.2069
15334 5.2069
15335 5.2069
15336 5.2069
15337 5.2069
15338 5.2069
15339 5.2069
15340 5.2069
15341 5.2069
15342 5.2069
15343 5.2069
15344 5.2069
15345 5.2069
15346 5.2069
15347 5.2069
15348 5.2069
15349 5.2069
15350 5.2069
15351 2.2783
15352 2.2783
15353 2.2783
15354 2.2783
15355 2.2783
15356 2.2783
15357 2.2783
15358 2.2783
15359 2.2783
15360 2.2783
15361 2.2783
15362 2.2783
15363 2.2783
15364 2.2783
15365 2.2783
15366 2.2783
15367 2.2783
15368 2.2783
15369 2.2783
15370 2.2783
15371 2.2783
15372 2.2783
15373 2.2783
15374 2.2783
15375 2.2783
15376 2.2783
15377 2.2783
15378 2.2783
15379 2.2783
15380 2.2783
15381 2.2783
15382 2.2783
15383 2.2783
15384 2.2783
15385 2.2783
15386 2.2783
15387 2.2783
15388 2.2783
15389 2.2783
15390 2.2783
15391 2.2783
15392 2.2783
15393 2.2783
15394 2.2783
15395 2.2783
15396 2.2783
15397 2.2783
15398 2.2783
15399 2.2783
15400 2.2783
15401 2.65343
15402 2.65343
15403 2.65343
15404 2.65343
15405 2.65343
15406 2.65343
15407 2.65343
15408 2.65343
15409 2.65343
15410 2.65343
15411 2.65343
15412 2.65343
15413 2.65343
15414 2.65343
15415 2.65343
15416 2.65343
15417 2.65343
15418 2.65343
15419 2.65343
15420 2.65343
15421 2.65343
15422 2.65343
15423 2.65343
15424 2.65343
15425 2.65343
15426 2.65343
15427 2.65343
15428 2.65343
15429 2.65343
15430 2.65343
15431 2.65343
15432 2.65343
15433 2.65343
15434 2.65343
15435 2.65343
15436 2.65343
15437 2.65343
15438 2.65343
15439 2.65343
15440 2.65343
15441 2.65343
15442 2.65343
15443 2.65343
15444 2.65343
15445 2.65343
15446 2.65343
15447 2.65343
15448 2.65343
15449 2.65343
15450 2.65343
15451 1.49523
15452 1.49523
15453 1.49523
15454 1.49523
15455 1.49523
15456 1.49523
15457 1.49523
15458 1.49523
15459 1.49523
15460 1.49523
15461 1.49523
15462 1.49523
15463 1.49523
15464 1.49523
15465 1.49523
15466 1.49523
15467 1.49523
15468 1.49523
15469 1.49523
15470 1.49523
15471 1.49523
15472 1.49523
15473 1.49523
15474 1.49523
15475 1.49523
15476 1.49523
15477 1.49523
15478 1.49523
15479 1.49523
15480 1.49523
15481 1.49523
15482 1.49523
15483 1.49523
15484 1.49523
15485 1.49523
15486 1.49523
15487 1.49523
15488 1.49523
15489 1.49523
15490 1.49523
15491 1.49523
15492 1.49523
15493 1.49523
15494 1.49523
15495 1.49523
15496 1.49523
15497 1.49523
15498 1.49523
15499 1.49523
15500 1.49523
15501 3.04606
15502 3.04606
15503 3.04606
15504 3.04606
15505 3.04606
15506 3.04606
15507 3.04606
15508 3.04606
15509 3.04606
15510 3.04606
15511 3.04606
15512 3.04606
15513 3.04606
15514 3.04606
15515 3.04606
15516 3.04606
15517 3.04606
15518 3.04606
15519 3.04606
15520 3.04606
15521 3.04606
15522 3.04606
15523 3.04606
15524 3.04606
15525 3.04606
15526 3.04606
15527 3.04606
15528 3.04606
15529 3.04606
15530 3.04606
15531 3.04606
15532 3.04606
15533 3.04606
15534 3.04606
15535 3.04606
15536 3.04606
15537 3.04606
15538 3.04606
15539 3.04606
15540 3.04606
15541 3.04606
15542 3.04606
15543 3.04606
15544 3.04606
15545 3.04606
15546 3.04606
15547 3.04606
15548 3.04606
15549 3.04606
15550 3.04606
15551 3.15649
15552 3.15649
15553 3.15649
15554 3.15649
15555 3.15649
15556 3.15649
15557 3.15649
15558 3.15649
15559 3.15649
15560 3.15649
15561 3.15649
15562 3.15649
15563 3.15649
15564 3.15649
15565 3.15649
15566 3.15649
15567 3.15649
15568 3.15649
15569 3.15649
15570 3.15649
15571 3.15649
15572 3.15649
15573 3.15649
15574 3.15649
15575 3.15649
15576 3.15649
15577 3.15649
15578 3.15649
15579 3.15649
15580 3.15649
15581 3.15649
15582 3.15649
15583 3.15649
15584 3.15649
15585 3.15649
15586 3.15649
15587 3.15649
15588 3.15649
15589 3.15649
15590 3.15649
15591 3.15649
15592 3.15649
15593 3.15649
15594 3.15649
15595 3.15649
15596 3.15649
15597 3.15649
15598 3.15649
15599 3.15649
15600 3.15649
15601 0.833309
15602 0.833309
15603 0.833309
15604 0.833309
15605 0.833309
15606 0.833309
15607 0.833309
15608 0.833309
15609 0.833309
15610 0.833309
15611 0.833309
15612 0.833309
15613 0.833309
15614 0.833309
15615 0.833309
15616 0.833309
15617 0.833309
15618 0.833309
15619 0.833309
15620 0.833309
15621 0.833309
15622 0.833309
15623 0.833309
15624 0.833309
15625 0.833309
15626 0.833309
15627 0.833309
15628 0.833309
15629 0.833309
15630 0.833309
15631 0.833309
15632 0.833309
15633 0.833309
15634 0.833309
15635 0.833309
15636 0.833309
15637 0.833309
15638 0.833309
15639 0.833309
15640 0.833309
15641 0.833309
15642 0.833309
15643 0.833309
15644 0.833309
15645 0.833309
15646 0.833309
15647 0.833309
15648 0.833309
15649 0.833309
15650 0.833309
15651 4.47191
15652 4.47191
15653 4.47191
15654 4.47191
15655 4.47191
15656 4.47191
15657 4.47191
15658 4.47191
15659 4.47191
15660 4.47191
15661 4.47191
15662 4.47191
15663 4.47191
15664 4.47191
15665 4.47191
15666 4.47191
15667 4.47191
15668 4.47191
15669 4.47191
15670 4.47191
15671 4.47191
15672 4.47191
15673 4.47191
15674 4.47191
15675 4.47191
15676 4.47191
15677 4.47191
15678 4.47191
15679 4.47191
15680 4.47191
15681 4.47191
15682 4.47191
15683 4.47191
15684 4.47191
15685 4.47191
15686 4.47191
15687 4.47191
15688 4.47191
15689 4.47191
15690 4.47191
15691 4.47191
15692 4.47191
15693 4.47191
15694 4.47191
15695 4.47191
15696 4.47191
15697 4.47191
15698 4.47191
15699 4.47191
15700 4.47191
15701 2.72166
15702 2.72166
15703 2.72166
15704 2.72166
15705 2.72166
15706 2.72166
15707 2.72166
15708 2.72166
15709 2.72166
15710 2.72166
15711 2.72166
15712 2.72166
15713 2.72166
15714 2.72166
15715 2.72166
15716 2.72166
15717 2.72166
15718 2.72166
15719 2.72166
15720 2.72166
15721 2.72166
15722 2.72166
15723 2.72166
15724 2.72166
15725 2.72166
15726 2.72166
15727 2.72166
15728 2.72166
15729 2.72166
15730 2.72166
15731 2.72166
15732 2.72166
15733 2.72166
15734 2.72166
15735 2.72166
15736 2.72166
15737 2.72166
15738 2.72166
15739 2.72166
15740 2.72166
15741 2.72166
15742 2.72166
15743 2.72166
15744 2.72166
15745 2.72166
15746 2.72166
15747 2.72166
15748 2.72166
15749 2.72166
15750 2.72166
15751 6.06007
15752 6.06007
15753 6.06007
15754 6.06007
15755 6.06007
15756 6.06007
15757 6.06007
15758 6.06007
15759 6.06007
15760 6.06007
15761 6.06007
15762 6.06007
15763 6.06007
15764 6.06007
15765 6.06007
15766 6.06007
15767 6.06007
15768 6.06007
15769 6.06007
15770 6.06007
15771 6.06007
15772 6.06007
15773 6.06007
15774 6.06007
15775 6.06007
15776 6.06007
15777 6.06007
15778 6.06007
15779 6.06007
15780 6.06007
15781 6.06007
15782 6.06007
15783 6.06007
15784 6.06007
15785 6.06007
15786 6.06007
15787 6.06007
15788 6.06007
15789 6.06007
15790 6.06007
15791 6.06007
15792 6.06007
15793 6.06007
15794 6.06007
15795 6.06007
15796 6.06007
15797 6.06007
15798 6.06007
15799 6.06007
15800 6.06007
15801 2.19389
15802 2.19389
15803 2.19389
15804 2.19389
15805 2.19389
15806 2.19389
15807 2.19389
15808 2.19389
15809 2.19389
15810 2.19389
15811 2.19389
15812 2.19389
15813 2.19389
15814 2.19389
15815 2.19389
15816 2.19389
15817 2.19389
15818 2.19389
15819 2.19389
15820 2.19389
15821 2.19389
15822 2.19389
15823 2.19389
15824 2.19389
15825 2.19389
15826 2.19389
15827 2.19389
15828 2.19389
15829 2.19389
15830 2.19389
15831 2.19389
15832 2.19389
15833 2.19389
15834 2.19389
15835 2.19389
15836 2.19389
15837 2.19389
15838 2.19389
15839 2.19389
15840 2.19389
15841 2.19389
15842 2.19389
15843 2.19389
15844 2.19389
15845 2.19389
15846 2.19389
15847 2.19389
15848 2.19389
15849 2.19389
15850 2.19389
15851 4.16284
15852 4.16284
15853 4.16284
15854 4.16284
15855 4.16284
15856 4.16284
15857 4.16284
15858 4.16284
15859 4.16284
15860 4.16284
15861 4.16284
15862 4.16284
15863 4.16284
15864 4.16284
15865 4.16284
15866 4.16284
15867 4.16284
15868 4.16284
15869 4.16284
15870 4.16284
15871 4.16284
15872 4.16284
15873 4.16284
15874 4.16284
15875 4.16284
15876 4.16284
15877 4.16284
15878 4.16284
15879 4.16284
15880 4.16284
15881 4.16284
15882 4.16284
15883 4.16284
15884 4.16284
15885 4.16284
15886 4.16284
15887 4.16284
15888 4.16284
15889 4.16284
15890 4.16284
15891 4.16284
15892 4.16284
15893 4.16284
15894 4.16284
15895 4.16284
15896 4.16284
15897 4.16284
15898 4.16284
15899 4.16284
15900 4.16284
15901 1.35975
15902 1.35975
15903 1.35975
15904 1.35975
15905 1.35975
15906 1.35975
15907 1.35975
15908 1.35975
15909 1.35975
15910 1.35975
15911 1.35975
15912 1.35975
15913 1.35975
15914 1.35975
15915 1.35975
15916 1.35975
15917 1.35975
15918 1.35975
15919 1.35975
15920 1.35975
15921 1.35975
15922 1.35975
15923 1.35975
15924 1.35975
15925 1.35975
15926 1.35975
15927 1.35975
15928 1.35975
15929 1.35975
15930 1.35975
15931 1.35975
15932 1.35975
15933 1.35975
15934 1.35975
15935 1.35975
15936 1.35975
15937 1.35975
15938 1.35975
15939 1.35975
15940 1.35975
15941 1.35975
15942 1.35975
15943 1.35975
15944 1.35975
15945 1.35975
15946 1.35975
15947 1.35975
15948 1.35975
15949 1.35975
15950 1.35975
15951 3.19381
15952 3.19381
15953 3.19381
15954 3.19381
15955 3.19381
15956 3.19381
15957 3.19381
15958 3.19381
15959 3.19381
15960 3.19381
15961 3.19381
15962 3.19381
15963 3.19381
15964 3.19381
15965 3.19381
15966 3.19381
15967 3.19381
15968 3.19381
15969 3.19381
15970 3.19381
15971 3.19381
15972 3.19381
15973 3.19381
15974 3.19381
15975 3.19381
15976 3.19381
15977 3.19381
15978 3.19381
15979 3.19381
15980 3.19381
15981 3.19381
15982 3.19381
15983 3.19381
15984 3.19381
15985 3.19381
15986 3.19381
15987 3.19381
15988 3.19381
15989 3.19381
15990 3.19381
15991 3.19381
15992 3.19381
15993 3.19381
15994 3.19381
15995 3.19381
15996 3.19381
15997 3.19381
15998 3.19381
15999 3.19381
16000 3.19381
16001 4.10485
16002 4.10485
16003 4.10485
16004 4.10485
16005 4.10485
16006 4.10485
16007 4.10485
16008 4.10485
16009 4.10485
16010 4.10485
16011 4.10485
16012 4.10485
16013 4.10485
16014 4.10485
16015 4.10485
16016 4.10485
16017 4.10485
16018 4.10485
16019 4.10485
16020 4.10485
16021 4.10485
16022 4.10485
16023 4.10485
16024 4.10485
16025 4.10485
16026 4.10485
16027 4.10485
16028 4.10485
16029 4.10485
16030 4.10485
16031 4.10485
16032 4.10485
16033 4.10485
16034 4.10485
16035 4.10485
16036 4.10485
16037 4.10485
16038 4.10485
16039 4.10485
16040 4.10485
16041 4.10485
16042 4.10485
16043 4.10485
16044 4.10485
16045 4.10485
16046 4.10485
16047 4.10485
16048 4.10485
16049 4.10485
16050 4.10485
16051 3.02622
16052 3.02622
16053 3.02622
16054 3.02622
16055 3.02622
16056 3.02622
16057 3.02622
16058 3.02622
16059 3.02622
16060 3.02622
16061 3.02622
16062 3.02622
16063 3.02622
16064 3.02622
16065 3.02622
16066 3.02622
16067 3.02622
16068 3.02622
16069 3.02622
16070 3.02622
16071 3.02622
16072 3.02622
16073 3.02622
16074 3.02622
16075 3.02622
16076 3.02622
16077 3.02622
16078 3.02622
16079 3.02622
16080 3.02622
16081 3.02622
16082 3.02622
16083 3.02622
16084 3.02622
16085 3.02622
16086 3.02622
16087 3.02622
16088 3.02622
16089 3.02622
16090 3.02622
16091 3.02622
16092 3.02622
16093 3.02622
16094 3.02622
16095 3.02622
16096 3.02622
16097 3.02622
16098 3.02622
16099 3.02622
16100 3.02622
16101 2.93954
16102 2.93954
16103 2.93954
16104 2.93954
16105 2.93954
16106 2.93954
16107 2.93954
16108 2.93954
16109 2.93954
16110 2.93954
16111 2.93954
16112 2.93954
16113 2.93954
16114 2.93954
16115 2.93954
16116 2.93954
16117 2.93954
16118 2.93954
16119 2.93954
16120 2.93954
16121 2.93954
16122 2.93954
16123 2.93954
16124 2.93954
16125 2.93954
16126 2.93954
16127 2.93954
16128 2.93954
16129 2.93954
16130 2.93954
16131 2.93954
16132 2.93954
16133 2.93954
16134 2.93954
16135 2.93954
16136 2.93954
16137 2.93954
16138 2.93954
16139 2.93954
16140 2.93954
16141 2.93954
16142 2.93954
16143 2.93954
16144 2.93954
16145 2.93954
16146 2.93954
16147 2.93954
16148 2.93954
16149 2.93954
16150 2.93954
16151 5.12369
16152 5.12369
16153 5.12369
16154 5.12369
16155 5.12369
16156 5.12369
16157 5.12369
16158 5.12369
16159 5.12369
16160 5.12369
16161 5.12369
16162 5.12369
16163 5.12369
16164 5.12369
16165 5.12369
16166 5.12369
16167 5.12369
16168 5.12369
16169 5.12369
16170 5.12369
16171 5.12369
16172 5.12369
16173 5.12369
16174 5.12369
16175 5.12369
16176 5.12369
16177 5.12369
16178 5.12369
16179 5.12369
16180 5.12369
16181 5.12369
16182 5.12369
16183 5.12369
16184 5.12369
16185 5.12369
16186 5.12369
16187 5.12369
16188 5.12369
16189 5.12369
16190 5.12369
16191 5.12369
16192 5.12369
16193 5.12369
16194 5.12369
16195 5.12369
16196 5.12369
16197 5.12369
16198 5.12369
16199 5.12369
16200 5.12369
16201 6.03934
16202 6.03934
16203 6.03934
16204 6.03934
16205 6.03934
16206 6.03934
16207 6.03934
16208 6.03934
16209 6.03934
16210 6.03934
16211 6.03934
16212 6.03934
16213 6.03934
16214 6.03934
16215 6.03934
16216 6.03934
16217 6.03934
16218 6.03934
16219 6.03934
16220 6.03934
16221 6.03934
16222 6.03934
16223 6.03934
16224 6.03934
16225 6.03934
16226 6.03934
16227 6.03934
16228 6.03934
16229 6.03934
16230 6.03934
16231 6.03934
16232 6.03934
16233 6.03934
16234 6.03934
16235 6.03934
16236 6.03934
16237 6.03934
16238 6.03934
16239 6.03934
16240 6.03934
16241 6.03934
16242 6.03934
16243 6.03934
16244 6.03934
16245 6.03934
16246 6.03934
16247 6.03934
16248 6.03934
16249 6.03934
16250 6.03934
16251 0.70328
16252 0.70328
16253 0.70328
16254 0.70328
16255 0.70328
16256 0.70328
16257 0.70328
16258 0.70328
16259 0.70328
16260 0.70328
16261 0.70328
16262 0.70328
16263 0.70328
16264 0.70328
16265 0.70328
16266 0.70328
16267 0.70328
16268 0.70328
16269 0.70328
16270 0.70328
16271 0.70328
16272 0.70328
16273 0.70328
16274 0.70328
16275 0.70328
16276 0.70328
16277 0.70328
16278 0.70328
16279 0.70328
16280 0.70328
16281 0.70328
16282 0.70328
16283 0.70328
16284 0.70328
16285 0.70328
16286 0.70328
16287 0.70328
16288 0.70328
16289 0.70328
16290 0.70328
16291 0.70328
16292 0.70328
16293 0.70328
16294 0.70328
16295 0.70328
16296 0.70328
16297 0.70328
16298 0.70328
16299 0.70328
16300 0.70328
16301 4.64287
16302 4.64287
16303 4.64287
16304 4.64287
16305 4.64287
16306 4.64287
16307 4.64287
16308 4.64287
16309 4.64287
16310 4.64287
16311 4.64287
16312 4.64287
16313 4.64287
16314 4.64287
16315 4.64287
16316 4.64287
16317 4.64287
16318 4.64287
16319 4.64287
16320 4.64287
16321 4.64287
16322 4.64287
16323 4.64287
16324 4.64287
16325 4.64287
16326 4.64287
16327 4.64287
16328 4.64287
16329 4.64287
16330 4.64287
16331 4.64287
16332 4.64287
16333 4.64287
16334 4.64287
16335 4.64287
16336 4.64287
16337 4.64287
16338 4.64287
16339 4.64287
16340 4.64287
16341 4.64287
16342 4.64287
16343 4.64287
16344 4.64287
16345 4.64287
16346 4.64287
16347 4.64287
16348 4.64287
16349 4.64287
16350 4.64287
16351 1.18461
16352 1.18461
16353 1.18461
16354 1.18461
16355 1.18461
16356 1.18461
16357 1.18461
16358 1.18461
16359 1.18461
16360 1.18461
16361 1.18461
16362 1.18461
16363 1.18461
16364 1.18461
16365 1.18461
16366 1.18461
16367 1.18461
16368 1.18461
16369 1.18461
16370 1.18461
16371 1.18461
16372 1.18461
16373 1.18461
16374 1.18461
16375 1.18461
16376 1.18461
16377 1.18461
16378 1.18461
16379 1.18461
16380 1.18461
16381 1.18461
16382 1.18461
16383 1.18461
16384 1.18461
16385 1.18461
16386 1.18461
16387 1.18461
16388 1.18461
16389 1.18461
16390 1.18461
16391 1.18461
16392 1.18461
16393 1.18461
16394 1.18461
16395 1.18461
16396 1.18461
16397 1.18461
16398 1.18461
16399 1.18461
16400 1.18461
16401 3.72589
16402 3.72589
16403 3.72589
16404 3.72589
16405 3.72589
16406 3.72589
16407 3.72589
16408 3.72589
16409 3.72589
16410 3.72589
16411 3.72589
16412 3.72589
16413 3.72589
16414 3.72589
16415 3.72589
16416 3.72589
16417 3.72589
16418 3.72589
16419 3.72589
16420 3.72589
16421 3.72589
16422 3.72589
16423 3.72589
16424 3.72589
16425 3.72589
16426 3.72589
16427 3.72589
16428 3.72589
16429 3.72589
16430 3.72589
16431 3.72589
16432 3.72589
16433 3.72589
16434 3.72589
16435 3.72589
16436 3.72589
16437 3.72589
16438 3.72589
16439 3.72589
16440 3.72589
16441 3.72589
16442 3.72589
16443 3.72589
16444 3.72589
16445 3.72589
16446 3.72589
16447 3.72589
16448 3.72589
16449 3.72589
16450 3.72589
16451 5.47404
16452 5.47404
16453 5.47404
16454 5.47404
16455 5.47404
16456 5.47404
16457 5.47404
16458 5.47404
16459 5.47404
16460 5.47404
16461 5.47404
16462 5.47404
16463 5.47404
16464 5.47404
16465 5.47404
16466 5.47404
16467 5.47404
16468 5.47404
16469 5.47404
16470 5.47404
16471 5.47404
16472 5.47404
16473 5.47404
16474 5.47404
16475 5.47404
16476 5.47404
16477 5.47404
16478 5.47404
16479 5.47404
16480 5.47404
16481 5.47404
16482 5.47404
16483 5.47404
16484 5.47404
16485 5.47404
16486 5.47404
16487 5.47404
16488 5.47404
16489 5.47404
16490 5.47404
16491 5.47404
16492 5.47404
16493 5.47404
16494 5.47404
16495 5.47404
16496 5.47404
16497 5.47404
16498 5.47404
16499 5.47404
16500 5.47404
16501 0.153412
16502 0.153412
16503 0.153412
16504 0.153412
16505 0.153412
16506 0.153412
16507 0.153412
16508 0.153412
16509 0.153412
16510 0.153412
16511 0.153412
16512 0.153412
16513 0.153412
16514 0.153412
16515 0.153412
16516 0.153412
16517 0.153412
16518 0.153412
16519 0.153412
16520 0.153412
16521 0.153412
16522 0.153412
16523 0.153412
16524 0.153412
16525 0.153412
16526 0.153412
16527 0.153412
16528 0.153412
16529 0.153412
16530 0.153412
16531 0.153412
16532 0.153412
16533 0.153412
16534 0.153412
16535 0.153412
16536 0.153412
16537 0.153412
16538 0.153412
16539 0.153412
16540 0.153412
16541 0.153412
16542 0.153412
16543 0.153412
16544 0.153412
16545 0.153412
16546 0.153412
16547 0.153412
16548 0.153412
16549 0.153412
16550 0.153412
16551 5.32097
16552 5.32097
16553 5.32097
16554 5.32097
16555 5.32097
16556 5.32097
16557 5.32097
16558 5.32097
16559 5.32097
16560 5.32097
16561 5.32097
16562 5.32097
16563 5.32097
16564 5.32097
16565 5.32097
16566 5.32097
16567 5.32097
16568 5.32097
16569 5.32097
16570 5.32097
16571 5.32097
16572 5.32097
16573 5.32097
16574 5.32097
16575 5.32097
16576 5.32097
16577 5.32097
16578 5.32097
16579 5.32097
16580 5.32097
16581 5.32097
16582 5.32097
16583 5.32097
16584 5.32097
16585 5.32097
16586 5.32097
16587 5.32097
16588 5.32097
16589 5.32097
16590 5.32097
16591 5.32097
16592 5.32097
16593 5.32097
16594 5.32097
16595 5.32097
16596 5.32097
16597 5.32097
16598 5.32097
16599 5.32097
16600 5.32097
16601 2.98035
16602 2.98035
16603 2.98035
16604 2.98035
16605 2.98035
16606 2.98035
16607 2.98035
16608 2.98035
16609 2.98035
16610 2.98035
16611 2.98035
16612 2.98035
16613 2.98035
16614 2.98035
16615 2.98035
16616 2.98035
16617 2.98035
16618 2.98035
16619 2.98035
16620 2.98035
16621 2.98035
16622 2.98035
16623 2.98035
16624 2.98035
16625 2.98035
16626 2.98035
16627 2.98035
16628 2.98035
16629 2.98035
16630 2.98035
16631 2.98035
16632 2.98035
16633 2.98035
16634 2.98035
16635 2.98035
16636 2.98035
16637 2.98035
16638 2.98035
16639 2.98035
16640 2.98035
16641 2.98035
16642 2.98035
16643 2.98035
16644 2.98035
16645 2.98035
16646 2.98035
16647 2.98035
16648 2.98035
16649 2.98035
16650 2.98035
16651 5.00643
16652 5.00643
16653 5.00643
16654 5.00643
16655 5.00643
16656 5.00643
16657 5.00643
16658 5.00643
16659 5.00643
16660 5.00643
16661 5.00643
16662 5.00643
16663 5.00643
16664 5.00643
16665 5.00643
16666 5.00643
16667 5.00643
16668 5.00643
16669 5.00643
16670 5.00643
16671 5.00643
16672 5.00643
16673 5.00643
16674 5.00643
16675 5.00643
16676 5.00643
16677 5.00643
16678 5.00643
16679 5.00643
16680 5.00643
16681 5.00643
16682 5.00643
16683 5.00643
16684 5.00643
16685 5.00643
16686 5.00643
16687 5.00643
16688 5.00643
16689 5.00643
16690 5.00643
16691 5.00643
16692 5.00643
16693 5.00643
16694 5.00643
16695 5.00643
16696 5.00643
16697 5.00643
16698 5.00643
16699 5.00643
16700 5.00643
16701 5.66834
16702 5.66834
16703 5.66834
16704 5.66834
16705 5.66834
16706 5.66834
16707 5.66834
16708 5.66834
16709 5.66834
16710 5.66834
16711 5.66834
16712 5.66834
16713 5.66834
16714 5.66834
16715 5.66834
16716 5.66834
16717 5.66834
16718 5.66834
16719 5.66834
16720 5.66834
16721 5.66834
16722 5.66834
16723 5.66834
16724 5.66834
16725 5.66834
16726 5.66834
16727 5.66834
16728 5.66834
16729 5.66834
16730 5.66834
16731 5.66834
16732 5.66834
16733 5.66834
16734 5.66834
16735 5.66834
16736 5.66834
16737 5.66834
16738 5.66834
16739 5.66834
16740 5.66834
16741 5.66834
16742 5.66834
16743 5.66834
16744 5.66834
16745 5.66834
16746 5.66834
16747 5.66834
16748 5.66834
16749 5.66834
16750 5.66834
16751 0.352595
16752 0.352595
16753 0.352595
16754 0.352595
16755 0.352595
16756 0.352595
16757 0.352595
16758 0.352595
16759 0.352595
16760 0.352595
16761 0.352595
16762 0.352595
16763 0.352595
16764 0.352595
16765 0.352595
16766 0.352595
16767 0.352595
16768 0.352595
16769 0.352595
16770 0.352595
16771 0.352595
16772 0.352595
16773 0.352595
16774 0.352595
16775 0.352595
16776 0.352595
16777 0.352595
16778 0.352595
16779 0.352595
16780 0.352595
16781 0.352595
16782 0.352595
16783 0.352595
16784 0.352595
16785 0.352595
16786 0.352595
16787 0.352595
16788 0.352595
16789 0.352595
16790 0.352595
16791 0.352595
16792 0.352595
16793 0.352595
16794 0.352595
16795 0.352595
16796 0.352595
16797 0.352595
16798 0.352595
16799 0.352595
16800 0.352595
16801 0.768066
16802 0.768066
16803 0.768066
16804 0.768066
16805 0.768066
16806 0.768066
16807 0.768066
16808 0.768066
16809 0.768066
16810 0.768066
16811 0.768066
16812 0.768066
16813 0.768066
16814 0.768066
16815 0.768066
16816 0.768066
16817 0.768066
16818 0.768066
16819 0.768066
16820 0.768066
16821 0.768066
16822 0.768066
16823 0.768066
16824 0.768066
16825 0.768066
16826 0.768066
16827 0.768066
16828 0.768066
16829 0.768066
16830 0.768066
16831 0.768066
16832 0.768066
16833 0.768066
16834 0.768066
16835 0.768066
16836 0.768066
16837 0.768066
16838 0.768066
16839 0.768066
16840 0.768066
16841 0.768066
16842 0.768066
16843 0.768066
16844 0.768066
16845 0.768066
16846 0.768066
16847 0.768066
16848 0.768066
16849 0.768066
16850 0.768066
16851 5.77981
16852 5.77981
16853 5.77981
16854 5.77981
16855 5.77981
16856 5.77981
16857 5.77981
16858 5.77981
16859 5.77981
16860 5.77981
16861 5.77981
16862 5.77981
16863 5.77981
16864 5.77981
16865 5.77981
16866 5.77981
16867 5.77981
16868 5.77981
16869 5.77981
16870 5.77981
16871 5.77981
16872 5.77981
16873 5.77981
16874 5.77981
16875 5.77981
16876 5.77981
16877 5.77981
16878 5.77981
16879 5.77981
16880 5.77981
16881 5.77981
16882 5.77981
16883 5.77981
16884 5.77981
16885 5.77981
16886 5.77981
16887 5.77981
16888 5.77981
16889 5.77981
16890 5.77981
16891 5.77981
16892 5.77981
16893 5.77981
16894 5.77981
16895 5.77981
16896 5.77981
16897 5.77981
16898 5.77981
16899 5.77981
16900 5.77981
16901 1.82401
16902 1.82401
16903 1.82401
16904 1.82401
16905 1.82401
16906 1.82401
16907 1.82401
16908 1.82401
16909 1.82401
16910 1.82401
16911 1.82401
16912 1.82401
16913 1.82401
16914 1.82401
16915 1.82401
16916 1.82401
16917 1.82401
16918 1.82401
16919 1.82401
16920 1.82401
16921 1.82401
16922 1.82401
16923 1.82401
16924 1.82401
16925 1.82401
16926 1.82401
16927 1.82401
16928 1.82401
16929 1.82401
16930 1.82401
16931 1.82401
16932 1.82401
16933 1.82401
16934 1.82401
16935 1.82401
16936 1.82401
16937 1.82401
16938 1.82401
16939 1.82401
16940 1.82401
16941 1.82401
16942 1.82401
16943 1.82401
16944 1.82401
16945 1.82401
16946 1.82401
16947 1.82401
16948 1.82401
16949 1.82401
16950 1.82401
16951 2.27993
16952 2.27993
16953 2.27993
16954 2.27993
16955 2.27993
16956 2.27993
16957 2.27993
16958 2.27993
16959 2.27993
16960 2.27993
16961 2.27993
16962 2.27993
16963 2.27993
16964 2.27993
16965 2.27993
16966 2.27993
16967 2.27993
16968 2.27993
16969 2.27993
16970 2.27993
16971 2.27993
16972 2.27993
16973 2.27993
16974 2.27993
16975 2.27993
16976 2.27993
16977 2.27993
16978 2.27993
16979 2.27993
16980 2.27993
16981 2.27993
16982 2.27993
16983 2.27993
16984 2.27993
16985 2.27993
16986 2.27993
16987 2.27993
16988 2.27993
16989 2.27993
16990 2.27993
16991 2.27993
16992 2.27993
16993 2.27993
16994 2.27993
16995 2.27993
16996 2.27993
16997 2.27993
16998 2.27993
16999 2.27993
17000 2.27993
17001 0.414607
17002 0.414607
17003 0.414607
17004 0.414607
17005 0.414607
17006 0.414607
17007 0.414607
17008 0.414607
17009 0.414607
17010 0.414607
17011 0.414607
17012 0.414607
17013 0.414607
17014 0.414607
17015 0.414607
17016 0.414607
17017 0.414607
17018 0.414607
17019 0.414607
17020 0.414607
17021 0.414607
17022 0.414607
17023 0.414607
17024 0.414607
17025 0.414607
17026 0.414607
17027 0.414607
17028 0.414607
17029 0.414607
17030 0.414607
17031 0.414607
17032 0.414607
17033 0.414607
17034 0.414607
17035 0.414607
17036 0.414607
17037 0.414607
17038 0.414607
17039 0.414607
17040 0.414607
17041 0.414607
17042 0.414607
17043 0.414607
17044 0.414607
17045 0.414607
17046 0.414607
17047 0.414607
17048 0.414607
17049 0.414607
17050 0.414607
17051 4.21809
17052 4.21809
17053 4.21809
17054 4.21809
17055 4.21809
17056 4.21809
17057 4.21809
17058 4.21809
17059 4.21809
17060 4.21809
17061 4.21809
17062 4.21809
17063 4.21809
17064 4.21809
17065 4.21809
17066 4.21809
17067 4.21809
17068 4.21809
17069 4.21809
17070 4.21809
17071 4.21809
17072 4.21809
17073 4.21809
17074 4.21809
17075 4.21809
17076 4.21809
17077 4.21809
17078 4.21809
17079 4.21809
17080 4.21809
17081 4.21809
17082 4.21809
17083 4.21809
17084 4.21809
17085 4.21809
17086 4.21809
17087 4.21809
17088 4.21809
17089 4.21809
17090 4.21809
17091 4.21809
17092 4.21809
17093 4.21809
17094 4.21809
17095 4.21809
17096 4.21809
17097 4.21809
17098 4.21809
17099 4.21809
17100 4.21809
17101 5.15971
17102 5.15971
17103 5.15971
17104 5.15971
17105 5.15971
17106 5.15971
17107 5.15971
17108 5.15971
17109 5.15971
17110 5.15971
17111 5.15971
17112 5.15971
17113 5.15971
17114 5.15971
17115 5.15971
17116 5.15971
17117 5.15971
17118 5.15971
17119 5.15971
17120 5.15971
17121 5.15971
17122 5.15971
17123 5.15971
17124 5.15971
17125 5.15971
17126 5.15971
17127 5.15971
17128 5.15971
17129 5.15971
17130 5.15971
17131 5.15971
17132 5.15971
17133 5.15971
17134 5.15971
17135 5.15971
17136 5.15971
17137 5.15971
17138 5.15971
17139 5.15971
17140 5.15971
17141 5.15971
17142 5.15971
17143 5.15971
17144 5.15971
17145 5.15971
17146 5.15971
17147 5.15971
17148 5.15971
17149 5.15971
17150 5.15971
17151 5.52824
17152 5.52824
17153 5.52824
17154 5.52824
17155 5.52824
17156 5.52824
17157 5.52824
17158 5.52824
17159 5.52824
17160 5.52824
17161 5.52824
17162 5.52824
17163 5.52824
17164 5.52824
17165 5.52824
17166 5.52824
17167 5.52824
17168 5.52824
17169 5.52824
17170 5.52824
17171 5.52824
17172 5.52824
17173 5.52824
17174 5.52824
17175 5.52824
17176 5.52824
17177 5.52824
17178 5.52824
17179 5.52824
17180 5.52824
17181 5.52824
17182 5.52824
17183 5.52824
17184 5.52824
17185 5.52824
17186 5.52824
17187 5.52824
17188 5.52824
17189 5.52824
17190 5.52824
17191 5.52824
17192 5.52824
17193 5.52824
17194 5.52824
17195 5.52824
17196 5.52824
17197 5.52824
17198 5.52824
17199 5.52824
17200 5.52824
17201 6.02067
17202 6.02067
17203 6.02067
17204 6.02067
17205 6.02067
17206 6.02067
17207 6.02067
17208 6.02067
17209 6.02067
17210 6.02067
17211 6.02067
17212 6.02067
17213 6.02067
17214 6.02067
17215 6.02067
17216 6.02067
17217 6.02067
17218 6.02067
17219 6.02067
17220 6.02067
17221 6.02067
17222 6.02067
17223 6.02067
17224 6.02067
17225 6.02067
17226 6.02067
17227 6.02067
17228 6.02067
17229 6.02067
17230 6.02067
17231 6.02067
17232 6.02067
17233 6.02067
17234 6.02067
17235 6.02067
17236 6.02067
17237 6.02067
17238 6.02067
17239 6.02067
17240 6.02067
17241 6.02067
17242 6.02067
17243 6.02067
17244 6.02067
17245 6.02067
17246 6.02067
17247 6.02067
17248 6.02067
17249 6.02067
17250 6.02067
17251 0.211281
17252 0.211281
17253 0.211281
17254 0.211281
17255 0.211281
17256 0.211281
17257 0.211281
17258 0.211281
17259 0.211281
17260 0.211281
17261 0.211281
17262 0.211281
17263 0.211281
17264 0.211281
17265 0.211281
17266 0.211281
17267 0.211281
17268 0.211281
17269 0.211281
17270 0.211281
17271 0.211281
17272 0.211281
17273 0.211281
17274 0.211281
17275 0.211281
17276 0.211281
17277 0.211281
17278 0.211281
17279 0.211281
17280 0.211281
17281 0.211281
17282 0.211281
17283 0.211281
17284 0.211281
17285 0.211281
17286 0.211281
17287 0.211281
17288 0.211281
17289 0.211281
17290 0.211281
17291 0.211281
17292 0.211281
17293 0.211281
17294 0.211281
17295 0.211281
17296 0.211281
17297 0.211281
17298 0.211281
17299 0.211281
17300 0.211281
17301 3.43695
17302 3.43695
17303 3.43695
17304 3.43695
17305 3.43695
17306 3.43695
17307 3.43695
17308 3.43695
17309 3.43695
17310 3.43695
17311 3.43695
17312 3.43695
17313 3.43695
17314 3.43695
17315 3.43695
17316 3.43695
17317 3.43695
17318 3.43695
17319 3.43695
17320 3.43695
17321 3.43695
17322 3.43695
17323 3.43695
17324 3.43695
17325 3.43695
17326 3.43695
17327 3.43695
17328 3.43695
17329 3.43695
17330 3.43695
17331 3.43695
17332 3.43695
17333 3.43695
17334 3.43695
17335 3.43695
17336 3.43695
17337 3.43695
17338 3.43695
17339 3.43695
17340 3.43695
17341 3.43695
17342 3.43695
17343 3.43695
17344 3.43695
17345 3.43695
17346 3.43695
17347 3.43695
17348 3.43695
17349 3.43695
17350 3.43695
17351 3.89818
17352 3.89818
17353 3.89818
17354 3.89818
17355 3.89818
17356 3.89818
17357 3.89818
17358 3.89818
17359 3.89818
17360 3.89818
17361 3.89818
17362 3.89818
17363 3.89818
17364 3.89818
17365 3.89818
17366 3.89818
17367 3.89818
17368 3.89818
17369 3.89818
17370 3.89818
17371 3.89818
17372 3.89818
17373 3.89818
17374 3.89818
17375 3.89818
17376 3.89818
17377 3.89818
17378 3.89818
17379 3.89818
17380 3.89818
17381 3.89818
17382 3.89818
17383 3.89818
17384 3.89818
17385 3.89818
17386 3.89818
17387 3.89818
17388 3.89818
17389 3.89818
17390 3.89818
17391 3.89818
17392 3.89818
17393 3.89818
17394 3.89818
17395 3.89818
17396 3.89818
17397 3.89818
17398 3.89818
17399 3.89818
17400 3.89818
17401 4.13317
17402 4.13317
17403 4.13317
17404 4.13317
17405 4.13317
17406 4.13317
17407 4.13317
17408 4.13317
17409 4.13317
17410 4.13317
17411 4.13317
17412 4.13317
17413 4.13317
17414 4.13317
17415 4.13317
17416 4.13317
17417 4.13317
17418 4.13317
17419 4.13317
17420 4.13317
17421 4.13317
17422 4.13317
17423 4.13317
17424 4.13317
17425 4.13317
17426 4.13317
17427 4.13317
17428 4.13317
17429 4.13317
17430 4.13317
17431 4.13317
17432 4.13317
17433 4.13317
17434 4.13317
17435 4.13317
17436 4.13317
17437 4.13317
17438 4.13317
17439 4.13317
17440 4.13317
17441 4.13317
17442 4.13317
17443 4.13317
17444 4.13317
17445 4.13317
17446 4.13317
17447 4.13317
17448 4.13317
17449 4.13317
17450 4.13317
17451 0.490493
17452 0.490493
17453 0.490493
17454 0.490493
17455 0.490493
17456 0.490493
17457 0.490493
17458 0.490493
17459 0.490493
17460 0.490493
17461 0.490493
17462 0.490493
17463 0.490493
17464 0.490493
17465 0.490493
17466 0.490493
17467 0.490493
17468 0.490493
17469 0.490493
17470 0.490493
17471 0.490493
17472 0.490493
17473 0.490493
17474 0.490493
17475 0.490493
17476 0.490493
17477 0.490493
17478 0.490493
17479 0.490493
17480 0.490493
17481 0.490493
17482 0.490493
17483 0.490493
17484 0.490493
17485 0.490493
17486 0.490493
17487 0.490493
17488 0.490493
17489 0.490493
17490 0.490493
17491 0.490493
17492 0.490493
17493 0.490493
17494 0.490493
17495 0.490493
17496 0.490493
17497 0.490493
17498 0.490493
17499 0.490493
17500 0.490493
17501 2.28508
17502 2.28508
17503 2.28508
17504 2.28508
17505 2.28508
17506 2.28508
17507 2.28508
17508 2.28508
17509 2.28508
17510 2.28508
17511 2.28508
17512 2.28508
17513 2.28508
17514 2.28508
17515 2.28508
17516 2.28508
17517 2.28508
17518 2.28508
17519 2.28508
17520 2.28508
17521 2.28508
17522 2.28508
17523 2.28508
17524 2.28508
17525 2.28508
17526 2.28508
17527 2.28508
17528 2.28508
17529 2.28508
17530 2.28508
17531 2.28508
17532 2.28508
17533 2.28508
17534 2.28508
17535 2.28508
17536 2.28508
17537 2.28508
17538 2.28508
17539 2.28508
17540 2.28508
17541 2.28508
17542 2.28508
17543 2.28508
17544 2.28508
17545 2.28508
17546 2.28508
17547 2.28508
17548 2.28508
17549 2.28508
17550 2.28508
17551 3.11626
17552 3.11626
17553 3.11626
17554 3.11626
17555 3.11626
17556 3.11626
17557 3.11626
17558 3.11626
17559 3.11626
17560 3.11626
17561 3.11626
17562 3.11626
17563 3.11626
17564 3.11626
17565 3.11626
17566 3.11626
17567 3.11626
17568 3.11626
17569 3.11626
17570 3.11626
17571 3.11626
17572 3.11626
17573 3.11626
17574 3.11626
17575 3.11626
17576 3.11626
17577 3.11626
17578 3.11626
17579 3.11626
17580 3.11626
17581 3.11626
17582 3.11626
17583 3.11626
17584 3.11626
17585 3.11626
17586 3.11626
17587 3.11626
17588 3.11626
17589 3.11626
17590 3.11626
17591 3.11626
17592 3.11626
17593 3.11626
17594 3.11626
17595 3.11626
17596 3.11626
17597 3.11626
17598 3.11626
17599 3.11626
17600 3.11626
17601 1.71532
17602 1.71532
17603 1.71532
17604 1.71532
17605 1.71532
17606 1.71532
17607 1.71532
17608 1.71532
17609 1.71532
17610 1.71532
17611 1.71532
17612 1.71532
17613 1.71532
17614 1.71532
17615 1.71532
17616 1.71532
17617 1.71532
17618 1.71532
17619 1.71532
17620 1.71532
17621 1.71532
17622 1.71532
17623 1.71532
17624 1.71532
17625 1.71532
17626 1.71532
17627 1.71532
17628 1.71532
17629 1.71532
17630 1.71532
17631 1.71532
17632 1.71532
17633 1.71532
17634 1.71532
17635 1.71532
17636 1.71532
17637 1.71532
17638 1.71532
17639 1.71532
17640 1.71532
17641 1.71532
17642 1.71532
17643 1.71532
17644 1.71532
17645 1.71532
17646 1.71532
17647 1.71532
17648 1.71532
17649 1.71532
17650 1.71532
17651 2.65917
17652 2.65917
17653 2.65917
17654 2.65917
17655 2.65917
17656 2.65917
17657 2.65917
17658 2.65917
17659 2.65917
17660 2.65917
17661 2.65917
17662 2.65917
17663 2.65917
17664 2.65917
17665 2.65917
17666 2.65917
17667 2.65917
17668 2.65917
17669 2.65917
17670 2.65917
17671 2.65917
17672 2.65917
17673 2.65917
17674 2.65917
17675 2.65917
17676 2.65917
17677 2.65917
17678 2.65917
17679 2.65917
17680 2.65917
17681 2.65917
17682 2.65917
17683 2.65917
17684 2.65917
17685 2.65917
17686 2.65917
17687 2.65917
17688 2.65917
17689 2.65917
17690 2.65917
17691 2.65917
17692 2.65917
17693 2.65917
17694 2.65917
17695 2.65917
17696 2.65917
17697 2.65917
17698 2.65917
17699 2.65917
17700 2.65917
17701 4.6916
17702 4.6916
17703 4.6916
17704 4.6916
17705 4.6916
17706 4.6916
17707 4.6916
17708 4.6916
17709 4.6916
17710 4.6916
17711 4.6916
17712 4.6916
17713 4.6916
17714 4.6916
17715 4.6916
17716 4.6916
17717 4.6916
17718 4.6916
17719 4.6916
17720 4.6916
17721 4.6916
17722 4.6916
17723 4.6916
17724 4.6916
17725 4.6916
17726 4.6916
17727 4.6916
17728 4.6916
17729 4.6916
17730 4.6916
17731 4.6916
17732 4.6916
17733 4.6916
17734 4.6916
17735 4.6916
17736 4.6916
17737 4.6916
17738 4.6916
17739 4.6916
17740 4.6916
17741 4.6916
17742 4.6916
17743 4.6916
17744 4.6916
17745 4.6916
17746 4.6916
17747 4.6916
17748 4.6916
17749 4.6916
17750 4.6916
17751 2.52599
17752 2.52599
17753 2.52599
17754 2.52599
17755 2.52599
17756 2.52599
17757 2.52599
17758 2.52599
17759 2.52599
17760 2.52599
17761 2.52599
17762 2.52599
17763 2.52599
17764 2.52599
17765 2.52599
17766 2.52599
17767 2.52599
17768 2.52599
17769 2.52599
17770 2.52599
17771 2.52599
17772 2.52599
17773 2.52599
17774 2.52599
17775 2.52599
17776 2.52599
17777 2.52599
17778 2.52599
17779 2.52599
17780 2.52599
17781 2.52599
17782 2.52599
17783 2.52599
17784 2.52599
17785 2.52599
17786 2.52599
17787 2.52599
17788 2.52599
17789 2.52599
17790 2.52599
17791 2.52599
17792 2.52599
17793 2.52599
17794 2.52599
17795 2.52599
17796 2.52599
17797 2.52599
17798 2.52599
17799 2.52599
17800 2.52599
17801 0.0692367
17802 0.0692367
17803 0.0692367
17804 0.0692367
17805 0.0692367
17806 0.0692367
17807 0.0692367
17808 0.0692367
17809 0.0692367
17810 0.0692367
17811 0.0692367
17812 0.0692367
17813 0.0692367
17814 0.0692367
17815 0.0692367
17816 0.0692367
17817 0.0692367
17818 0.0692367
17819 0.0692367
17820 0.0692367
17821 0.0692367
17822 0.0692367
17823 0.0692367
17824 0.0692367
17825 0.0692367
17826 0.0692367
17827 0.0692367
17828 0.0692367
17829 0.0692367
17830 0.0692367
17831 0.0692367
17832 0.0692367
17833 0.0692367
17834 0.0692367
17835 0.0692367
17836 0.0692367
17837 0.0692367
17838 0.0692367
17839 0.0692367
17840 0.0692367
17841 0.0692367
17842 0.0692367
17843 0.0692367
17844 0.0692367
17845 0.0692367
17846 0.0692367
17847 0.0692367
17848 0.0692367
17849 0.0692367
17850 0.0692367
17851 5.73822
17852 5.73822
17853 5.73822
17854 5.73822
17855 5.73822
17856 5.73822
17857 5.73822
17858 5.73822
17859 5.73822
17860 5.73822
17861 5.73822
17862 5.73822
17863 5.73822
17864 5.73822
17865 5.73822
17866 5.73822
17867 5.73822
17868 5.73822
17869 5.73822
17870 5.73822
17871 5.73822
17872 5.73822
17873 5.73822
17874 5.73822
17875 5.73822
17876 5.73822
17877 5.73822
17878 5.73822
17879 5.73822
17880 5.73822
17881 5.73822
17882 5.73822
17883 5.73822
17884 5.73822
17885 5.73822
17886 5.73822
17887 5.73822
17888 5.73822
17889 5.73822
17890 5.73822
17891 5.73822
17892 5.73822
17893 5.73822
17894 5.73822
17895 5.73822
17896 5.73822
17897 5.73822
17898 5.73822
17899 5.73822
17900 5.73822
17901 2.89218
17902 2.89218
17903 2.89218
17904 2.89218
17905 2.89218
17906 2.89218
17907 2.89218
17908 2.89218
17909 2.89218
17910 2.89218
17911 2.89218
17912 2.89218
17913 2.89218
17914 2.89218
17915 2.89218
17916 2.89218
17917 2.89218
17918 2.89218
17919 2.89218
17920 2.89218
17921 2.89218
17922 2.89218
17923 2.89218
17924 2.89218
17925 2.89218
17926 2.89218
17927 2.89218
17928 2.89218
17929 2.89218
17930 2.89218
17931 2.89218
17932 2.89218
17933 2.89218
17934 2.89218
17935 2.89218
17936 2.89218
17937 2.89218
17938 2.89218
17939 2.89218
17940 2.89218
17941 2.89218
17942 2.89218
17943 2.89218
17944 2.89218
17945 2.89218
17946 2.89218
17947 2.89218
17948 2.89218
17949 2.89218
17950 2.89218
17951 2.94049
17952 2.94049
17953 2.94049
17954 2.94049
17955 2.94049
17956 2.94049
17957 2.94049
17958 2.94049
17959 2.94049
17960 2.94049
17961 2.94049
17962 2.94049
17963 2.94049
17964 2.94049
17965 2.94049
17966 2.94049
17967 2.94049
17968 2.94049
17969 2.94049
17970 2.94049
17971 2.94049
17972 2.94049
17973 2.94049
17974 2.94049
17975 2.94049
17976 2.94049
17977 2.94049
17978 2.94049
17979 2.94049
17980 2.94049
17981 2.94049
17982 2.94049
17983 2.94049
17984 2.94049
17985 2.94049
17986 2.94049
17987 2.94049
17988 2.94049
17989 2.94049
17990 2.94049
17991 2.94049
17992 2.94049
17993 2.94049
17994 2.94049
17995 2.94049
17996 2.94049
17997 2.94049
17998 2.94049
17999 2.94049
18000 2.94049
18001 2.67349
18002 2.67349
18003 2.67349
18004 2.67349
18005 2.67349
18006 2.67349
18007 2.67349
18008 2.67349
18009 2.67349
18010 2.67349
18011 2.67349
18012 2.67349
18013 2.67349
18014 2.67349
18015 2.67349
18016 2.67349
18017 2.67349
18018 2.67349
18019 2.67349
18020 2.67349
18021 2.67349
18022 2.67349
18023 2.67349
18024 2.67349
18025 2.67349
18026 2.67349
18027 2.67349
18028 2.67349
18029 2.67349
18030 2.67349
18031 2.67349
18032 2.67349
18033 2.67349
18034 2.67349
18035 2.67349
18036 2.67349
18037 2.67349
18038 2.67349
18039 2.67349
18040 2.67349
18041 2.67349
18042 2.67349
18043 2.67349
18044 2.67349
18045 2.67349
18046 2.67349
18047 2.67349
18048 2.67349
18049 2.67349
18050 2.67349
18051 4.67249
18052 4.67249
18053 4.67249
18054 4.67249
18055 4.67249
18056 4.67249
18057 4.67249
18058 4.67249
18059 4.67249
18060 4.67249
18061 4.67249
18062 4.67249
18063 4.67249
18064 4.67249
18065 4.67249
18066 4.67249
18067 4.67249
18068 4.67249
18069 4.67249
18070 4.67249
18071 4.67249
18072 4.67249
18073 4.67249
18074 4.67249
18075 4.67249
18076 4.67249
18077 4.67249
18078 4.67249
18079 4.67249
18080 4.67249
18081 4.67249
18082 4.67249
18083 4.67249
18084 4.67249
18085 4.67249
18086 4.67249
18087 4.67249
18088 4.67249
18089 4.67249
18090 4.67249
18091 4.67249
18092 4.67249
18093 4.67249
18094 4.67249
18095 4.67249
18096 4.67249
18097 4.67249
18098 4.67249
18099 4.67249
18100 4.67249
18101 5.59877
18102 5.59877
18103 5.59877
18104 5.59877
18105 5.59877
18106 5.59877
18107 5.59877
18108 5.59877
18109 5.59877
18110 5.59877
18111 5.59877
18112 5.59877
18113 5.59877
18114 5.59877
18115 5.59877
18116 5.59877
18117 5.59877
18118 5.59877
18119 5.59877
18120 5.59877
18121 5.59877
18122 5.59877
18123 5.59877
18124 5.59877
18125 5.59877
18126 5.59877
18127 5.59877
18128 5.59877
18129 5.59877
18130 5.59877
18131 5.59877
18132 5.59877
18133 5.59877
18134 5.59877
18135 5.59877
18136 5.59877
18137 5.59877
18138 5.59877
18139 5.59877
18140 5.59877
18141 5.59877
18142 5.59877
18143 5.59877
18144 5.59877
18145 5.59877
18146 5.59877
18147 5.59877
18148 5.59877
18149 5.59877
18150 5.59877
18151 2.80291
18152 2.80291
18153 2.80291
18154 2.80291
18155 2.80291
18156 2.80291
18157 2.80291
18158 2.80291
18159 2.80291
18160 2.80291
18161 2.80291
18162 2.80291
18163 2.80291
18164 2.80291
18165 2.80291
18166 2.80291
18167 2.80291
18168 2.80291
18169 2.80291
18170 2.80291
18171 2.80291
18172 2.80291
18173 2.80291
18174 2.80291
18175 2.80291
18176 2.80291
18177 2.80291
18178 2.80291
18179 2.80291
18180 2.80291
18181 2.80291
18182 2.80291
18183 2.80291
18184 2.80291
18185 2.80291
18186 2.80291
18187 2.80291
18188 2.80291
18189 2.80291
18190 2.80291
18191 2.80291
18192 2.80291
18193 2.80291
18194 2.80291
18195 2.80291
18196 2.80291
18197 2.80291
18198 2.80291
18199 2.80291
18200 2.80291
18201 4.75073
18202 4.75073
18203 4.75073
18204 4.75073
18205 4.75073
18206 4.75073
18207 4.75073
18208 4.75073
18209 4.75073
18210 4.75073
18211 4.75073
18212 4.75073
18213 4.75073
18214 4.75073
18215 4.75073
18216 4.75073
18217 4.75073
18218 4.75073
18219 4.75073
18220 4.75073
18221 4.75073
18222 4.75073
18223 4.75073
18224 4.75073
18225 4.75073
18226 4.75073
18227 4.75073
18228 4.75073
18229 4.75073
18230 4.75073
18231 4.75073
18232 4.75073
18233 4.75073
18234 4.75073
18235 4.75073
18236 4.75073
18237 4.75073
18238 4.75073
18239 4.75073
18240 4.75073
18241 4.75073
18242 4.75073
18243 4.75073
18244 4.75073
18245 4.75073
18246 4.75073
18247 4.75073
18248 4.75073
18249 4.75073
18250 4.75073
18251 1.96933
18252 1.96933
18253 1.96933
18254 1.96933
18255 1.96933
18256 1.96933
18257 1.96933
18258 1.96933
18259 1.96933
18260 1.96933
18261 1.96933
18262 1.96933
18263 1.96933
18264 1.96933
18265 1.96933
18266 1.96933
18267 1.96933
18268 1.96933
18269 1.96933
18270 1.96933
18271 1.96933
18272 1.96933
18273 1.96933
18274 1.96933
18275 1.96933
18276 1.96933
18277 1.96933
18278 1.96933
18279 1.96933
18280 1.96933
18281 1.96933
18282 1.96933
18283 1.96933
18284 1.96933
18285 1.96933
18286 1.96933
18287 1.96933
18288 1.96933
18289 1.96933
18290 1.96933
18291 1.96933
18292 1.96933
18293 1.96933
18294 1.96933
18295 1.96933
18296 1.96933
18297 1.96933
18298 1.96933
18299 1.96933
18300 1.96933
18301 0.560434
18302 0.560434
18303 0.560434
18304 0.560434
18305 0.560434
18306 0.560434
18307 0.560434
18308 0.560434
18309 0.560434
18310 0.560434
18311 0.560434
18312 0.560434
18313 0.560434
18314 0.560434
18315 0.560434
18316 0.560434
18317 0.560434
18318 0.560434
18319 0.560434
18320 0.560434
18321 0.560434
18322 0.560434
18323 0.560434
18324 0.560434
18325 0.560434
18326 0.560434
18327 0.560434
18328 0.560434
18329 0.560434
18330 0.560434
18331 0.560434
18332 0.560434
18333 0.560434
18334 0.560434
18335 0.560434
18336 0.560434
18337 0.560434
18338 0.560434
18339 0.560434
18340 0.560434
18341 0.560434
18342 0.560434
18343 0.560434
18344 0.560434
18345 0.560434
18346 0.560434
18347 0.560434
18348 0.560434
18349 0.560434
18350 0.560434
18351 0.817148
18352 0.817148
18353 0.817148
18354 0.817148
18355 0.817148
18356 0.817148
18357 0.817148
18358 0.817148
18359 0.817148
18360 0.817148
18361 0.817148
18362 0.817148
18363 0.817148
18364 0.817148
18365 0.817148
18366 0.817148
18367 0.817148
18368 0.817148
18369 0.817148
18370 0.817148
18371 0.817148
18372 0.817148
18373 0.817148
18374 0.817148
18375 0.817148
18376 0.817148
18377 0.817148
18378 0.817148
18379 0.817148
18380 0.817148
18381 0.817148
18382 0.817148
18383 0.817148
18384 0.817148
18385 0.817148
18386 0.817148
18387 0.817148
18388 0.817148
18389 0.817148
18390 0.817148
18391 0.817148
18392 0.817148
18393 0.817148
18394 0.817148
18395 0.817148
18396 0.817148
18397 0.817148
18398 0.817148
18399 0.817148
18400 0.817148
18401 4.59854
18402 4.59854
18403 4.59854
18404 4.59854
18405 4.59854
18406 4.59854
18407 4.59854
18408 4.59854
18409 4.59854
18410 4.59854
18411 4.59854
18412 4.59854
18413 4.59854
18414 4.59854
18415 4.59854
18416 4.59854
18417 4.59854
18418 4.59854
18419 4.59854
18420 4.59854
18421 4.59854
18422 4.59854
18423 4.59854
18424 4.59854
18425 4.59854
18426 4.59854
18427 4.59854
18428 4.59854
18429 4.59854
18430 4.59854
18431 4.59854
18432 4.59854
18433 4.59854
18434 4.59854
18435 4.59854
18436 4.59854
18437 4.59854
18438 4.59854
18439 4.59854
18440 4.59854
18441 4.59854
18442 4.59854
18443 4.59854
18444 4.59854
18445 4.59854
18446 4.59854
18447 4.59854
18448 4.59854
18449 4.59854
18450 4.59854
18451 3.72191
18452 3.72191
18453 3.72191
18454 3.72191
18455 3.72191
18456 3.72191
18457 3.72191
18458 3.72191
18459 3.72191
18460 3.72191
18461 3.72191
18462 3.72191
18463 3.72191
18464 3.72191
18465 3.72191
18466 3.72191
18467 3.72191
18468 3.72191
18469 3.72191
18470 3.72191
18471 3.72191
18472 3.72191
18473 3.72191
18474 3.72191
18475 3.72191
18476 3.72191
18477 3.72191
18478 3.72191
18479 3.72191
18480 3.72191
18481 3.72191
18482 3.72191
18483 3.72191
18484 3.72191
18485 3.72191
18486 3.72191
18487 3.72191
18488 3.72191
18489 3.72191
18490 3.72191
18491 3.72191
18492 3.72191
18493 3.72191
18494 3.72191
18495 3.72191
18496 3.72191
18497 3.72191
18498 3.72191
18499 3.72191
18500 3.72191
18501 0.229003
18502 0.229003
18503 0.229003
18504 0.229003
18505 0.229003
18506 0.229003
18507 0.229003
18508 0.229003
18509 0.229003
18510 0.229003
18511 0.229003
18512 0.229003
18513 0.229003
18514 0.229003
18515 0.229003
18516 0.229003
18517 0.229003
18518 0.229003
18519 0.229003
18520 0.229003
18521 0.229003
18522 0.229003
18523 0.229003
18524 0.229003
18525 0.229003
18526 0.229003
18527 0.229003
18528 0.229003
18529 0.229003
18530 0.229003
18531 0.229003
18532 0.229003
18533 0.229003
18534 0.229003
18535 0.229003
18536 0.229003
18537 0.229003
18538 0.229003
18539 0.229003
18540 0.229003
18541 0.229003
18542 0.229003
18543 0.229003
18544 0.229003
18545 0.229003
18546 0.229003
18547 0.229003
18548 0.229003
18549 0.229003
18550 0.229003
18551 4.80651
18552 4.80651
18553 4.80651
18554 4.80651
18555 4.80651
18556 4.80651
18557 4.80651
18558 4.80651
18559 4.80651
18560 4.80651
18561 4.80651
18562 4.80651
18563 4.80651
18564 4.80651
18565 4.80651
18566 4.80651
18567 4.80651
18568 4.80651
18569 4.80651
18570 4.80651
18571 4.80651
18572 4.80651
18573 4.80651
18574 4.80651
18575 4.80651
18576 4.80651
18577 4.80651
18578 4.80651
18579 4.80651
18580 4.80651
18581 4.80651
18582 4.80651
18583 4.80651
18584 4.80651
18585 4.80651
18586 4.80651
18587 4.80651
18588 4.80651
18589 4.80651
18590 4.80651
18591 4.80651
18592 4.80651
18593 4.80651
18594 4.80651
18595 4.80651
18596 4.80651
18597 4.80651
18598 4.80651
18599 4.80651
18600 4.80651
18601 0.573088
18602 0.573088
18603 0.573088
18604 0.573088
18605 0.573088
18606 0.573088
18607 0.573088
18608 0.573088
18609 0.573088
18610 0.573088
18611 0.573088
18612 0.573088
18613 0.573088
18614 0.573088
18615 0.573088
18616 0.573088
18617 0.573088
18618 0.573088
18619 0.573088
18620 0.573088
18621 0.573088
18622 0.573088
18623 0.573088
18624 0.573088
18625 0.573088
18626 0.573088
18627 0.573088
18628 0.573088
18629 0.573088
18630 0.573088
18631 0.573088
18632 0.573088
18633 0.573088
18634 0.573088
18635 0.573088
18636 0.573088
18637 0.573088
18638 0.573088
18639 0.573088
18640 0.573088
18641 0.573088
18642 0.573088
18643 0.573088
18644 0.573088
18645 0.573088
18646 0.573088
18647 0.573088
18648 0.573088
18649 0.573088
18650 0.573088
18651 1.27464
18652 1.27464
18653 1.27464
18654 1.27464
18655 1.27464
18656 1.27464
18657 1.27464
18658 1.27464
18659 1.27464
18660 1.27464
18661 1.27464
18662 1.27464
18663 1.27464
18664 1.27464
18665 1.27464
18666 1.27464
18667 1.27464
18668 1.27464
18669 1.27464
18670 1.27464
18671 1.27464
18672 1.27464
18673 1.27464
18674 1.27464
18675 1.27464
18676 1.27464
18677 1.27464
18678 1.27464
18679 1.27464
18680 1.27464
18681 1.27464
18682 1.27464
18683 1.27464
18684 1.27464
18685 1.27464
18686 1.27464
18687 1.27464
18688 1.27464
18689 1.27464
18690 1.27464
18691 1.27464
18692 1.27464
18693 1.27464
18694 1.27464
18695 1.27464
18696 1.27464
18697 1.27464
18698 1.27464
18699 1.27464
18700 1.27464
18701 1.51617
18702 1.51617
18703 1.51617
18704 1.51617
18705 1.51617
18706 1.51617
18707 1.51617
18708 1.51617
18709 1.51617
18710 1.51617
18711 1.51617
18712 1.51617
18713 1.51617
18714 1.51617
18715 1.51617
18716 1.51617
18717 1.51617
18718 1.51617
18719 1.51617
18720 1.51617
18721 1.51617
18722 1.51617
18723 1.51617
18724 1.51617
18725 1.51617
18726 1.51617
18727 1.51617
18728 1.51617
18729 1.51617
18730 1.51617
18731 1.51617
18732 1.51617
18733 1.51617
18734 1.51617
18735 1.51617
18736 1.51617
18737 1.51617
18738 1.51617
18739 1.51617
18740 1.51617
18741 1.51617
18742 1.51617
18743 1.51617
18744 1.51617
18745 1.51617
18746 1.51617
18747 1.51617
18748 1.51617
18749 1.51617
18750 1.51617
18751 1.57477
18752 1.57477
18753 1.57477
18754 1.57477
18755 1.57477
18756 1.57477
18757 1.57477
18758 1.57477
18759 1.57477
18760 1.57477
18761 1.57477
18762 1.57477
18763 1.57477
18764 1.57477
18765 1.57477
18766 1.57477
18767 1.57477
18768 1.57477
18769 1.57477
18770 1.57477
18771 1.57477
18772 1.57477
18773 1.57477
18774 1.57477
18775 1.57477
18776 1.57477
18777 1.57477
18778 1.57477
18779 1.57477
18780 1.57477
18781 1.57477
18782 1.57477
18783 1.57477
18784 1.57477
18785 1.57477
18786 1.57477
18787 1.57477
18788 1.57477
18789 1.57477
18790 1.57477
18791 1.57477
18792 1.57477
18793 1.57477
18794 1.57477
18795 1.57477
18796 1.57477
18797 1.57477
18798 1.57477
18799 1.57477
18800 1.57477
18801 4.17994
18802 4.17994
18803 4.17994
18804 4.17994
18805 4.17994
18806 4.17994
18807 4.17994
18808 4.17994
18809 4.17994
18810 4.17994
18811 4.17994
18812 4.17994
18813 4.17994
18814 4.17994
18815 4.17994
18816 4.17994
18817 4.17994
18818 4.17994
18819 4.17994
18820 4.17994
18821 4.17994
18822 4.17994
18823 4.17994
18824 4.17994
18825 4.17994
18826 4.17994
18827 4.17994
18828 4.17994
18829 4.17994
18830 4.17994
18831 4.17994
18832 4.17994
18833 4.17994
18834 4.17994
18835 4.17994
18836 4.17994
18837 4.17994
18838 4.17994
18839 4.17994
18840 4.17994
18841 4.17994
18842 4.17994
18843 4.17994
18844 4.17994
18845 4.17994
18846 4.17994
18847 4.17994
18848 4.17994
18849 4.17994
18850 4.17994
18851 4.118
18852 4.118
18853 4.118
18854 4.118
18855 4.118
18856 4.118
18857 4.118
18858 4.118
18859 4.118
18860 4.118
18861 4.118
18862 4.118
18863 4.118
18864 4.118
18865 4.118
18866 4.118
18867 4.118
18868 4.118
18869 4.118
18870 4.118
18871 4.118
18872 4.118
18873 4.118
18874 4.118
18875 4.118
18876 4.118
18877 4.118
18878 4.118
18879 4.118
18880 4.118
18881 4.118
18882 4.118
18883 4.118
18884 4.118
18885 4.118
18886 4.118
18887 4.118
18888 4.118
18889 4.118
18890 4.118
18891 4.118
18892 4.118
18893 4.118
18894 4.118
18895 4.118
18896 4.118
18897 4.118
18898 4.118
18899 4.118
18900 4.118
18901 5.50708
18902 5.50708
18903 5.50708
18904 5.50708
18905 5.50708
18906 5.50708
18907 5.50708
18908 5.50708
18909 5.50708
18910 5.50708
18911 5.50708
18912 5.50708
18913 5.50708
18914 5.50708
18915 5.50708
18916 5.50708
18917 5.50708
18918 5.50708
18919 5.50708
18920 5.50708
18921 5.50708
18922 5.50708
18923 5.50708
18924 5.50708
18925 5.50708
18926 5.50708
18927 5.50708
18928 5.50708
18929 5.50708
18930 5.50708
18931 5.50708
18932 5.50708
18933 5.50708
18934 5.50708
18935 5.50708
18936 5.50708
18937 5.50708
18938 5.50708
18939 5.50708
18940 5.50708
18941 5.50708
18942 5.50708
18943 5.50708
18944 5.50708
18945 5.50708
18946 5.50708
18947 5.50708
18948 5.50708
18949 5.50708
18950 5.50708
18951 2.69739
18952 2.69739
18953 2.69739
18954 2.69739
18955 2.69739
18956 2.69739
18957 2.69739
18958 2.69739
18959 2.69739
18960 2.69739
18961 2.69739
18962 2.69739
18963 2.69739
18964 2.69739
18965 2.69739
18966 2.69739
18967 2.69739
18968 2.69739
18969 2.69739
18970 2.69739
18971 2.69739
18972 2.69739
18973 2.69739
18974 2.69739
18975 2.69739
18976 2.69739
18977 2.69739
18978 2.69739
18979 2.69739
18980 2.69739
18981 2.69739
18982 2.69739
18983 2.69739
18984 2.69739
18985 2.69739
18986 2.69739
18987 2.69739
18988 2.69739
18989 2.69739
18990 2.69739
18991 2.69739
18992 2.69739
18993 2.69739
18994 2.69739
18995 2.69739
18996 2.69739
18997 2.69739
18998 2.69739
18999 2.69739
19000 2.69739
19001 5.90587
19002 5.90587
19003 5.90587
19004 5.90587
19005 5.90587
19006 5.90587
19007 5.90587
19008 5.90587
19009 5.90587
19010 5.90587
19011 5.90587
19012 5.90587
19013 5.90587
19014 5.90587
19015 5.90587
19016 5.90587
19017 5.90587
19018 5.90587
19019 5.90587
19020 5.90587
19021 5.90587
19022 5.90587
19023 5.90587
19024 5.90587
19025 5.90587
19026 5.90587
19027 5.90587
19028 5.90587
19029 5.90587
19030 5.90587
19031 5.90587
19032 5.90587
19033 5.90587
19034 5.90587
19035 5.90587
19036 5.90587
19037 5.90587
19038 5.90587
19039 5.90587
19040 5.90587
19041 5.90587
19042 5.90587
19043 5.90587
19044 5.90587
19045 5.90587
19046 5.90587
19047 5.90587
19048 5.90587
19049 5.90587
19050 5.90587
19051 1.66595
19052 1.66595
19053 1.66595
19054 1.66595
19055 1.66595
19056 1.66595
19057 1.66595
19058 1.66595
19059 1.66595
19060 1.66595
19061 1.66595
19062 1.66595
19063 1.66595
19064 1.66595
19065 1.66595
19066 1.66595
19067 1.66595
19068 1.66595
19069 1.66595
19070 1.66595
19071 1.66595
19072 1.66595
19073 1.66595
19074 1.66595
19075 1.66595
19076 1.66595
19077 1.66595
19078 1.66595
19079 1.66595
19080 1.66595
19081 1.66595
19082 1.66595
19083 1.66595
19084 1.66595
19085 1.66595
19086 1.66595
19087 1.66595
19088 1.66595
19089 1.66595
19090 1.66595
19091 1.66595
19092 1.66595
19093 1.66595
19094 1.66595
19095 1.66595
19096 1.66595
19097 1.66595
19098 1.66595
19099 1.66595
19100 1.66595
19101 5.18416
19102 5.18416
19103 5.18416
19104 5.18416
19105 5.18416
19106 5.18416
19107 5.18416
19108 5.18416
19109 5.18416
19110 5.18416
19111 5.18416
19112 5.18416
19113 5.18416
19114 5.18416
19115 5.18416
19116 5.18416
19117 5.18416
19118 5.18416
19119 5.18416
19120 5.18416
19121 5.18416
19122 5.18416
19123 5.18416
19124 5.18416
19125 5.18416
19126 5.18416
19127 5.18416
19128 5.18416
19129 5.18416
19130 5.18416
19131 5.18416
19132 5.18416
19133 5.18416
19134 5.18416
19135 5.18416
19136 5.18416
19137 5.18416
19138 5.18416
19139 5.18416
19140 5.18416
19141 5.18416
19142 5.18416
19143 5.18416
19144 5.18416
19145 5.18416
19146 5.18416
19147 5.18416
19148 5.18416
19149 5.18416
19150 5.18416
19151 0.897341
19152 0.897341
19153 0.897341
19154 0.897341
19155 0.897341
19156 0.897341
19157 0.897341
19158 0.897341
19159 0.897341
19160 0.897341
19161 0.897341
19162 0.897341
19163 0.897341
19164 0.897341
19165 0.897341
19166 0.897341
19167 0.897341
19168 0.897341
19169 0.897341
19170 0.897341
19171 0.897341
19172 0.897341
19173 0.897341
19174 0.897341
19175 0.897341
19176 0.897341
19177 0.897341
19178 0.897341
19179 0.897341
19180 0.897341
19181 0.897341
19182 0.897341
19183 0.897341
19184 0.897341
19185 0.897341
19186 0.897341
19187 0.897341
19188 0.897341
19189 0.897341
19190 0.897341
19191 0.897341
19192 0.897341
19193 0.897341
19194 0.897341
19195 0.897341
19196 0.897341
19197 0.897341
19198 0.897341
19199 0.897341
19200 0.897341
19201 6.169
19202 6.169
19203 6.169
19204 6.169
19205 6.169
19206 6.169
19207 6.169
19208 6.169
19209 6.169
19210 6.169
19211 6.169
19212 6.169
19213 6.169
19214 6.169
19215 6.169
19216 6.169
19217 6.169
19218 6.169
19219 6.169
19220 6.169
19221 6.169
19222 6.169
19223 6.169
19224 6.169
19225 6.169
19226 6.169
19227 6.169
19228 6.169
19229 6.169
19230 6.169
19231 6.169
19232 6.169
19233 6.169
19234 6.169
19235 6.169
19236 6.169
19237 6.169
19238 6.169
19239 6.169
19240 6.169
19241 6.169
19242 6.169
19243 6.169
19244 6.169
19245 6.169
19246 6.169
19247 6.169
19248 6.169
19249 6.169
19250 6.169
19251 5.33628
19252 5.33628
19253 5.33628
19254 5.33628
19255 5.33628
19256 5.33628
19257 5.33628
19258 5.33628
19259 5.33628
19260 5.33628
19261 5.33628
19262 5.33628
19263 5.33628
19264 5.33628
19265 5.33628
19266 5.33628
19267 5.33628
19268 5.33628
19269 5.33628
19270 5.33628
19271 5.33628
19272 5.33628
19273 5.33628
19274 5.33628
19275 5.33628
19276 5.33628
19277 5.33628
19278 5.33628
19279 5.33628
19280 5.33628
19281 5.33628
19282 5.33628
19283 5.33628
19284 5.33628
19285 5.33628
19286 5.33628
19287 5.33628
19288 5.33628
19289 5.33628
19290 5.33628
19291 5.33628
19292 5.33628
19293 5.33628
19294 5.33628
19295 5.33628
19296 5.33628
19297 5.33628
19298 5.33628
19299 5.33628
19300 5.33628
19301 0.279212
19302 0.279212
19303 0.279212
19304 0.279212
19305 0.279212
19306 0.279212
19307 0.279212
19308 0.279212
19309 0.279212
19310 0.279212
19311 0.279212
19312 0.279212
19313 0.279212
19314 0.279212
19315 0.279212
19316 0.279212
19317 0.279212
19318 0.279212
19319 0.279212
19320 0.279212
19321 0.279212
19322 0.279212
19323 0.279212
19324 0.279212
19325 0.279212
19326 0.279212
19327 0.279212
19328 0.279212
19329 0.279212
19330 0.279212
19331 0.279212
19332 0.279212
19333 0.279212
19334 0.279212
19335 0.279212
19336 0.279212
19337 0.279212
19338 0.279212
19339 0.279212
19340 0.279212
19341 0.279212
19342 0.279212
19343 0.279212
19344 0.279212
19345 0.279212
19346 0.279212
19347 0.279212
19348 0.279212
19349 0.279212
19350 0.279212
19351 4.5798
19352 4.5798
19353 4.5798
19354 4.5798
19355 4.5798
19356 4.5798
19357 4.5798
19358 4.5798
19359 4.5798
19360 4.5798
19361 4.5798
19362 4.5798
19363 4.5798
19364 4.5798
19365 4.5798
19366 4.5798
19367 4.5798
19368 4.5798
19369 4.5798
19370 4.5798
19371 4.5798
19372 4.5798
19373 4.5798
19374 4.5798
19375 4.5798
19376 4.5798
19377 4.5798
19378 4.5798
19379 4.5798
19380 4.5798
19381 4.5798
19382 4.5798
19383 4.5798
19384 4.5798
19385 4.5798
19386 4.5798
19387 4.5798
19388 4.5798
19389 4.5798
19390 4.5798
19391 4.5798
19392 4.5798
19393 4.5798
19394 4.5798
19395 4.5798
19396 4.5798
19397 4.5798
19398 4.5798
19399 4.5798
19400 4.5798
19401 1.00821
19402 1.00821
19403 1.00821
19404 1.00821
19405 1.00821
19406 1.00821
19407 1.00821
19408 1.00821
19409 1.00821
19410 1.00821
19411 1.00821
19412 1.00821
19413 1.00821
19414 1.00821
19415 1.00821
19416 1.00821
19417 1.00821
19418 1.00821
19419 1.00821
19420 1.00821
19421 1.00821
19422 1.00821
19423 1.00821
19424 1.00821
19425 1.00821
19426 1.00821
19427 1.00821
19428 1.00821
19429 1.00821
19430 1.00821
19431 1.00821
19432 1.00821
19433 1.00821
19434 1.00821
19435 1.00821
19436 1.00821
19437 1.00821
19438 1.00821
19439 1.00821
19440 1.00821
19441 1.00821
19442 1.00821
19443 1.00821
19444 1.00821
19445 1.00821
19446 1.00821
19447 1.00821
19448 1.00821
19449 1.00821
19450 1.00821
19451 3.83801
19452 3.83801
19453 3.83801
19454 3.83801
19455 3.83801
19456 3.83801
19457 3.83801
19458 3.83801
19459 3.83801
19460 3.83801
19461 3.83801
19462 3.83801
19463 3.83801
19464 3.83801
19465 3.83801
19466 3.83801
19467 3.83801
19468 3.83801
19469 3.83801
19470 3.83801
19471 3.83801
19472 3.83801
19473 3.83801
19474 3.83801
19475 3.83801
19476 3.83801
19477 3.83801
19478 3.83801
19479 3.83801
19480 3.83801
19481 3.83801
19482 3.83801
19483 3.83801
19484 3.83801
19485 3.83801
19486 3.83801
19487 3.83801
19488 3.83801
19489 3.83801
19490 3.83801
19491 3.83801
19492 3.83801
19493 3.83801
19494 3.83801
19495 3.83801
19496 3.83801
19497 3.83801
19498 3.83801
19499 3.83801
19500 3.83801
19501 3.159
19502 3.159
19503 3.159
19504 3.159
19505 3.159
19506 3.159
19507 3.159
19508 3.159
19509 3.159
19510 3.159
19511 3.159
19512 3.159
19513 3.159
19514 3.159
19515 3.159
19516 3.159
19517 3.159
19518 3.159
19519 3.159
19520 3.159
19521 3.159
19522 3.159
19523 3.159
19524 3.159
19525 3.159
19526 3.159
19527 3.159
19528 3.159
19529 3.159
19530 3.159
19531 3.159
19532 3.159
19533 3.159
19534 3.159
19535 3.159
19536 3.159
19537 3.159
19538 3.159
19539 3.159
19540 3.159
19541 3.159
19542 3.159
19543 3.159
19544 3.159
19545 3.159
19546 3.159
19547 3.159
19548 3.159
19549 3.159
19550 3.159
19551 6.00487
19552 6.00487
19553 6.00487
19554 6.00487
19555 6.00487
19556 6.00487
19557 6.00487
19558 6.00487
19559 6.00487
19560 6.00487
19561 6.00487
19562 6.00487
19563 6.00487
19564 6.00487
19565 6.00487
19566 6.00487
19567 6.00487
19568 6.00487
19569 6.00487
19570 6.00487
19571 6.00487
19572 6.00487
19573 6.00487
19574 6.00487
19575 6.00487
19576 6.00487
19577 6.00487
19578 6.00487
19579 6.00487
19580 6.00487
19581 6.00487
19582 6.00487
19583 6.00487
19584 6.00487
19585 6.00487
19586 6.00487
19587 6.00487
19588 6.00487
19589 6.00487
19590 6.00487
19591 6.00487
19592 6.00487
19593 6.00487
19594 6.00487
19595 6.00487
19596 6.00487
19597 6.00487
19598 6.00487
19599 6.00487
19600 6.00487
19601 0.0786932
19602 0.0786932
19603 0.0786932
19604 0.0786932
19605 0.0786932
19606 0.0786932
19607 0.0786932
19608 0.0786932
19609 0.0786932
19610 0.0786932
19611 0.0786932
19612 0.0786932
19613 0.0786932
19614 0.0786932
19615 0.0786932
19616 0.0786932
19617 0.0786932
19618 0.0786932
19619 0.0786932
19620 0.0786932
19621 0.0786932
19622 0.0786932
19623 0.0786932
19624 0.0786932
19625 0.0786932
19626 0.0786932
19627 0.0786932
19628 0.0786932
19629 0.0786932
19630 0.0786932
19631 0.0786932
19632 0.0786932
19633 0.0786932
19634 0.0786932
19635 0.0786932
19636 0.0786932
19637 0.0786932
19638 0.0786932
19639 0.0786932
19640 0.0786932
19641 0.0786932
19642 0.0786932
19643 0.0786932
19644 0.0786932
19645 0.0786932
19646 0.0786932
19647 0.0786932
19648 0.0786932
19649 0.0786932
19650 0.0786932
19651 4.25592
19652 4.25592
19653 4.25592
19654 4.25592
19655 4.25592
19656 4.25592
19657 4.25592
19658 4.25592
19659 4.25592
19660 4.25592
19661 4.25592
19662 4.25592
19663 4.25592
19664 4.25592
19665 4.25592
19666 4.25592
19667 4.25592
19668 4.25592
19669 4.25592
19670 4.25592
19671 4.25592
19672 4.25592
19673 4.25592
19674 4.25592
19675 4.25592
19676 4.25592
19677 4.25592
19678 4.25592
19679 4.25592
19680 4.25592
19681 4.25592
19682 4.25592
19683 4.25592
19684 4.25592
19685 4.25592
19686 4.25592
19687 4.25592
19688 4.25592
19689 4.25592
19690 4.25592
19691 4.25592
19692 4.25592
19693 4.25592
19694 4.25592
19695 4.25592
19696 4.25592
19697 4.25592
19698 4.25592
19699 4.25592
19700 4.25592
19701 5.49111
19702 5.49111
19703 5.49111
19704 5.49111
19705 5.49111
19706 5.49111
19707 5.49111
19708 5.49111
19709 5.49111
19710 5.49111
19711 5.49111
19712 5.49111
19713 5.49111
19714 5.49111
19715 5.49111
19716 5.49111
19717 5.49111
19718 5.49111
19719 5.49111
19720 5.49111
19721 5.49111
19722 5.49111
19723 5.49111
19724 5.49111
19725 5.49111
19726 5.49111
19727 5.49111
19728 5.49111
19729 5.49111
19730 5.49111
19731 5.49111
19732 5.49111
19733 5.49111
19734 5.49111
19735 5.49111
19736 5.49111
19737 5.49111
19738 5.49111
19739 5.49111
19740 5.49111
19741 5.49111
19742 5.49111
19743 5.49111
19744 5.49111
19745 5.49111
19746 5.49111
19747 5.49111
19748 5.49111
19749 5.49111
19750 5.49111
19751 4.38821
19752 4.38821
19753 4.38821
19754 4.38821
19755 4.38821
19756 4.38821
19757 4.38821
19758 4.38821
19759 4.38821
19760 4.38821
19761 4.38821
19762 4.38821
19763 4.38821
19764 4.38821
19765 4.38821
19766 4.38821
19767 4.38821
19768 4.38821
19769 4.38821
19770 4.38821
19771 4.38821
19772 4.38821
19773 4.38821
19774 4.38821
19775 4.38821
19776 4.38821
19777 4.38821
19778 4.38821
19779 4.38821
19780 4.38821
19781 4.38821
19782 4.38821
19783 4.38821
19784 4.38821
19785 4.38821
19786 4.38821
19787 4.38821
19788 4.38821
19789 4.38821
19790 4.38821
19791 4.38821
19792 4.38821
19793 4.38821
19794 4.38821
19795 4.38821
19796 4.38821
19797 4.38821
19798 4.38821
19799 4.38821
19800 4.38821
19801 0.337499
19802 0.337499
19803 0.337499
19804 0.337499
19805 0.337499
19806 0.337499
19807 0.337499
19808 0.337499
19809 0.337499
19810 0.337499
19811 0.337499
19812 0.337499
19813 0.337499
19814 0.337499
19815 0.337499
19816 0.337499
19817 0.337499
19818 0.337499
19819 0.337499
19820 0.337499
19821 0.337499
19822 0.337499
19823 0.337499
19824 0.337499
19825 0.337499
19826 0.337499
19827 0.337499
19828 0.337499
19829 0.337499
19830 0.337499
19831 0.337499
19832 0.337499
19833 0.337499
19834 0.337499
19835 0.337499
19836 0.337499
19837 0.337499
19838 0.337499
19839 0.337499
19840 0.337499
19841 0.337499
19842 0.337499
19843 0.337499
19844 0.337499
19845 0.337499
19846 0.337499
19847 0.337499
19848 0.337499
19849 0.337499
19850 0.337499
19851 1.73784
19852 1.73784
19853 1.73784
19854 1.73784
19855 1.73784
19856 1.73784
19857 1.73784
19858 1.73784
19859 1.73784
19860 1.73784
19861 1.73784
19862 1.73784
19863 1.73784
19864 1.73784
19865 1.73784
19866 1.73784
19867 1.73784
19868 1.73784
19869 1.73784
19870 1.73784
19871 1.73784
19872 1.73784
19873 1.73784
19874 1.73784
19875 1.73784
19876 1.73784
19877 1.73784
19878 1.73784
19879 1.73784
19880 1.73784
19881 1.73784
19882 1.73784
19883 1.73784
19884 1.73784
19885 1.73784
19886 1.73784
19887 1.73784
19888 1.73784
19889 1.73784
19890 1.73784
19891 1.73784
19892 1.73784
19893 1.73784
19894 1.73784
19895 1.73784
19896 1.73784
19897 1.73784
19898 1.73784
19899 1.73784
19900 1.73784
19901 5.4646
19902 5.4646
19903 5.4646
19904 5.4646
19905 5.4646
19906 5.4646
19907 5.4646
19908 5.4646
19909 5.4646
19910 5.4646
19911 5.4646
19912 5.4646
19913 5.4646
19914 5.4646
19915 5.4646
19916 5.4646
19917 5.4646
19918 5.4646
19919 5.4646
19920 5.4646
19921 5.4646
19922 5.4646
19923 5.4646
19924 5.4646
19925 5.4646
19926 5.4646
19927 5.4646
19928 5.4646
19929 5.4646
19930 5.4646
19931 5.4646
19932 5.4646
19933 5.4646
19934 5.4646
19935 5.4646
19936 5.4646
19937 5.4646
19938 5.4646
19939 5.4646
19940 5.4646
19941 5.4646
19942 5.4646
19943 5.4646
19944 5.4646
19945 5.4646
19946 5.4646
19947 5.4646
19948 5.4646
19949 5.4646
19950 5.4646
19951 0.652748
19952 0.652748
19953 0.652748
19954 0.652748
19955 0.652748
19956 0.652748
19957 0.652748
19958 0.652748
19959 0.652748
19960 0.652748
19961 0.652748
19962 0.652748
19963 0.652748
19964 0.652748
19965 0.652748
19966 0.652748
19967 0.652748
19968 0.652748
19969 0.652748
19970 0.652748
19971 0.652748
19972 0.652748
19973 0.652748
19974 0.652748
19975 0.652748
19976 0.652748
19977 0.652748
19978 0.652748
19979 0.652748
19980 0.652748
19981 0.652748
19982 0.652748
19983 0.652748
19984 0.652748
19985 0.652748
19986 0.652748
19987 0.652748
19988 0.652748
19989 0.652748
19990 0.652748
19991 0.652748
19992 0.652748
19993 0.652748
19994 0.652748
19995 0.652748
19996 0.652748
19997 0.652748
19998 0.652748
19999 0.652748
20000 0.652748
20001 4.74028
20002 4.74028
20003 4.74028
20004 4.74028
20005 4.74028
20006 4.74028
20007 4.74028
20008 4.74028
20009 4.74028
20010 4.74028
20011 4.74028
20012 4.74028
20013 4.74028
20014 4.74028
20015 4.74028
20016 4.74028
20017 4.74028
20018 4.74028
20019 4.74028
20020 4.74028
20021 4.74028
20022 4.74028
20023 4.74028
20024 4.74028
20025 4.74028
20026 4.74028
20027 4.74028
20028 4.74028
20029 4.74028
20030 4.74028
20031 4.74028
20032 4.74028
20033 4.74028
20034 4.74028
20035 4.74028
20036 4.74028
20037 4.74028
20038 4.74028
20039 4.74028
20040 4.74028
20041 4.74028
20042 4.74028
20043 4.74028
20044 4.74028
20045 4.74028
20046 4.74028
20047 4.74028
20048 4.74028
20049 4.74028
20050 4.74028
20051 0.937561
20052 0.937561
20053 0.937561
20054 0.937561
20055 0.937561
20056 0.937561
20057 0.937561
20058 0.937561
20059 0.937561
20060 0.937561
20061 0.937561
20062 0.937561
20063 0.937561
20064 0.937561
20065 0.937561
20066 0.937561
20067 0.937561
20068 0.937561
20069 0.937561
20070 0.937561
20071 0.937561
20072 0.937561
20073 0.937561
20074 0.937561
20075 0.937561
20076 0.937561
20077 0.937561
20078 0.937561
20079 0.937561
20080 0.937561
20081 0.937561
20082 0.937561
20083 0.937561
20084 0.937561
20085 0.937561
20086 0.937561
20087 0.937561
20088 0.937561
20089 0.937561
20090 0.937561
20091 0.937561
20092 0.937561
20093 0.937561
20094 0.937561
20095 0.937561
20096 0.937561
20097 0.937561
20098 0.937561
20099 0.937561
20100 0.937561
20101 3.26974
20102 3.26974
20103 3.26974
20104 3.26974
20105 3.26974
20106 3.26974
20107 3.26974
20108 3.26974
20109 3.26974
20110 3.26974
20111 3.26974
20112 3.26974
20113 3.26974
20114 3.26974
20115 3.26974
20116 3.26974
20117 3.26974
20118 3.26974
20119 3.26974
20120 3.26974
20121 3.26974
20122 3.26974
20123 3.26974
20124 3.26974
20125 3.26974
20126 3.26974
20127 3.26974
20128 3.26974
20129 3.26974
20130 3.26974
20131 3.26974
20132 3.26974
20133 3.26974
20134 3.26974
20135 3.26974
20136 3.26974
20137 3.26974
20138 3.26974
20139 3.26974
20140 3.26974
20141 3.26974
20142 3.26974
20143 3.26974
20144 3.26974
20145 3.26974
20146 3.26974
20147 3.26974
20148 3.26974
20149 3.26974
20150 3.26974
20151 2.16777
20152 2.16777
20153 2.16777
20154 2.16777
20155 2.16777
20156 2.16777
20157 2.16777
20158 2.16777
20159 2.16777
20160 2.16777
20161 2.16777
20162 2.16777
20163 2.16777
20164 2.16777
20165 2.16777
20166 2.16777
20167 2.16777
20168 2.16777
20169 2.16777
20170 2.16777
20171 2.16777
20172 2.16777
20173 2.16777
20174 2.16777
20175 2.16777
20176 2.16777
20177 2.16777
20178 2.16777
20179 2.16777
20180 2.16777
20181 2.16777
20182 2.16777
20183 2.16777
20184 2.16777
20185 2.16777
20186 2.16777
20187 2.16777
20188 2.16777
20189 2.16777
20190 2.16777
20191 2.16777
20192 2.16777
20193 2.16777
20194 2.16777
20195 2.16777
20196 2.16777
20197 2.16777
20198 2.16777
20199 2.16777
20200 2.16777
20201 2.22572
20202 2.22572
20203 2.22572
20204 2.22572
20205 2.22572
20206 2.22572
20207 2.22572
20208 2.22572
20209 2.22572
20210 2.22572
20211 2.22572
20212 2.22572
20213 2.22572
20214 2.22572
20215 2.22572
20216 2.22572
20217 2.22572
20218 2.22572
20219 2.22572
20220 2.22572
20221 2.22572
20222 2.22572
20223 2.22572
20224 2.22572
20225 2.22572
20226 2.22572
20227 2.22572
20228 2.22572
20229 2.22572
20230 2.22572
20231 2.22572
20232 2.22572
20233 2.22572
20234 2.22572
20235 2.22572
20236 2.22572
20237 2.22572
20238 2.22572
20239 2.22572
20240 2.22572
20241 2.22572
20242 2.22572
20243 2.22572
20244 2.22572
20245 2.22572
20246 2.22572
20247 2.22572
20248 2.22572
20249 2.22572
20250 2.22572
20251 2.73002
20252 2.73002
20253 2.73002
20254 2.73002
20255 2.73002
20256 2.73002
20257 2.73002
20258 2.73002
20259 2.73002
20260 2.73002
20261 2.73002
20262 2.73002
20263 2.73002
20264 2.73002
20265 2.73002
20266 2.73002
20267 2.73002
20268 2.73002
20269 2.73002
20270 2.73002
20271 2.73002
20272 2.73002
20273 2.73002
20274 2.73002
20275 2.73002
20276 2.73002
20277 2.73002
20278 2.73002
20279 2.73002
20280 2.73002
20281 2.73002
20282 2.73002
20283 2.73002
20284 2.73002
20285 2.73002
20286 2.73002
20287 2.73002
20288 2.73002
20289 2.73002
20290 2.73002
20291 2.73002
20292 2.73002
20293 2.73002
20294 2.73002
20295 2.73002
20296 2.73002
20297 2.73002
20298 2.73002
20299 2.73002
20300 2.73002
20301 0.0430429
20302 0.0430429
20303 0.0430429
20304 0.0430429
20305 0.0430429
20306 0.0430429
20307 0.0430429
20308 0.0430429
20309 0.0430429
20310 0.0430429
20311 0.0430429
20312 0.0430429
20313 0.0430429
20314 0.0430429
20315 0.0430429
20316 0.0430429
20317 0.0430429
20318 0.0430429
20319 0.0430429
20320 0.0430429
20321 0.0430429
20322 0.0430429
20323 0.0430429
20324 0.0430429
20325 0.0430429
20326 0.0430429
20327 0.0430429
20328 0.0430429
20329 0.0430429
20330 0.0430429
20331 0.0430429
20332 0.0430429
20333 0.0430429
20334 0.0430429
20335 0.0430429
20336 0.0430429
20337 0.0430429
20338 0.0430429
20339 0.0430429
20340 0.0430429
20341 0.0430429
20342 0.0430429
20343 0.0430429
20344 0.0430429
20345 0.0430429
20346 0.0430429
20347 0.0430429
20348 0.0430429
20349 0.0430429
20350 0.0430429
20351 5.55501
20352 5.55501
20353 5.55501
20354 5.55501
20355 5.55501
20356 5.55501
20357 5.55501
20358 5.55501
20359 5.55501
20360 5.55501
20361 5.55501
20362 5.55501
20363 5.55501
20364 5.55501
20365 5.55501
20366 5.55501
20367 5.55501
20368 5.55501
20369 5.55501
20370 5.55501
20371 5.55501
20372 5.55501
20373 5.55501
20374 5.55501
20375 5.55501
20376 5.55501
20377 5.55501
20378 5.55501
20379 5.55501
20380 5.55501
20381 5.55501
20382 5.55501
20383 5.55501
20384 5.55501
20385 5.55501
20386 5.55501
20387 5.55501
20388 5.55501
20389 5.55501
20390 5.55501
20391 5.55501
20392 5.55501
20393 5.55501
20394 5.55501
20395 5.55501
20396 5.55501
20397 5.55501
20398 5.55501
20399 5.55501
20400 5.55501
20401 4.86584
20402 4.86584
20403 4.86584
20404 4.86584
20405 4.86584
20406 4.86584
20407 4.86584
20408 4.86584
20409 4.86584
20410 4.86584
20411 4.86584
20412 4.86584
20413 4.86584
20414 4.86584
20415 4.86584
20416 4.86584
20417 4.86584
20418 4.86584
20419 4.86584
20420 4.86584
20421 4.86584
20422 4.86584
20423 4.86584
20424 4.86584
20425 4.86584
20426 4.86584
20427 4.86584
20428 4.86584
20429 4.86584
20430 4.86584
20431 4.86584
20432 4.86584
20433 4.86584
20434 4.86584
20435 4.86584
20436 4.86584
20437 4.86584
20438 4.86584
20439 4.86584
20440 4.86584
20441 4.86584
20442 4.86584
20443 4.86584
20444 4.86584
20445 4.86584
20446 4.86584
20447 4.86584
20448 4.86584
20449 4.86584
20450 4.86584
20451 0.0747152
20452 0.0747152
20453 0.0747152
20454 0.0747152
20455 0.0747152
20456 0.0747152
20457 0.0747152
20458 0.0747152
20459 0.0747152
20460 0.0747152
20461 0.0747152
20462 0.0747152
20463 0.0747152
20464 0.0747152
20465 0.0747152
20466 0.0747152
20467 0.0747152
20468 0.0747152
20469 0.0747152
20470 0.0747152
20471 0.0747152
20472 0.0747152
20473 0.0747152
20474 0.0747152
20475 0.0747152
20476 0.0747152
20477 0.0747152
20478 0.0747152
20479 0.0747152
20480 0.0747152
20481 0.0747152
20482 0.0747152
20483 0.0747152
20484 0.0747152
20485 0.0747152
20486 0.0747152
20487 0.0747152
20488 0.0747152
20489 0.0747152
20490 0.0747152
20491 0.0747152
20492 0.0747152
20493 0.0747152
20494 0.0747152
20495 0.0747152
20496 0.0747152
20497 0.0747152
20498 0.0747152
20499 0.0747152
20500 0.0747152
20501 0.283137
20502 0.283137
20503 0.283137
20504 0.283137
20505 0.283137
20506 0.283137
20507 0.283137
20508 0.283137
20509 0.283137
20510 0.283137
20511 0.283137
20512 0.283137
20513 0.283137
20514 0.283137
20515 0.283137
20516 0.283137
20517 0.283137
20518 0.283137
20519 0.283137
20520 0.283137
20521 0.283137
20522 0.283137
20523 0.283137
20524 0.283137
20525 0.283137
20526 0.283137
20527 0.283137
20528 0.283137
20529 0.283137
20530 0.283137
20531 0.283137
20532 0.283137
20533 0.283137
20534 0.283137
20535 0.283137
20536 0.283137
20537 0.283137
20538 0.283137
20539 0.283137
20540 0.283137
20541 0.283137
20542 0.283137
20543 0.283137
20544 0.283137
20545 0.283137
20546 0.283137
20547 0.283137
20548 0.283137
20549 0.283137
20550 0.283137
20551 3.92469
20552 3.92469
20553 3.92469
20554 3.92469
20555 3.92469
20556 3.92469
20557 3.92469
20558 3.92469
20559 3.92469
20560 3.92469
20561 3.92469
20562 3.92469
20563 3.92469
20564 3.92469
20565 3.92469
20566 3.92469
20567 3.92469
20568 3.92469
20569 3.92469
20570 3.92469
20571 3.92469
20572 3.92469
20573 3.92469
20574 3.92469
20575 3.92469
20576 3.92469
20577 3.92469
20578 3.92469
20579 3.92469
20580 3.92469
20581 3.92469
20582 3.92469
20583 3.92469
20584 3.92469
20585 3.92469
20586 3.92469
20587 3.92469
20588 3.92469
20589 3.92469
20590 3.92469
20591 3.92469
20592 3.92469
20593 3.92469
20594 3.92469
20595 3.92469
20596 3.92469
20597 3.92469
20598 3.92469
20599 3.92469
20600 3.92469
20601 5.26037
20602 5.26037
20603 5.26037
20604 5.26037
20605 5.26037
20606 5.26037
20607 5.26037
20608 5.26037
20609 5.26037
20610 5.26037
20611 5.26037
20612 5.26037
20613 5.26037
20614 5.26037
20615 5.26037
20616 5.26037
20617 5.26037
20618 5.26037
20619 5.26037
20620 5.26037
20621 5.26037
20622 5.26037
20623 5.26037
20624 5.26037
20625 5.26037
20626 5.26037
20627 5.26037
20628 5.26037
20629 5.26037
20630 5.26037
20631 5.26037
20632 5.26037
20633 5.26037
20634 5.26037
20635 5.26037
20636 5.26037
20637 5.26037
20638 5.26037
20639 5.26037
20640 5.26037
20641 5.26037
20642 5.26037
20643 5.26037
20644 5.26037
20645 5.26037
20646 5.26037
20647 5.26037
20648 5.26037
20649 5.26037
20650 5.26037
20651 3.81577
20652 3.81577
20653 3.81577
20654 3.81577
20655 3.81577
20656 3.81577
20657 3.81577
20658 3.81577
20659 3.81577
20660 3.81577
20661 3.81577
20662 3.81577
20663 3.81577
20664 3.81577
20665 3.81577
20666 3.81577
20667 3.81577
20668 3.81577
20669 3.81577
20670 3.81577
20671 3.81577
20672 3.81577
20673 3.81577
20674 3.81577
20675 3.81577
20676 3.81577
20677 3.81577
20678 3.81577
20679 3.81577
20680 3.81577
20681 3.81577
20682 3.81577
20683 3.81577
20684 3.81577
20685 3.81577
20686 3.81577
20687 3.81577
20688 3.81577
20689 3.81577
20690 3.81577
20691 3.81577
20692 3.81577
20693 3.81577
20694 3.81577
20695 3.81577
20696 3.81577
20697 3.81577
20698 3.81577
20699 3.81577
20700 3.81577
20701 5.53793
20702 5.53793
20703 5.53793
20704 5.53793
20705 5.53793
20706 5.53793
20707 5.53793
20708 5.53793
20709 5.53793
20710 5.53793
20711 5.53793
20712 5.53793
20713 5.53793
20714 5.53793
20715 5.53793
20716 5.53793
20717 5.53793
20718 5.53793
20719 5.53793
20720 5.53793
20721 5.53793
20722 5.53793
20723 5.53793
20724 5.53793
20725 5.53793
20726 5.53793
20727 5.53793
20728 5.53793
20729 5.53793
20730 5.53793
20731 5.53793
20732 5.53793
20733 5.53793
20734 5.53793
20735 5.53793
20736 5.53793
20737 5.53793
20738 5.53793
20739 5.53793
20740 5.53793
20741 5.53793
20742 5.53793
20743 5.53793
20744 5.53793
20745 5.53793
20746 5.53793
20747 5.53793
20748 5.53793
20749 5.53793
20750 5.53793
20751 2.57587
20752 2.57587
20753 2.57587
20754 2.57587
20755 2.57587
20756 2.57587
20757 2.57587
20758 2.57587
20759 2.57587
20760 2.57587
20761 2.57587
20762 2.57587
20763 2.57587
20764 2.57587
20765 2.57587
20766 2.57587
20767 2.57587
20768 2.57587
20769 2.57587
20770 2.57587
20771 2.57587
20772 2.57587
20773 2.57587
20774 2.57587
20775 2.57587
20776 2.57587
20777 2.57587
20778 2.57587
20779 2.57587
20780 2.57587
20781 2.57587
20782 2.57587
20783 2.57587
20784 2.57587
20785 2.57587
20786 2.57587
20787 2.57587
20788 2.57587
20789 2.57587
20790 2.57587
20791 2.57587
20792 2.57587
20793 2.57587
20794 2.57587
20795 2.57587
20796 2.57587
20797 2.57587
20798 2.57587
20799 2.57587
20800 2.57587
20801 5.91569
20802 5.91569
20803 5.91569
20804 5.91569
20805 5.91569
20806 5.91569
20807 5.91569
20808 5.91569
20809 5.91569
20810 5.91569
20811 5.91569
20812 5.91569
20813 5.91569
20814 5.91569
20815 5.91569
20816 5.91569
20817 5.91569
20818 5.91569
20819 5.91569
20820 5.91569
20821 5.91569
20822 5.91569
20823 5.91569
20824 5.91569
20825 5.91569
20826 5.91569
20827 5.91569
20828 5.91569
20829 5.91569
20830 5.91569
20831 5.91569
20832 5.91569
20833 5.91569
20834 5.91569
20835 5.91569
20836 5.91569
20837 5.91569
20838 5.91569
20839 5.91569
20840 5.91569
20841 5.91569
20842 5.91569
20843 5.91569
20844 5.91569
20845 5.91569
20846 5.91569
20847 5.91569
20848 5.91569
20849 5.91569
20850 5.91569
20851 4.90691
20852 4.90691
20853 4.90691
20854 4.90691
20855 4.90691
20856 4.90691
20857 4.90691
20858 4.90691
20859 4.90691
20860 4.90691
20861 4.90691
20862 4.90691
20863 4.90691
20864 4.90691
20865 4.90691
20866 4.90691
20867 4.90691
20868 4.90691
20869 4.90691
20870 4.90691
20871 4.90691
20872 4.90691
20873 4.90691
20874 4.90691
20875 4.90691
20876 4.90691
20877 4.90691
20878 4.90691
20879 4.90691
20880 4.90691
20881 4.90691
20882 4.90691
20883 4.90691
20884 4.90691
20885 4.90691
20886 4.90691
20887 4.90691
20888 4.90691
20889 4.90691
20890 4.90691
20891 4.90691
20892 4.90691
20893 4.90691
20894 4.90691
20895 4.90691
20896 4.90691
20897 4.90691
20898 4.90691
20899 4.90691
20900 4.90691
20901 0.519444
20902 0.519444
20903 0.519444
20904 0.519444
20905 0.519444
20906 0.519444
20907 0.519444
20908 0.519444
20909 0.519444
20910 0.519444
20911 0.519444
20912 0.519444
20913 0.519444
20914 0.519444
20915 0.519444
20916 0.519444
20917 0.519444
20918 0.519444
20919 0.519444
20920 0.519444
20921 0.519444
20922 0.519444
20923 0.519444
20924 0.519444
20925 0.519444
20926 0.519444
20927 0.519444
20928 0.519444
20929 0.519444
20930 0.519444
20931 0.519444
20932 0.519444
20933 0.519444
20934 0.519444
20935 0.519444
20936 0.519444
20937 0.519444
20938 0.519444
20939 0.519444
20940 0.519444
20941 0.519444
20942 0.519444
20943 0.519444
20944 0.519444
20945 0.519444
20946 0.519444
20947 0.519444
20948 0.519444
20949 0.519444
20950 0.519444
20951 5.85258
20952 5.85258
20953 5.85258
20954 5.85258
20955 5.85258
20956 5.85258
20957 5.85258
20958 5.85258
20959 5.85258
20960 5.85258
20961 5.85258
20962 5.85258
20963 5.85258
20964 5.85258
20965 5.85258
20966 5.85258
20967 5.85258
20968 5.85258
20969 5.85258
20970 5.85258
20971 5.85258
20972 5.85258
20973 5.85258
20974 5.85258
20975 5.85258
20976 5.85258
20977 5.85258
20978 5.85258
20979 5.85258
20980 5.85258
20981 5.85258
20982 5.85258
20983 5.85258
20984 5.85258
20985 5.85258
20986 5.85258
20987 5.85258
20988 5.85258
20989 5.85258
20990 5.85258
20991 5.85258
20992 5.85258
20993 5.85258
20994 5.85258
20995 5.85258
20996 5.85258
20997 5.85258
20998 5.85258
20999 5.85258
21000 5.85258
21001 4.34123
21002 4.34123
21003 4.34123
21004 4.34123
21005 4.34123
21006 4.34123
21007 4.34123
21008 4.34123
21009 4.34123
21010 4.34123
21011 4.34123
21012 4.34123
21013 4.34123
21014 4.34123
21015 4.34123
21016 4.34123
21017 4.34123
21018 4.34123
21019 4.34123
21020 4.34123
21021 4.34123
21022 4.34123
21023 4.34123
21024 4.34123
21025 4.34123
21026 4.34123
21027 4.34123
21028 4.34123
21029 4.34123
21030 4.34123
21031 4.34123
21032 4.34123
21033 4.34123
21034 4.34123
21035 4.34123
21036 4.34123
21037 4.34123
21038 4.34123
21039 4.34123
21040 4.34123
21041 4.34123
21042 4.34123
21043 4.34123
21044 4.34123
21045 4.34123
21046 4.34123
21047 4.34123
21048 4.34123
21049 4.34123
21050 4.34123
21051 0.797805
21052 0.797805
21053 0.797805
21054 0.797805
21055 0.797805
21056 0.797805
21057 0.797805
21058 0.797805
21059 0.797805
21060 0.797805
21061 0.797805
21062 0.797805
21063 0.797805
21064 0.797805
21065 0.797805
21066 0.797805
21067 0.797805
21068 0.797805
21069 0.797805
21070 0.797805
21071 0.797805
21072 0.797805
21073 0.797805
21074 0.797805
21075 0.797805
21076 0.797805
21077 0.797805
21078 0.797805
21079 0.797805
21080 0.797805
21081 0.797805
21082 0.797805
21083 0.797805
21084 0.797805
21085 0.797805
21086 0.797805
21087 0.797805
21088 0.797805
21089 0.797805
21090 0.797805
21091 0.797805
21092 0.797805
21093 0.797805
21094 0.797805
21095 0.797805
21096 0.797805
21097 0.797805
21098 0.797805
21099 0.797805
21100 0.797805
21101 4.91415
21102 4.91415
21103 4.91415
21104 4.91415
21105 4.91415
21106 4.91415
21107 4.91415
21108 4.91415
21109 4.91415
21110 4.91415
21111 4.91415
21112 4.91415
21113 4.91415
21114 4.91415
21115 4.91415
21116 4.91415
21117 4.91415
21118 4.91415
21119 4.91415
21120 4.91415
21121 4.91415
21122 4.91415
21123 4.91415
21124 4.91415
21125 4.91415
21126 4.91415
21127 4.91415
21128 4.91415
21129 4.91415
21130 4.91415
21131 4.91415
21132 4.91415
21133 4.91415
21134 4.91415
21135 4.91415
21136 4.91415
21137 4.91415
21138 4.91415
21139 4.91415
21140 4.91415
21141 4.91415
21142 4.91415
21143 4.91415
21144 4.91415
21145 4.91415
21146 4.91415
21147 4.91415
21148 4.91415
21149 4.91415
21150 4.91415
21151 4.70013
21152 4.70013
21153 4.70013
21154 4.70013
21155 4.70013
21156 4.70013
21157 4.70013
21158 4.70013
21159 4.70013
21160 4.70013
21161 4.70013
21162 4.70013
21163 4.70013
21164 4.70013
21165 4.70013
21166 4.70013
21167 4.70013
21168 4.70013
21169 4.70013
21170 4.70013
21171 4.70013
21172 4.70013
21173 4.70013
21174 4.70013
21175 4.70013
21176 4.70013
21177 4.70013
21178 4.70013
21179 4.70013
21180 4.70013
21181 4.70013
21182 4.70013
21183 4.70013
21184 4.70013
21185 4.70013
21186 4.70013
21187 4.70013
21188 4.70013
21189 4.70013
21190 4.70013
21191 4.70013
21192 4.70013
21193 4.70013
21194 4.70013
21195 4.70013
21196 4.70013
21197 4.70013
21198 4.70013
21199 4.70013
21200 4.70013
21201 3.70513
21202 3.70513
21203 3.70513
21204 3.70513
21205 3.70513
21206 3.70513
21207 3.70513
21208 3.70513
21209 3.70513
21210 3.70513
21211 3.70513
21212 3.70513
21213 3.70513
21214 3.70513
21215 3.70513
21216 3.70513
21217 3.70513
21218 3.70513
21219 3.70513
21220 3.70513
21221 3.70513
21222 3.70513
21223 3.70513
21224 3.70513
21225 3.70513
21226 3.70513
21227 3.70513
21228 3.70513
21229 3.70513
21230 3.70513
21231 3.70513
21232 3.70513
21233 3.70513
21234 3.70513
21235 3.70513
21236 3.70513
21237 3.70513
21238 3.70513
21239 3.70513
21240 3.70513
21241 3.70513
21242 3.70513
21243 3.70513
21244 3.70513
21245 3.70513
21246 3.70513
21247 3.70513
21248 3.70513
21249 3.70513
21250 3.70513
21251 1.74463
21252 1.74463
21253 1.74463
21254 1.74463
21255 1.74463
21256 1.74463
21257 1.74463
21258 1.74463
21259 1.74463
21260 1.74463
21261 1.74463
21262 1.74463
21263 1.74463
21264 1.74463
21265 1.74463
21266 1.74463
21267 1.74463
21268 1.74463
21269 1.74463
21270 1.74463
21271 1.74463
21272 1.74463
21273 1.74463
21274 1.74463
21275 1.74463
21276 1.74463
21277 1.74463
21278 1.74463
21279 1.74463
21280 1.74463
21281 1.74463
21282 1.74463
21283 1.74463
21284 1.74463
21285 1.74463
21286 1.74463
21287 1.74463
21288 1.74463
21289 1.74463
21290 1.74463
21291 1.74463
21292 1.74463
21293 1.74463
21294 1.74463
21295 1.74463
21296 1.74463
21297 1.74463
21298 1.74463
21299 1.74463
21300 1.74463
21301 4.07397
21302 4.07397
21303 4.07397
21304 4.07397
21305 4.07397
21306 4.07397
21307 4.07397
21308 4.07397
21309 4.07397
21310 4.07397
21311 4.07397
21312 4.07397
21313 4.07397
21314 4.07397
21315 4.07397
21316 4.07397
21317 4.07397
21318 4.07397
21319 4.07397
21320 4.07397
21321 4.07397
21322 4.07397
21323 4.07397
21324 4.07397
21325 4.07397
21326 4.07397
21327 4.07397
21328 4.07397
21329 4.07397
21330 4.07397
21331 4.07397
21332 4.07397
21333 4.07397
21334 4.07397
21335 4.07397
21336 4.07397
21337 4.07397
21338 4.07397
21339 4.07397
21340 4.07397
21341 4.07397
21342 4.07397
21343 4.07397
21344 4.07397
21345 4.07397
21346 4.07397
21347 4.07397
21348 4.07397
21349 4.07397
21350 4.07397
21351 5.07147
21352 5.07147
21353 5.07147
21354 5.07147
21355 5.07147
21356 5.07147
21357 5.07147
21358 5.07147
21359 5.07147
21360 5.07147
21361 5.07147
21362 5.07147
21363 5.07147
21364 5.07147
21365 5.07147
21366 5.07147
21367 5.07147
21368 5.07147
21369 5.07147
21370 5.07147
21371 5.07147
21372 5.07147
21373 5.07147
21374 5.07147
21375 5.07147
21376 5.07147
21377 5.07147
21378 5.07147
21379 5.07147
21380 5.07147
21381 5.07147
21382 5.07147
21383 5.07147
21384 5.07147
21385 5.07147
21386 5.07147
21387 5.07147
21388 5.07147
21389 5.07147
21390 5.07147
21391 5.07147
21392 5.07147
21393 5.07147
21394 5.07147
21395 5.07147
21396 5.07147
21397 5.07147
21398 5.07147
21399 5.07147
21400 5.07147
21401 1.53296
21402 1.53296
21403 1.53296
21404 1.53296
21405 1.53296
21406 1.53296
21407 1.53296
21408 1.53296
21409 1.53296
21410 1.53296
21411 1.53296
21412 1.53296
21413 1.53296
21414 1.53296
21415 1.53296
21416 1.53296
21417 1.53296
21418 1.53296
21419 1.53296
21420 1.53296
21421 1.53296
21422 1.53296
21423 1.53296
21424 1.53296
21425 1.53296
21426 1.53296
21427 1.53296
21428 1.53296
21429 1.53296
21430 1.53296
21431 1.53296
21432 1.53296
21433 1.53296
21434 1.53296
21435 1.53296
21436 1.53296
21437 1.53296
21438 1.53296
21439 1.53296
21440 1.53296
21441 1.53296
21442 1.53296
21443 1.53296
21444 1.53296
21445 1.53296
21446 1.53296
21447 1.53296
21448 1.53296
21449 1.53296
21450 1.53296
21451 2.88388
21452 2.88388
21453 2.88388
21454 2.88388
21455 2.88388
21456 2.88388
21457 2.88388
21458 2.88388
21459 2.88388
21460 2.88388
21461 2.88388
21462 2.88388
21463 2.88388
21464 2.88388
21465 2.88388
21466 2.88388
21467 2.88388
21468 2.88388
21469 2.88388
21470 2.88388
21471 2.88388
21472 2.88388
21473 2.88388
21474 2.88388
21475 2.88388
21476 2.88388
21477 2.88388
21478 2.88388
21479 2.88388
21480 2.88388
21481 2.88388
21482 2.88388
21483 2.88388
21484 2.88388
21485 2.88388
21486 2.88388
21487 2.88388
21488 2.88388
21489 2.88388
21490 2.88388
21491 2.88388
21492 2.88388
21493 2.88388
21494 2.88388
21495 2.88388
21496 2.88388
21497 2.88388
21498 2.88388
21499 2.88388
21500 2.88388
21501 1.28356
21502 1.28356
21503 1.28356
21504 1.28356
21505 1.28356
21506 1.28356
21507 1.28356
21508 1.28356
21509 1.28356
21510 1.28356
21511 1.28356
21512 1.28356
21513 1.28356
21514 1.28356
21515 1.28356
21516 1.28356
21517 1.28356
21518 1.28356
21519 1.28356
21520 1.28356
21521 1.28356
21522 1.28356
21523 1.28356
21524 1.28356
21525 1.28356
21526 1.28356
21527 1.28356
21528 1.28356
21529 1.28356
21530 1.28356
21531 1.28356
21532 1.28356
21533 1.28356
21534 1.28356
21535 1.28356
21536 1.28356
21537 1.28356
21538 1.28356
21539 1.28356
21540 1.28356
21541 1.28356
21542 1.28356
21543 1.28356
21544 1.28356
21545 1.28356
21546 1.28356
21547 1.28356
21548 1.28356
21549 1.28356
21550 1.28356
21551 5.06845
21552 5.06845
21553 5.06845
21554 5.06845
21555 5.06845
21556 5.06845
21557 5.06845
21558 5.06845
21559 5.06845
21560 5.06845
21561 5.06845
21562 5.06845
21563 5.06845
21564 5.06845
21565 5.06845
21566 5.06845
21567 5.06845
21568 5.06845
21569 5.06845
21570 5.06845
21571 5.06845
21572 5.06845
21573 5.06845
21574 5.06845
21575 5.06845
21576 5.06845
21577 5.06845
21578 5.06845
21579 5.06845
21580 5.06845
21581 5.06845
21582 5.06845
21583 5.06845
21584 5.06845
21585 5.06845
21586 5.06845
21587 5.06845
21588 5.06845
21589 5.06845
21590 5.06845
21591 5.06845
21592 5.06845
21593 5.06845
21594 5.06845
21595 5.06845
21596 5.06845
21597 5.06845
21598 5.06845
21599 5.06845
21600 5.06845
21601 0.916902
21602 0.916902
21603 0.916902
21604 0.916902
21605 0.916902
21606 0.916902
21607 0.916902
21608 0.916902
21609 0.916902
21610 0.916902
21611 0.916902
21612 0.916902
21613 0.916902
21614 0.916902
21615 0.916902
21616 0.916902
21617 0.916902
21618 0.916902
21619 0.916902
21620 0.916902
21621 0.916902
21622 0.916902
21623 0.916902
21624 0.916902
21625 0.916902
21626 0.916902
21627 0.916902
21628 0.916902
21629 0.916902
21630 0.916902
21631 0.916902
21632 0.916902
21633 0.916902
21634 0.916902
21635 0.916902
21636 0.916902
21637 0.916902
21638 0.916902
21639 0.916902
21640 0.916902
21641 0.916902
21642 0.916902
21643 0.916902
21644 0.916902
21645 0.916902
21646 0.916902
21647 0.916902
21648 0.916902
21649 0.916902
21650 0.916902
21651 1.68153
21652 1.68153
21653 1.68153
21654 1.68153
21655 1.68153
21656 1.68153
21657 1.68153
21658 1.68153
21659 1.68153
21660 1.68153
21661 1.68153
21662 1.68153
21663 1.68153
21664 1.68153
21665 1.68153
21666 1.68153
21667 1.68153
21668 1.68153
21669 1.68153
21670 1.68153
21671 1.68153
21672 1.68153
21673 1.68153
21674 1.68153
21675 1.68153
21676 1.68153
21677 1.68153
21678 1.68153
21679 1.68153
21680 1.68153
21681 1.68153
21682 1.68153
21683 1.68153
21684 1.68153
21685 1.68153
21686 1.68153
21687 1.68153
21688 1.68153
21689 1.68153
21690 1.68153
21691 1.68153
21692 1.68153
21693 1.68153
21694 1.68153
21695 1.68153
21696 1.68153
21697 1.68153
21698 1.68153
21699 1.68153
21700 1.68153
21701 5.64144
21702 5.64144
21703 5.64144
21704 5.64144
21705 5.64144
21706 5.64144
21707 5.64144
21708 5.64144
21709 5.64144
21710 5.64144
21711 5.64144
21712 5.64144
21713 5.64144
21714 5.64144
21715 5.64144
21716 5.64144
21717 5.64144
21718 5.64144
21719 5.64144
21720 5.64144
21721 5.64144
21722 5.64144
21723 5.64144
21724 5.64144
21725 5.64144
21726 5.64144
21727 5.64144
21728 5.64144
21729 5.64144
21730 5.64144
21731 5.64144
21732 5.64144
21733 5.64144
21734 5.64144
21735 5.64144
21736 5.64144
21737 5.64144
21738 5.64144
21739 5.64144
21740 5.64144
21741 5.64144
21742 5.64144
21743 5.64144
21744 5.64144
21745 5.64144
21746 5.64144
21747 5.64144
21748 5.64144
21749 5.64144
21750 5.64144
21751 3.23785
21752 3.23785
21753 3.23785
21754 3.23785
21755 3.23785
21756 3.23785
21757 3.23785
21758 3.23785
21759 3.23785
21760 3.23785
21761 3.23785
21762 3.23785
21763 3.23785
21764 3.23785
21765 3.23785
21766 3.23785
21767 3.23785
21768 3.23785
21769 3.23785
21770 3.23785
21771 3.23785
21772 3.23785
21773 3.23785
21774 3.23785
21775 3.23785
21776 3.23785
21777 3.23785
21778 3.23785
21779 3.23785
21780 3.23785
21781 3.23785
21782 3.23785
21783 3.23785
21784 3.23785
21785 3.23785
21786 3.23785
21787 3.23785
21788 3.23785
21789 3.23785
21790 3.23785
21791 3.23785
21792 3.23785
21793 3.23785
21794 3.23785
21795 3.23785
21796 3.23785
21797 3.23785
21798 3.23785
21799 3.23785
21800 3.23785
21801 1.11123
21802 1.11123
21803 1.11123
21804 1.11123
21805 1.11123
21806 1.11123
21807 1.11123
21808 1.11123
21809 1.11123
21810 1.11123
21811 1.11123
21812 1.11123
21813 1.11123
21814 1.11123
21815 1.11123
21816 1.11123
21817 1.11123
21818 1.11123
21819 1.11123
21820 1.11123
21821 1.11123
21822 1.11123
21823 1.11123
21824 1.11123
21825 1.11123
21826 1.11123
21827 1.11123
21828 1.11123
21829 1.11123
21830 1.11123
21831 1.11123
21832 1.11123
21833 1.11123
21834 1.11123
21835 1.11123
21836 1.11123
21837 1.11123
21838 1.11123
21839 1.11123
21840 1.11123
21841 1.11123
21842 1.11123
21843 1.11123
21844 1.11123
21845 1.11123
21846 1.11123
21847 1.11123
21848 1.11123
21849 1.11123
21850 1.11123
21851 5.14506
21852 5.14506
21853 5.14506
21854 5.14506
21855 5.14506
21856 5.14506
21857 5.14506
21858 5.14506
21859 5.14506
21860 5.14506
21861 5.14506
21862 5.14506
21863 5.14506
21864 5.14506
21865 5.14506
21866 5.14506
21867 5.14506
21868 5.14506
21869 5.14506
21870 5.14506
21871 5.14506
21872 5.14506
21873 5.14506
21874 5.14506
21875 5.14506
21876 5.14506
21877 5.14506
21878 5.14506
21879 5.14506
21880 5.14506
21881 5.14506
21882 5.14506
21883 5.14506
21884 5.14506
21885 5.14506
21886 5.14506
21887 5.14506
21888 5.14506
21889 5.14506
21890 5.14506
21891 5.14506
21892 5.14506
21893 5.14506
21894 5.14506
21895 5.14506
21896 5.14506
21897 5.14506
21898 5.14506
21899 5.14506
21900 5.14506
21901 2.58063
21902 2.58063
21903 2.58063
21904 2.58063
21905 2.58063
21906 2.58063
21907 2.58063
21908 2.58063
21909 2.58063
21910 2.58063
21911 2.58063
21912 2.58063
21913 2.58063
21914 2.58063
21915 2.58063
21916 2.58063
21917 2.58063
21918 2.58063
21919 2.58063
21920 2.58063
21921 2.58063
21922 2.58063
21923 2.58063
21924 2.58063
21925 2.58063
21926 2.58063
21927 2.58063
21928 2.58063
21929 2.58063
21930 2.58063
21931 2.58063
21932 2.58063
21933 2.58063
21934 2.58063
21935 2.58063
21936 2.58063
21937 2.58063
21938 2.58063
21939 2.58063
21940 2.58063
21941 2.58063
21942 2.58063
21943 2.58063
21944 2.58063
21945 2.58063
21946 2.58063
21947 2.58063
21948 2.58063
21949 2.58063
21950 2.58063
21951 5.76595
21952 5.76595
21953 5.76595
21954 5.76595
21955 5.76595
21956 5.76595
21957 5.76595
21958 5.76595
21959 5.76595
21960 5.76595
21961 5.76595
21962 5.76595
21963 5.76595
21964 5.76595
21965 5.76595
21966 5.76595
21967 5.76595
21968 5.76595
21969 5.76595
21970 5.76595
21971 5.76595
21972 5.76595
21973 5.76595
21974 5.76595
21975 5.76595
21976 5.76595
21977 5.76595
21978 5.76595
21979 5.76595
21980 5.76595
21981 5.76595
21982 5.76595
21983 5.76595
21984 5.76595
21985 5.76595
21986 5.76595
21987 5.76595
21988 5.76595
21989 5.76595
21990 5.76595
21991 5.76595
21992 5.76595
21993 5.76595
21994 5.76595
21995 5.76595
21996 5.76595
21997 5.76595
21998 5.76595
21999 5.76595
22000 5.76595
22001 0.756783
22002 0.756783
22003 0.756783
22004 0.756783
22005 0.756783
22006 0.756783
22007 0.756783
22008 0.756783
22009 0.756783
22010 0.756783
22011 0.756783
22012 0.756783
22013 0.756783
22014 0.756783
22015 0.756783
22016 0.756783
22017 0.756783
22018 0.756783
22019 0.756783
22020 0.756783
22021 0.756783
22022 0.756783
22023 0.756783
22024 0.756783
22025 0.756783
22026 0.756783
22027 0.756783
22028 0.756783
22029 0.756783
22030 0.756783
22031 0.756783
22032 0.756783
22033 0.756783
22034 0.756783
22035 0.756783
22036 0.756783
22037 0.756783
22038 0.756783
22039 0.756783
22040 0.756783
22041 0.756783
22042 0.756783
22043 0.756783
22044 0.756783
22045 0.756783
22046 0.756783
22047 0.756783
22048 0.756783
22049 0.756783
22050 0.756783
22051 3.8973
22052 3.8973
22053 3.8973
22054 3.8973
22055 3.8973
22056 3.8973
22057 3.8973
22058 3.8973
22059 3.8973
22060 3.8973
22061 3.8973
22062 3.8973
22063 3.8973
22064 3.8973
22065 3.8973
22066 3.8973
22067 3.8973
22068 3.8973
22069 3.8973
22070 3.8973
22071 3.8973
22072 3.8973
22073 3.8973
22074 3.8973
22075 3.8973
22076 3.8973
22077 3.8973
22078 3.8973
22079 3.8973
22080 3.8973
22081 3.8973
22082 3.8973
22083 3.8973
22084 3.8973
22085 3.8973
22086 3.8973
22087 3.8973
22088 3.8973
22089 3.8973
22090 3.8973
22091 3.8973
22092 3.8973
22093 3.8973
22094 3.8973
22095 3.8973
22096 3.8973
22097 3.8973
22098 3.8973
22099 3.8973
22100 3.8973
22101 2.86831
22102 2.86831
22103 2.86831
22104 2.86831
22105 2.86831
22106 2.86831
22107 2.86831
22108 2.86831
22109 2.86831
22110 2.86831
22111 2.86831
22112 2.86831
22113 2.86831
22114 2.86831
22115 2.86831
22116 2.86831
22117 2.86831
22118 2.86831
22119 2.86831
22120 2.86831
22121 2.86831
22122 2.86831
22123 2.86831
22124 2.86831
22125 2.86831
22126 2.86831
22127 2.86831
22128 2.86831
22129 2.86831
22130 2.86831
22131 2.86831
22132 2.86831
22133 2.86831
22134 2.86831
22135 2.86831
22136 2.86831
22137 2.86831
22138 2.86831
22139 2.86831
22140 2.86831
22141 2.86831
22142 2.86831
22143 2.86831
22144 2.86831
22145 2.86831
22146 2.86831
22147 2.86831
22148 2.86831
22149 2.86831
22150 2.86831
22151 2.5305
22152 2.5305
22153 2.5305
22154 2.5305
22155 2.5305
22156 2.5305
22157 2.5305
22158 2.5305
22159 2.5305
22160 2.5305
22161 2.5305
22162 2.5305
22163 2.5305
22164 2.5305
22165 2.5305
22166 2.5305
22167 2.5305
22168 2.5305
22169 2.5305
22170 2.5305
22171 2.5305
22172 2.5305
22173 2.5305
22174 2.5305
22175 2.5305
22176 2.5305
22177 2.5305
22178 2.5305
22179 2.5305
22180 2.5305
22181 2.5305
22182 2.5305
22183 2.5305
22184 2.5305
22185 2.5305
22186 2.5305
22187 2.5305
22188 2.5305
22189 2.5305
22190 2.5305
22191 2.5305
22192 2.5305
22193 2.5305
22194 2.5305
22195 2.5305
22196 2.5305
22197 2.5305
22198 2.5305
22199 2.5305
22200 2.5305
22201 6.11456
22202 6.11456
22203 6.11456
22204 6.11456
22205 6.11456
22206 6.11456
22207 6.11456
22208 6.11456
22209 6.11456
22210 6.11456
22211 6.11456
22212 6.11456
22213 6.11456
22214 6.11456
22215 6.11456
22216 6.11456
22217 6.11456
22218 6.11456
22219 6.11456
22220 6.11456
22221 6.11456
22222 6.11456
22223 6.11456
22224 6.11456
22225 6.11456
22226 6.11456
22227 6.11456
22228 6.11456
22229 6.11456
22230 6.11456
22231 6.11456
22232 6.11456
22233 6.11456
22234 6.11456
22235 6.11456
22236 6.11456
22237 6.11456
22238 6.11456
22239 6.11456
22240 6.11456
22241 6.11456
22242 6.11456
22243 6.11456
22244 6.11456
22245 6.11456
22246 6.11456
22247 6.11456
22248 6.11456
22249 6.11456
22250 6.11456
22251 4.86518
22252 4.86518
22253 4.86518
22254 4.86518
22255 4.86518
22256 4.86518
22257 4.86518
22258 4.86518
22259 4.86518
22260 4.86518
22261 4.86518
22262 4.86518
22263 4.86518
22264 4.86518
22265 4.86518
22266 4.86518
22267 4.86518
22268 4.86518
22269 4.86518
22270 4.86518
22271 4.86518
22272 4.86518
22273 4.86518
22274 4.86518
22275 4.86518
22276 4.86518
22277 4.86518
22278 4.86518
22279 4.86518
22280 4.86518
22281 4.86518
22282 4.86518
22283 4.86518
22284 4.86518
22285 4.86518
22286 4.86518
22287 4.86518
22288 4.86518
22289 4.86518
22290 4.86518
22291 4.86518
22292 4.86518
22293 4.86518
22294 4.86518
22295 4.86518
22296 4.86518
22297 4.86518
22298 4.86518
22299 4.86518
22300 4.86518
22301 1.04232
22302 1.04232
22303 1.04232
22304 1.04232
22305 1.04232
22306 1.04232
22307 1.04232
22308 1.04232
22309 1.04232
22310 1.04232
22311 1.04232
22312 1.04232
22313 1.04232
22314 1.04232
22315 1.04232
22316 1.04232
22317 1.04232
22318 1.04232
22319 1.04232
22320 1.04232
22321 1.04232
22322 1.04232
22323 1.04232
22324 1.04232
22325 1.04232
22326 1.04232
22327 1.04232
22328 1.04232
22329 1.04232
22330 1.04232
22331 1.04232
22332 1.04232
22333 1.04232
22334 1.04232
22335 1.04232
22336 1.04232
22337 1.04232
22338 1.04232
22339 1.04232
22340 1.04232
22341 1.04232
22342 1.04232
22343 1.04232
22344 1.04232
22345 1.04232
22346 1.04232
22347 1.04232
22348 1.04232
22349 1.04232
22350 1.04232
22351 3.34497
22352 3.34497
22353 3.34497
22354 3.34497
22355 3.34497
22356 3.34497
22357 3.34497
22358 3.34497
22359 3.34497
22360 3.34497
22361 3.34497
22362 3.34497
22363 3.34497
22364 3.34497
22365 3.34497
22366 3.34497
22367 3.34497
22368 3.34497
22369 3.34497
22370 3.34497
22371 3.34497
22372 3.34497
22373 3.34497
22374 3.34497
22375 3.34497
22376 3.34497
22377 3.34497
22378 3.34497
22379 3.34497
22380 3.34497
22381 3.34497
22382 3.34497
22383 3.34497
22384 3.34497
22385 3.34497
22386 3.34497
22387 3.34497
22388 3.34497
22389 3.34497
22390 3.34497
22391 3.34497
22392 3.34497
22393 3.34497
22394 3.34497
22395 3.34497
22396 3.34497
22397 3.34497
22398 3.34497
22399 3.34497
22400 3.34497
22401 3.38701
22402 3.38701
22403 3.38701
22404 3.38701
22405 3.38701
22406 3.38701
22407 3.38701
22408 3.38701
22409 3.38701
22410 3.38701
22411 3.38701
22412 3.38701
22413 3.38701
22414 3.38701
22415 3.38701
22416 3.38701
22417 3.38701
22418 3.38701
22419 3.38701
22420 3.38701
22421 3.38701
22422 3.38701
22423 3.38701
22424 3.38701
22425 3.38701
22426 3.38701
22427 3.38701
22428 3.38701
22429 3.38701
22430 3.38701
22431 3.38701
22432 3.38701
22433 3.38701
22434 3.38701
22435 3.38701
22436 3.38701
22437 3.38701
22438 3.38701
22439 3.38701
22440 3.38701
22441 3.38701
22442 3.38701
22443 3.38701
22444 3.38701
22445 3.38701
22446 3.38701
22447 3.38701
22448 3.38701
22449 3.38701
22450 3.38701
22451 3.06042
22452 3.06042
22453 3.06042
22454 3.06042
22455 3.06042
22456 3.06042
22457 3.06042
22458 3.06042
22459 3.06042
22460 3.06042
22461 3.06042
22462 3.06042
22463 3.06042
22464 3.06042
22465 3.06042
22466 3.06042
22467 3.06042
22468 3.06042
22469 3.06042
22470 3.06042
22471 3.06042
22472 3.06042
22473 3.06042
22474 3.06042
22475 3.06042
22476 3.06042
22477 3.06042
22478 3.06042
22479 3.06042
22480 3.06042
22481 3.06042
22482 3.06042
22483 3.06042
22484 3.06042
22485 3.06042
22486 3.06042
22487 3.06042
22488 3.06042
22489 3.06042
22490 3.06042
22491 3.06042
22492 3.06042
22493 3.06042
22494 3.06042
22495 3.06042
22496 3.06042
22497 3.06042
22498 3.06042
22499 3.06042
22500 3.06042
22501 1.97365
22502 1.97365
22503 1.97365
22504 1.97365
22505 1.97365
22506 1.97365
22507 1.97365
22508 1.97365
22509 1.97365
22510 1.97365
22511 1.97365
22512 1.97365
22513 1.97365
22514 1.97365
22515 1.97365
22516 1.97365
22517 1.97365
22518 1.97365
22519 1.97365
22520 1.97365
22521 1.97365
22522 1.97365
22523 1.97365
22524 1.97365
22525 1.97365
22526 1.97365
22527 1.97365
22528 1.97365
22529 1.97365
22530 1.97365
22531 1.97365
22532 1.97365
22533 1.97365
22534 1.97365
22535 1.97365
22536 1.97365
22537 1.97365
22538 1.97365
22539 1.97365
22540 1.97365
22541 1.97365
22542 1.97365
22543 1.97365
22544 1.97365
22545 1.97365
22546 1.97365
22547 1.97365
22548 1.97365
22549 1.97365
22550 1.97365
22551 3.01634
22552 3.01634
22553 3.01634
22554 3.01634
22555 3.01634
22556 3.01634
22557 3.01634
22558 3.01634
22559 3.01634
22560 3.01634
22561 3.01634
22562 3.01634
22563 3.01634
22564 3.01634
22565 3.01634
22566 3.01634
22567 3.01634
22568 3.01634
22569 3.01634
22570 3.01634
22571 3.01634
22572 3.01634
22573 3.01634
22574 3.01634
22575 3.01634
22576 3.01634
22577 3.01634
22578 3.01634
22579 3.01634
22580 3.01634
22581 3.01634
22582 3.01634
22583 3.01634
22584 3.01634
22585 3.01634
22586 3.01634
22587 3.01634
22588 3.01634
22589 3.01634
22590 3.01634
22591 3.01634
22592 3.01634
22593 3.01634
22594 3.01634
22595 3.01634
22596 3.01634
22597 3.01634
22598 3.01634
22599 3.01634
22600 3.01634
22601 2.36278
22602 2.36278
22603 2.36278
22604 2.36278
22605 2.36278
22606 2.36278
22607 2.36278
22608 2.36278
22609 2.36278
22610 2.36278
22611 2.36278
22612 2.36278
22613 2.36278
22614 2.36278
22615 2.36278
22616 2.36278
22617 2.36278
22618 2.36278
22619 2.36278
22620 2.36278
22621 2.36278
22622 2.36278
22623 2.36278
22624 2.36278
22625 2.36278
22626 2.36278
22627 2.36278
22628 2.36278
22629 2.36278
22630 2.36278
22631 2.36278
22632 2.36278
22633 2.36278
22634 2.36278
22635 2.36278
22636 2.36278
22637 2.36278
22638 2.36278
22639 2.36278
22640 2.36278
22641 2.36278
22642 2.36278
22643 2.36278
22644 2.36278
22645 2.36278
22646 2.36278
22647 2.36278
22648 2.36278
22649 2.36278
22650 2.36278
22651 2.24429
22652 2.24429
22653 2.24429
22654 2.24429
22655 2.24429
22656 2.24429
22657 2.24429
22658 2.24429
22659 2.24429
22660 2.24429
22661 2.24429
22662 2.24429
22663 2.24429
22664 2.24429
22665 2.24429
22666 2.24429
22667 2.24429
22668 2.24429
22669 2.24429
22670 2.24429
22671 2.24429
22672 2.24429
22673 2.24429
22674 2.24429
22675 2.24429
22676 2.24429
22677 2.24429
22678 2.24429
22679 2.24429
22680 2.24429
22681 2.24429
22682 2.24429
22683 2.24429
22684 2.24429
22685 2.24429
22686 2.24429
22687 2.24429
22688 2.24429
22689 2.24429
22690 2.24429
22691 2.24429
22692 2.24429
22693 2.24429
22694 2.24429
22695 2.24429
22696 2.24429
22697 2.24429
22698 2.24429
22699 2.24429
22700 2.24429
22701 3.51506
22702 3.51506
22703 3.51506
22704 3.51506
22705 3.51506
22706 3.51506
22707 3.51506
22708 3.51506
22709 3.51506
22710 3.51506
22711 3.51506
22712 3.51506
22713 3.51506
22714 3.51506
22715 3.51506
22716 3.51506
22717 3.51506
22718 3.51506
22719 3.51506
22720 3.51506
22721 3.51506
22722 3.51506
22723 3.51506
22724 3.51506
22725 3.51506
22726 3.51506
22727 3.51506
22728 3.51506
22729 3.51506
22730 3.51506
22731 3.51506
22732 3.51506
22733 3.51506
22734 3.51506
22735 3.51506
22736 3.51506
22737 3.51506
22738 3.51506
22739 3.51506
22740 3.51506
22741 3.51506
22742 3.51506
22743 3.51506
22744 3.51506
22745 3.51506
22746 3.51506
22747 3.51506
22748 3.51506
22749 3.51506
22750 3.51506
22751 6.00106
22752 6.00106
22753 6.00106
22754 6.00106
22755 6.00106
22756 6.00106
22757 6.00106
22758 6.00106
22759 6.00106
22760 6.00106
22761 6.00106
22762 6.00106
22763 6.00106
22764 6.00106
22765 6.00106
22766 6.00106
22767 6.00106
22768 6.00106
22769 6.00106
22770 6.00106
22771 6.00106
22772 6.00106
22773 6.00106
22774 6.00106
22775 6.00106
22776 6.00106
22777 6.00106
22778 6.00106
22779 6.00106
22780 6.00106
22781 6.00106
22782 6.00106
22783 6.00106
22784 6.00106
22785 6.00106
22786 6.00106
22787 6.00106
22788 6.00106
22789 6.00106
22790 6.00106
22791 6.00106
22792 6.00106
22793 6.00106
22794 6.00106
22795 6.00106
22796 6.00106
22797 6.00106
22798 6.00106
22799 6.00106
22800 6.00106
22801 3.81309
22802 3.81309
22803 3.81309
22804 3.81309
22805 3.81309
22806 3.81309
22807 3.81309
22808 3.81309
22809 3.81309
22810 3.81309
22811 3.81309
22812 3.81309
22813 3.81309
22814 3.81309
22815 3.81309
22816 3.81309
22817 3.81309
22818 3.81309
22819 3.81309
22820 3.81309
22821 3.81309
22822 3.81309
22823 3.81309
22824 3.81309
22825 3.81309
22826 3.81309
22827 3.81309
22828 3.81309
22829 3.81309
22830 3.81309
22831 3.81309
22832 3.81309
22833 3.81309
22834 3.81309
22835 3.81309
22836 3.81309
22837 3.81309
22838 3.81309
22839 3.81309
22840 3.81309
22841 3.81309
22842 3.81309
22843 3.81309
22844 3.81309
22845 3.81309
22846 3.81309
22847 3.81309
22848 3.81309
22849 3.81309
22850 3.81309
22851 4.49469
22852 4.49469
22853 4.49469
22854 4.49469
22855 4.49469
22856 4.49469
22857 4.49469
22858 4.49469
22859 4.49469
22860 4.49469
22861 4.49469
22862 4.49469
22863 4.49469
22864 4.49469
22865 4.49469
22866 4.49469
22867 4.49469
22868 4.49469
22869 4.49469
22870 4.49469
22871 4.49469
22872 4.49469
22873 4.49469
22874 4.49469
22875 4.49469
22876 4.49469
22877 4.49469
22878 4.49469
22879 4.49469
22880 4.49469
22881 4.49469
22882 4.49469
22883 4.49469
22884 4.49469
22885 4.49469
22886 4.49469
22887 4.49469
22888 4.49469
22889 4.49469
22890 4.49469
22891 4.49469
22892 4.49469
22893 4.49469
22894 4.49469
22895 4.49469
22896 4.49469
22897 4.49469
22898 4.49469
22899 4.49469
22900 4.49469
22901 0.526392
22902 0.526392
22903 0.526392
22904 0.526392
22905 0.526392
22906 0.526392
22907 0.526392
22908 0.526392
22909 0.526392
22910 0.526392
22911 0.526392
22912 0.526392
22913 0.526392
22914 0.526392
22915 0.526392
22916 0.526392
22917 0.526392
22918 0.526392
22919 0.526392
22920 0.526392
22921 0.526392
22922 0.526392
22923 0.526392
22924 0.526392
22925 0.526392
22926 0.526392
22927 0.526392
22928 0.526392
22929 0.526392
22930 0.526392
22931 0.526392
22932 0.526392
22933 0.526392
22934 0.526392
22935 0.526392
22936 0.526392
22937 0.526392
22938 0.526392
22939 0.526392
22940 0.526392
22941 0.526392
22942 0.526392
22943 0.526392
22944 0.526392
22945 0.526392
22946 0.526392
22947 0.526392
22948 0.526392
22949 0.526392
22950 0.526392
22951 5.44367
22952 5.44367
22953 5.44367
22954 5.44367
22955 5.44367
22956 5.44367
22957 5.44367
22958 5.44367
22959 5.44367
22960 5.44367
22961 5.44367
22962 5.44367
22963 5.44367
22964 5.44367
22965 5.44367
22966 5.44367
22967 5.44367
22968 5.44367
22969 5.44367
22970 5.44367
22971 5.44367
22972 5.44367
22973 5.44367
22974 5.44367
22975 5.44367
22976 5.44367
22977 5.44367
22978 5.44367
22979 5.44367
22980 5.44367
22981 5.44367
22982 5.44367
22983 5.44367
22984 5.44367
22985 5.44367
22986 5.44367
22987 5.44367
22988 5.44367
22989 5.44367
22990 5.44367
22991 5.44367
22992 5.44367
22993 5.44367
22994 5.44367
22995 5.44367
22996 5.44367
22997 5.44367
22998 5.44367
22999 5.44367
23000 5.44367
23001 3.90722
23002 3.90722
23003 3.90722
23004 3.90722
23005 3.90722
23006 3.90722
23007 3.90722
23008 3.90722
23009 3.90722
23010 3.90722
23011 3.90722
23012 3.90722
23013 3.90722
23014 3.90722
23015 3.90722
23016 3.90722
23017 3.90722
23018 3.90722
23019 3.90722
23020 3.90722
23021 3.90722
23022 3.90722
23023 3.90722
23024 3.90722
23025 3.90722
23026 3.90722
23027 3.90722
23028 3.90722
23029 3.90722
23030 3.90722
23031 3.90722
23032 3.90722
23033 3.90722
23034 3.90722
23035 3.90722
23036 3.90722
23037 3.90722
23038 3.90722
23039 3.90722
23040 3.90722
23041 3.90722
23042 3.90722
23043 3.90722
23044 3.90722
23045 3.90722
23046 3.90722
23047 3.90722
23048 3.90722
23049 3.90722
23050 3.90722
23051 4.84979
23052 4.84979
23053 4.84979
23054 4.84979
23055 4.84979
23056 4.84979
23057 4.84979
23058 4.84979
23059 4.84979
23060 4.84979
23061 4.84979
23062 4.84979
23063 4.84979
23064 4.84979
23065 4.84979
23066 4.84979
23067 4.84979
23068 4.84979
23069 4.84979
23070 4.84979
23071 4.84979
23072 4.84979
23073 4.84979
23074 4.84979
23075 4.84979
23076 4.84979
23077 4.84979
23078 4.84979
23079 4.84979
23080 4.84979
23081 4.84979
23082 4.84979
23083 4.84979
23084 4.84979
23085 4.84979
23086 4.84979
23087 4.84979
23088 4.84979
23089 4.84979
23090 4.84979
23091 4.84979
23092 4.84979
23093 4.84979
23094 4.84979
23095 4.84979
23096 4.84979
23097 4.84979
23098 4.84979
23099 4.84979
23100 4.84979
23101 5.68818
23102 5.68818
23103 5.68818
23104 5.68818
23105 5.68818
23106 5.68818
23107 5.68818
23108 5.68818
23109 5.68818
23110 5.68818
23111 5.68818
23112 5.68818
23113 5.68818
23114 5.68818
23115 5.68818
23116 5.68818
23117 5.68818
23118 5.68818
23119 5.68818
23120 5.68818
23121 5.68818
23122 5.68818
23123 5.68818
23124 5.68818
23125 5.68818
23126 5.68818
23127 5.68818
23128 5.68818
23129 5.68818
23130 5.68818
23131 5.68818
23132 5.68818
23133 5.68818
23134 5.68818
23135 5.68818
23136 5.68818
23137 5.68818
23138 5.68818
23139 5.68818
23140 5.68818
23141 5.68818
23142 5.68818
23143 5.68818
23144 5.68818
23145 5.68818
23146 5.68818
23147 5.68818
23148 5.68818
23149 5.68818
23150 5.68818
23151 0.36425
23152 0.36425
23153 0.36425
23154 0.36425
23155 0.36425
23156 0.36425
23157 0.36425
23158 0.36425
23159 0.36425
23160 0.36425
23161 0.36425
23162 0.36425
23163 0.36425
23164 0.36425
23165 0.36425
23166 0.36425
23167 0.36425
23168 0.36425
23169 0.36425
23170 0.36425
23171 0.36425
23172 0.36425
23173 0.36425
23174 0.36425
23175 0.36425
23176 0.36425
23177 0.36425
23178 0.36425
23179 0.36425
23180 0.36425
23181 0.36425
23182 0.36425
23183 0.36425
23184 0.36425
23185 0.36425
23186 0.36425
23187 0.36425
23188 0.36425
23189 0.36425
23190 0.36425
23191 0.36425
23192 0.36425
23193 0.36425
23194 0.36425
23195 0.36425
23196 0.36425
23197 0.36425
23198 0.36425
23199 0.36425
23200 0.36425
23201 0.913622
23202 0.913622
23203 0.913622
23204 0.913622
23205 0.913622
23206 0.913622
23207 0.913622
23208 0.913622
23209 0.913622
23210 0.913622
23211 0.913622
23212 0.913622
23213 0.913622
23214 0.913622
23215 0.913622
23216 0.913622
23217 0.913622
23218 0.913622
23219 0.913622
23220 0.913622
23221 0.913622
23222 0.913622
23223 0.913622
23224 0.913622
23225 0.913622
23226 0.913622
23227 0.913622
23228 0.913622
23229 0.913622
23230 0.913622
23231 0.913622
23232 0.913622
23233 0.913622
23234 0.913622
23235 0.913622
23236 0.913622
23237 0.913622
23238 0.913622
23239 0.913622
23240 0.913622
23241 0.913622
23242 0.913622
23243 0.913622
23244 0.913622
23245 0.913622
23246 0.913622
23247 0.913622
23248 0.913622
23249 0.913622
23250 0.913622
23251 3.27409
23252 3.27409
23253 3.27409
23254 3.27409
23255 3.27409
23256 3.27409
23257 3.27409
23258 3.27409
23259 3.27409
23260 3.27409
23261 3.27409
23262 3.27409
23263 3.27409
23264 3.27409
23265 3.27409
23266 3.27409
23267 3.27409
23268 3.27409
23269 3.27409
23270 3.27409
23271 3.27409
23272 3.27409
23273 3.27409
23274 3.27409
23275 3.27409
23276 3.27409
23277 3.27409
23278 3.27409
23279 3.27409
23280 3.27409
23281 3.27409
23282 3.27409
23283 3.27409
23284 3.27409
23285 3.27409
23286 3.27409
23287 3.27409
23288 3.27409
23289 3.27409
23290 3.27409
23291 3.27409
23292 3.27409
23293 3.27409
23294 3.27409
23295 3.27409
23296 3.27409
23297 3.27409
23298 3.27409
23299 3.27409
23300 3.27409
23301 1.93796
23302 1.93796
23303 1.93796
23304 1.93796
23305 1.93796
23306 1.93796
23307 1.93796
23308 1.93796
23309 1.93796
23310 1.93796
23311 1.93796
23312 1.93796
23313 1.93796
23314 1.93796
23315 1.93796
23316 1.93796
23317 1.93796
23318 1.93796
23319 1.93796
23320 1.93796
23321 1.93796
23322 1.93796
23323 1.93796
23324 1.93796
23325 1.93796
23326 1.93796
23327 1.93796
23328 1.93796
23329 1.93796
23330 1.93796
23331 1.93796
23332 1.93796
23333 1.93796
23334 1.93796
23335 1.93796
23336 1.93796
23337 1.93796
23338 1.93796
23339 1.93796
23340 1.93796
23341 1.93796
23342 1.93796
23343 1.93796
23344 1.93796
23345 1.93796
23346 1.93796
23347 1.93796
23348 1.93796
23349 1.93796
23350 1.93796
23351 4.25753
23352 4.25753
23353 4.25753
23354 4.25753
23355 4.25753
23356 4.25753
23357 4.25753
23358 4.25753
23359 4.25753
23360 4.25753
23361 4.25753
23362 4.25753
23363 4.25753
23364 4.25753
23365 4.25753
23366 4.25753
23367 4.25753
23368 4.25753
23369 4.25753
23370 4.25753
23371 4.25753
23372 4.25753
23373 4.25753
23374 4.25753
23375 4.25753
23376 4.25753
23377 4.25753
23378 4.25753
23379 4.25753
23380 4.25753
23381 4.25753
23382 4.25753
23383 4.25753
23384 4.25753
23385 4.25753
23386 4.25753
23387 4.25753
23388 4.25753
23389 4.25753
23390 4.25753
23391 4.25753
23392 4.25753
23393 4.25753
23394 4.25753
23395 4.25753
23396 4.25753
23397 4.25753
23398 4.25753
23399 4.25753
23400 4.25753
23401 0.934606
23402 0.934606
23403 0.934606
23404 0.934606
23405 0.934606
23406 0.934606
23407 0.934606
23408 0.934606
23409 0.934606
23410 0.934606
23411 0.934606
23412 0.934606
23413 0.934606
23414 0.934606
23415 0.934606
23416 0.934606
23417 0.934606
23418 0.934606
23419 0.934606
23420 0.934606
23421 0.934606
23422 0.934606
23423 0.934606
23424 0.934606
23425 0.934606
23426 0.934606
23427 0.934606
23428 0.934606
23429 0.934606
23430 0.934606
23431 0.934606
23432 0.934606
23433 0.934606
23434 0.934606
23435 0.934606
23436 0.934606
23437 0.934606
23438 0.934606
23439 0.934606
23440 0.934606
23441 0.934606
23442 0.934606
23443 0.934606
23444 0.934606
23445 0.934606
23446 0.934606
23447 0.934606
23448 0.934606
23449 0.934606
23450 0.934606
23451 1.93948
23452 1.93948
23453 1.93948
23454 1.93948
23455 1.93948
23456 1.93948
23457 1.93948
23458 1.93948
23459 1.93948
23460 1.93948
23461 1.93948
23462 1.93948
23463 1.93948
23464 1.93948
23465 1.93948
23466 1.93948
23467 1.93948
23468 1.93948
23469 1.93948
23470 1.93948
23471 1.93948
23472 1.93948
23473 1.93948
23474 1.93948
23475 1.93948
23476 1.93948
23477 1.93948
23478 1.93948
23479 1.93948
23480 1.93948
23481 1.93948
23482 1.93948
23483 1.93948
23484 1.93948
23485 1.93948
23486 1.93948
23487 1.93948
23488 1.93948
23489 1.93948
23490 1.93948
23491 1.93948
23492 1.93948
23493 1.93948
23494 1.93948
23495 1.93948
23496 1.93948
23497 1.93948
23498 1.93948
23499 1.93948
23500 1.93948
23501 4.63637
23502 4.63637
23503 4.63637
23504 4.63637
23505 4.63637
23506 4.63637
23507 4.63637
23508 4.63637
23509 4.63637
23510 4.63637
23511 4.63637
23512 4.63637
23513 4.63637
23514 4.63637
23515 4.63637
23516 4.63637
23517 4.63637
23518 4.63637
23519 4.63637
23520 4.63637
23521 4.63637
23522 4.63637
23523 4.63637
23524 4.63637
23525 4.63637
23526 4.63637
23527 4.63637
23528 4.63637
23529 4.63637
23530 4.63637
23531 4.63637
23532 4.63637
23533 4.63637
23534 4.63637
23535 4.63637
23536 4.63637
23537 4.63637
23538 4.63637
23539 4.63637
23540 4.63637
23541 4.63637
23542 4.63637
23543 4.63637
23544 4.63637
23545 4.63637
23546 4.63637
23547 4.63637
23548 4.63637
23549 4.63637
23550 4.63637
23551 3.22067
23552 3.22067
23553 3.22067
23554 3.22067
23555 3.22067
23556 3.22067
23557 3.22067
23558 3.22067
23559 3.22067
23560 3.22067
23561 3.22067
23562 3.22067
23563 3.22067
23564 3.22067
23565 3.22067
23566 3.22067
23567 3.22067
23568 3.22067
23569 3.22067
23570 3.22067
23571 3.22067
23572 3.22067
23573 3.22067
23574 3.22067
23575 3.22067
23576 3.22067
23577 3.22067
23578 3.22067
23579 3.22067
23580 3.22067
23581 3.22067
23582 3.22067
23583 3.22067
23584 3.22067
23585 3.22067
23586 3.22067
23587 3.22067
23588 3.22067
23589 3.22067
23590 3.22067
23591 3.22067
23592 3.22067
23593 3.22067
23594 3.22067
23595 3.22067
23596 3.22067
23597 3.22067
23598 3.22067
23599 3.22067
23600 3.22067
23601 6.1086
23602 6.1086
23603 6.1086
23604 6.1086
23605 6.1086
23606 6.1086
23607 6.1086
23608 6.1086
23609 6.1086
23610 6.1086
23611 6.1086
23612 6.1086
23613 6.1086
23614 6.1086
23615 6.1086
23616 6.1086
23617 6.1086
23618 6.1086
23619 6.1086
23620 6.1086
23621 6.1086
23622 6.1086
23623 6.1086
23624 6.1086
23625 6.1086
23626 6.1086
23627 6.1086
23628 6.1086
23629 6.1086
23630 6.1086
23631 6.1086
23632 6.1086
23633 6.1086
23634 6.1086
23635 6.1086
23636 6.1086
23637 6.1086
23638 6.1086
23639 6.1086
23640 6.1086
23641 6.1086
23642 6.1086
23643 6.1086
23644 6.1086
23645 6.1086
23646 6.1086
23647 6.1086
23648 6.1086
23649 6.1086
23650 6.1086
23651 5.32753
23652 5.32753
23653 5.32753
23654 5.32753
23655 5.32753
23656 5.32753
23657 5.32753
23658 5.32753
23659 5.32753
23660 5.32753
23661 5.32753
23662 5.32753
23663 5.32753
23664 5.32753
23665 5.32753
23666 5.32753
23667 5.32753
23668 5.32753
23669 5.32753
23670 5.32753
23671 5.32753
23672 5.32753
23673 5.32753
23674 5.32753
23675 5.32753
23676 5.32753
23677 5.32753
23678 5.32753
23679 5.32753
23680 5.32753
23681 5.32753
23682 5.32753
23683 5.32753
23684 5.32753
23685 5.32753
23686 5.32753
23687 5.32753
23688 5.32753
23689 5.32753
23690 5.32753
23691 5.32753
23692 5.32753
23693 5.32753
23694 5.32753
23695 5.32753
23696 5.32753
23697 5.32753
23698 5.32753
23699 5.32753
23700 5.32753
23701 5.8745
23702 5.8745
23703 5.8745
23704 5.8745
23705 5.8745
23706 5.8745
23707 5.8745
23708 5.8745
23709 5.8745
23710 5.8745
23711 5.8745
23712 5.8745
23713 5.8745
23714 5.8745
23715 5.8745
23716 5.8745
23717 5.8745
23718 5.8745
23719 5.8745
23720 5.8745
23721 5.8745
23722 5.8745
23723 5.8745
23724 5.8745
23725 5.8745
23726 5.8745
23727 5.8745
23728 5.8745
23729 5.8745
23730 5.8745
23731 5.8745
23732 5.8745
23733 5.8745
23734 5.8745
23735 5.8745
23736 5.8745
23737 5.8745
23738 5.8745
23739 5.8745
23740 5.8745
23741 5.8745
23742 5.8745
23743 5.8745
23744 5.8745
23745 5.8745
23746 5.8745
23747 5.8745
23748 5.8745
23749 5.8745
23750 5.8745
23751 1.17454
23752 1.17454
23753 1.17454
23754 1.17454
23755 1.17454
23756 1.17454
23757 1.17454
23758 1.17454
23759 1.17454
23760 1.17454
23761 1.17454
23762 1.17454
23763 1.17454
23764 1.17454
23765 1.17454
23766 1.17454
23767 1.17454
23768 1.17454
23769 1.17454
23770 1.17454
23771 1.17454
23772 1.17454
23773 1.17454
23774 1.17454
23775 1.17454
23776 1.17454
23777 1.17454
23778 1.17454
23779 1.17454
23780 1.17454
23781 1.17454
23782 1.17454
23783 1.17454
23784 1.17454
23785 1.17454
23786 1.17454
23787 1.17454
23788 1.17454
23789 1.17454
23790 1.17454
23791 1.17454
23792 1.17454
23793 1.17454
23794 1.17454
23795 1.17454
23796 1.17454
23797 1.17454
23798 1.17454
23799 1.17454
23800 1.17454
23801 3.52101
23802 3.52101
23803 3.52101
23804 3.52101
23805 3.52101
23806 3.52101
23807 3.52101
23808 3.52101
23809 3.52101
23810 3.52101
23811 3.52101
23812 3.52101
23813 3.52101
23814 3.52101
23815 3.52101
23816 3.52101
23817 3.52101
23818 3.52101
23819 3.52101
23820 3.52101
23821 3.52101
23822 3.52101
23823 3.52101
23824 3.52101
23825 3.52101
23826 3.52101
23827 3.52101
23828 3.52101
23829 3.52101
23830 3.52101
23831 3.52101
23832 3.52101
23833 3.52101
23834 3.52101
23835 3.52101
23836 3.52101
23837 3.52101
23838 3.52101
23839 3.52101
23840 3.52101
23841 3.52101
23842 3.52101
23843 3.52101
23844 3.52101
23845 3.52101
23846 3.52101
23847 3.52101
23848 3.52101
23849 3.52101
23850 3.52101
23851 5.29667
23852 5.29667
23853 5.29667
23854 5.29667
23855 5.29667
23856 5.29667
23857 5.29667
23858 5.29667
23859 5.29667
23860 5.29667
23861 5.29667
23862 5.29667
23863 5.29667
23864 5.29667
23865 5.29667
23866 5.29667
23867 5.29667
23868 5.29667
23869 5.29667
23870 5.29667
23871 5.29667
23872 5.29667
23873 5.29667
23874 5.29667
23875 5.29667
23876 5.29667
23877 5.29667
23878 5.29667
23879 5.29667
23880 5.29667
23881 5.29667
23882 5.29667
23883 5.29667
23884 5.29667
23885 5.29667
23886 5.29667
23887 5.29667
23888 5.29667
23889 5.29667
23890 5.29667
23891 5.29667
23892 5.29667
23893 5.29667
23894 5.29667
23895 5.29667
23896 5.29667
23897 5.29667
23898 5.29667
23899 5.29667
23900 5.29667
23901 0.339554
23902 0.339554
23903 0.339554
23904 0.339554
23905 0.339554
23906 0.339554
23907 0.339554
23908 0.339554
23909 0.339554
23910 0.339554
23911 0.339554
23912 0.339554
23913 0.339554
23914 0.339554
23915 0.339554
23916 0.339554
23917 0.339554
23918 0.339554
23919 0.339554
23920 0.339554
23921 0.339554
23922 0.339554
23923 0.339554
23924 0.339554
23925 0.339554
23926 0.339554
23927 0.339554
23928 0.339554
23929 0.339554
23930 0.339554
23931 0.339554
23932 0.339554
23933 0.339554
23934 0.339554
23935 0.339554
23936 0.339554
23937 0.339554
23938 0.339554
23939 0.339554
23940 0.339554
23941 0.339554
23942 0.339554
23943 0.339554
23944 0.339554
23945 0.339554
23946 0.339554
23947 0.339554
23948 0.339554
23949 0.339554
23950 0.339554
23951 5.40472
23952 5.40472
23953 5.40472
23954 5.40472
23955 5.40472
23956 5.40472
23957 5.40472
23958 5.40472
23959 5.40472
23960 5.40472
23961 5.40472
23962 5.40472
23963 5.40472
23964 5.40472
23965 5.40472
23966 5.40472
23967 5.40472
23968 5.40472
23969 5.40472
23970 5.40472
23971 5.40472
23972 5.40472
23973 5.40472
23974 5.40472
23975 5.40472
23976 5.40472
23977 5.40472
23978 5.40472
23979 5.40472
23980 5.40472
23981 5.40472
23982 5.40472
23983 5.40472
23984 5.40472
23985 5.40472
23986 5.40472
23987 5.40472
23988 5.40472
23989 5.40472
23990 5.40472
23991 5.40472
23992 5.40472
23993 5.40472
23994 5.40472
23995 5.40472
23996 5.40472
23997 5.40472
23998 5.40472
23999 5.40472
24000 5.40472
24001 0.220995
24002 0.220995
24003 0.220995
24004 0.220995
24005 0.220995
24006 0.220995
24007 0.220995
24008 0.220995
24009 0.220995
24010 0.220995
24011 0.220995
24012 0.220995
24013 0.220995
24014 0.220995
24015 0.220995
24016 0.220995
24017 0.220995
24018 0.220995
24019 0.220995
24020 0.220995
24021 0.220995
24022 0.220995
24023 0.220995
24024 0.220995
24025 0.220995
24026 0.220995
24027 0.220995
24028 0.220995
24029 0.220995
24030 0.220995
24031 0.220995
24032 0.220995
24033 0.220995
24034 0.220995
24035 0.220995
24036 0.220995
24037 0.220995
24038 0.220995
24039 0.220995
24040 0.220995
24041 0.220995
24042 0.220995
24043 0.220995
24044 0.220995
24045 0.220995
24046 0.220995
24047 0.220995
24048 0.220995
24049 0.220995
24050 0.220995
24051 2.59038
24052 2.59038
24053 2.59038
24054 2.59038
24055 2.59038
24056 2.59038
24057 2.59038
24058 2.59038
24059 2.59038
24060 2.59038
24061 2.59038
24062 2.59038
24063 2.59038
24064 2.59038
24065 2.59038
24066 2.59038
24067 2.59038
24068 2.59038
24069 2.59038
24070 2.59038
24071 2.59038
24072 2.59038
24073 2.59038
24074 2.59038
24075 2.59038
24076 2.59038
24077 2.59038
24078 2.59038
24079 2.59038
24080 2.59038
24081 2.59038
24082 2.59038
24083 2.59038
24084 2.59038
24085 2.59038
24086 2.59038
24087 2.59038
24088 2.59038
24089 2.59038
24090 2.59038
24091 2.59038
24092 2.59038
24093 2.59038
24094 2.59038
24095 2.59038
24096 2.59038
24097 2.59038
24098 2.59038
24099 2.59038
24100 2.59038
24101 2.18092
24102 2.18092
24103 2.18092
24104 2.18092
24105 2.18092
24106 2.18092
24107 2.18092
24108 2.18092
24109 2.18092
24110 2.18092
24111 2.18092
24112 2.18092
24113 2.18092
24114 2.18092
24115 2.18092
24116 2.18092
24117 2.18092
24118 2.18092
24119 2.18092
24120 2.18092
24121 2.18092
24122 2.18092
24123 2.18092
24124 2.18092
24125 2.18092
24126 2.18092
24127 2.18092
24128 2.18092
24129 2.18092
24130 2.18092
24131 2.18092
24132 2.18092
24133 2.18092
24134 2.18092
24135 2.18092
24136 2.18092
24137 2.18092
24138 2.18092
24139 2.18092
24140 2.18092
24141 2.18092
24142 2.18092
24143 2.18092
24144 2.18092
24145 2.18092
24146 2.18092
24147 2.18092
24148 2.18092
24149 2.18092
24150 2.18092
24151 5.00871
24152 5.00871
24153 5.00871
24154 5.00871
24155 5.00871
24156 5.00871
24157 5.00871
24158 5.00871
24159 5.00871
24160 5.00871
24161 5.00871
24162 5.00871
24163 5.00871
24164 5.00871
24165 5.00871
24166 5.00871
24167 5.00871
24168 5.00871
24169 5.00871
24170 5.00871
24171 5.00871
24172 5.00871
24173 5.00871
24174 5.00871
24175 5.00871
24176 5.00871
24177 5.00871
24178 5.00871
24179 5.00871
24180 5.00871
24181 5.00871
24182 5.00871
24183 5.00871
24184 5.00871
24185 5.00871
24186 5.00871
24187 5.00871
24188 5.00871
24189 5.00871
24190 5.00871
24191 5.00871
24192 5.00871
24193 5.00871
24194 5.00871
24195 5.00871
24196 5.00871
24197 5.00871
24198 5.00871
24199 5.00871
24200 5.00871
24201 2.58533
24202 2.58533
24203 2.58533
24204 2.58533
24205 2.58533
24206 2.58533
24207 2.58533
24208 2.58533
24209 2.58533
24210 2.58533
24211 2.58533
24212 2.58533
24213 2.58533
24214 2.58533
24215 2.58533
24216 2.58533
24217 2.58533
24218 2.58533
24219 2.58533
24220 2.58533
24221 2.58533
24222 2.58533
24223 2.58533
24224 2.58533
24225 2.58533
24226 2.58533
24227 2.58533
24228 2.58533
24229 2.58533
24230 2.58533
24231 2.58533
24232 2.58533
24233 2.58533
24234 2.58533
24235 2.58533
24236 2.58533
24237 2.58533
24238 2.58533
24239 2.58533
24240 2.58533
24241 2.58533
24242 2.58533
24243 2.58533
24244 2.58533
24245 2.58533
24246 2.58533
24247 2.58533
24248 2.58533
24249 2.58533
24250 2.58533
24251 4.25598
24252 4.25598
24253 4.25598
24254 4.25598
24255 4.25598
24256 4.25598
24257 4.25598
24258 4.25598
24259 4.25598
24260 4.25598
24261 4.25598
24262 4.25598
24263 4.25598
24264 4.25598
24265 4.25598
24266 4.25598
24267 4.25598
24268 4.25598
24269 4.25598
24270 4.25598
24271 4.25598
24272 4.25598
24273 4.25598
24274 4.25598
24275 4.25598
24276 4.25598
24277 4.25598
24278 4.25598
24279 4.25598
24280 4.25598
24281 4.25598
24282 4.25598
24283 4.25598
24284 4.25598
24285 4.25598
24286 4.25598
24287 4.25598
24288 4.25598
24289 4.25598
24290 4.25598
24291 4.25598
24292 4.25598
24293 4.25598
24294 4.25598
24295 4.25598
24296 4.25598
24297 4.25598
24298 4.25598
24299 4.25598
24300 4.25598
24301 0.678514
24302 0.678514
24303 0.678514
24304 0.678514
24305 0.678514
24306 0.678514
24307 0.678514
24308 0.678514
24309 0.678514
24310 0.678514
24311 0.678514
24312 0.678514
24313 0.678514
24314 0.678514
24315 0.678514
24316 0.678514
24317 0.678514
24318 0.678514
24319 0.678514
24320 0.678514
24321 0.678514
24322 0.678514
24323 0.678514
24324 0.678514
24325 0.678514
24326 0.678514
24327 0.678514
24328 0.678514
24329 0.678514
24330 0.678514
24331 0.678514
24332 0.678514
24333 0.678514
24334 0.678514
24335 0.678514
24336 0.678514
24337 0.678514
24338 0.678514
24339 0.678514
24340 0.678514
24341 0.678514
24342 0.678514
24343 0.678514
24344 0.678514
24345 0.678514
24346 0.678514
24347 0.678514
24348 0.678514
24349 0.678514
24350 0.678514
24351 5.66058
24352 5.66058
24353 5.66058
24354 5.66058
24355 5.66058
24356 5.66058
24357 5.66058
24358 5.66058
24359 5.66058
24360 5.66058
24361 5.66058
24362 5.66058
24363 5.66058
24364 5.66058
24365 5.66058
24366 5.66058
24367 5.66058
24368 5.66058
24369 5.66058
24370 5.66058
24371 5.66058
24372 5.66058
24373 5.66058
24374 5.66058
24375 5.66058
24376 5.66058
24377 5.66058
24378 5.66058
24379 5.66058
24380 5.66058
24381 5.66058
24382 5.66058
24383 5.66058
24384 5.66058
24385 5.66058
24386 5.66058
24387 5.66058
24388 5.66058
24389 5.66058
24390 5.66058
24391 5.66058
24392 5.66058
24393 5.66058
24394 5.66058
24395 5.66058
24396 5.66058
24397 5.66058
24398 5.66058
24399 5.66058
24400 5.66058
24401 1.43588
24402 1.43588
24403 1.43588
24404 1.43588
24405 1.43588
24406 1.43588
24407 1.43588
24408 1.43588
24409 1.43588
24410 1.43588
24411 1.43588
24412 1.43588
24413 1.43588
24414 1.43588
24415 1.43588
24416 1.43588
24417 1.43588
24418 1.43588
24419 1.43588
24420 1.43588
24421 1.43588
24422 1.43588
24423 1.43588
24424 1.43588
24425 1.43588
24426 1.43588
24427 1.43588
24428 1.43588
24429 1.43588
24430 1.43588
24431 1.43588
24432 1.43588
24433 1.43588
24434 1.43588
24435 1.43588
24436 1.43588
24437 1.43588
24438 1.43588
24439 1.43588
24440 1.43588
24441 1.43588
24442 1.43588
24443 1.43588
24444 1.43588
24445 1.43588
24446 1.43588
24447 1.43588
24448 1.43588
24449 1.43588
24450 1.43588
24451 5.10668
24452 5.10668
24453 5.10668
24454 5.10668
24455 5.10668
24456 5.10668
24457 5.10668
24458 5.10668
24459 5.10668
24460 5.10668
24461 5.10668
24462 5.10668
24463 5.10668
24464 5.10668
24465 5.10668
24466 5.10668
24467 5.10668
24468 5.10668
24469 5.10668
24470 5.10668
24471 5.10668
24472 5.10668
24473 5.10668
24474 5.10668
24475 5.10668
24476 5.10668
24477 5.10668
24478 5.10668
24479 5.10668
24480 5.10668
24481 5.10668
24482 5.10668
24483 5.10668
24484 5.10668
24485 5.10668
24486 5.10668
24487 5.10668
24488 5.10668
24489 5.10668
24490 5.10668
24491 5.10668
24492 5.10668
24493 5.10668
24494 5.10668
24495 5.10668
24496 5.10668
24497 5.10668
24498 5.10668
24499 5.10668
24500 5.10668
24501 3.46596
24502 3.46596
24503 3.46596
24504 3.46596
24505 3.46596
24506 3.46596
24507 3.46596
24508 3.46596
24509 3.46596
24510 3.46596
24511 3.46596
24512 3.46596
24513 3.46596
24514 3.46596
24515 3.46596
24516 3.46596
24517 3.46596
24518 3.46596
24519 3.46596
24520 3.46596
24521 3.46596
24522 3.46596
24523 3.46596
24524 3.46596
24525 3.46596
24526 3.46596
24527 3.46596
24528 3.46596
24529 3.46596
24530 3.46596
24531 3.46596
24532 3.46596
24533 3.46596
24534 3.46596
24535 3.46596
24536 3.46596
24537 3.46596
24538 3.46596
24539 3.46596
24540 3.46596
24541 3.46596
24542 3.46596
24543 3.46596
24544 3.46596
24545 3.46596
24546 3.46596
24547 3.46596
24548 3.46596
24549 3.46596
24550 3.46596
24551 1.58066
24552 1.58066
24553 1.58066
24554 1.58066
24555 1.58066
24556 1.58066
24557 1.58066
24558 1.58066
24559 1.58066
24560 1.58066
24561 1.58066
24562 1.58066
24563 1.58066
24564 1.58066
24565 1.58066
24566 1.58066
24567 1.58066
24568 1.58066
24569 1.58066
24570 1.58066
24571 1.58066
24572 1.58066
24573 1.58066
24574 1.58066
24575 1.58066
24576 1.58066
24577 1.58066
24578 1.58066
24579 1.58066
24580 1.58066
24581 1.58066
24582 1.58066
24583 1.58066
24584 1.58066
24585 1.58066
24586 1.58066
24587 1.58066
24588 1.58066
24589 1.58066
24590 1.58066
24591 1.58066
24592 1.58066
24593 1.58066
24594 1.58066
24595 1.58066
24596 1.58066
24597 1.58066
24598 1.58066
24599 1.58066
24600 1.58066
24601 4.61988
24602 4.61988
24603 4.61988
24604 4.61988
24605 4.61988
24606 4.61988
24607 4.61988
24608 4.61988
24609 4.61988
24610 4.61988
24611 4.61988
24612 4.61988
24613 4.61988
24614 4.61988
24615 4.61988
24616 4.61988
24617 4.61988
24618 4.61988
24619 4.61988
24620 4.61988
24621 4.61988
24622 4.61988
24623 4.61988
24624 4.61988
24625 4.61988
24626 4.61988
24627 4.61988
24628 4.61988
24629 4.61988
24630 4.61988
24631 4.61988
24632 4.61988
24633 4.61988
24634 4.61988
24635 4.61988
24636 4.61988
24637 4.61988
24638 4.61988
24639 4.61988
24640 4.61988
24641 4.61988
24642 4.61988
24643 4.61988
24644 4.61988
24645 4.61988
24646 4.61988
24647 4.61988
24648 4.61988
24649 4.61988
24650 4.61988
24651 5.53163
24652 5.53163
24653 5.53163
24654 5.53163
24655 5.53163
24656 5.53163
24657 5.53163
24658 5.53163
24659 5.53163
24660 5.53163
24661 5.53163
24662 5.53163
24663 5.53163
24664 5.53163
24665 5.53163
24666 5.53163
24667 5.53163
24668 5.53163
24669 5.53163
24670 5.53163
24671 5.53163
24672 5.53163
24673 5.53163
24674 5.53163
24675 5.53163
24676 5.53163
24677 5.53163
24678 5.53163
24679 5.53163
24680 5.53163
24681 5.53163
24682 5.53163
24683 5.53163
24684 5.53163
24685 5.53163
24686 5.53163
24687 5.53163
24688 5.53163
24689 5.53163
24690 5.53163
24691 5.53163
24692 5.53163
24693 5.53163
24694 5.53163
24695 5.53163
24696 5.53163
24697 5.53163
24698 5.53163
24699 5.53163
24700 5.53163
24701 0.0596046
24702 0.0596046
24703 0.0596046
24704 0.0596046
24705 0.0596046
24706 0.0596046
24707 0.0596046
24708 0.0596046
24709 0.0596046
24710 0.0596046
24711 0.0596046
24712 0.0596046
24713 0.0596046
24714 0.0596046
24715 0.0596046
24716 0.0596046
24717 0.0596046
24718 0.0596046
24719 0.0596046
24720 0.0596046
24721 0.0596046
24722 0.0596046
24723 0.0596046
24724 0.0596046
24725 0.0596046
24726 0.0596046
24727 0.0596046
24728 0.0596046
24729 0.0596046
24730 0.0596046
24731 0.0596046
24732 0.0596046
24733 0.0596046
24734 0.0596046
24735 0.0596046
24736 0.0596046
24737 0.0596046
24738 0.0596046
24739 0.0596046
24740 0.0596046
24741 0.0596046
24742 0.0596046
24743 0.0596046
24744 0.0596046
24745 0.0596046
24746 0.0596046
24747 0.0596046
24748 0.0596046
24749 0.0596046
24750 0.0596046
24751 1.00721
24752 1.00721
24753 1.00721
24754 1.00721
24755 1.00721
24756 1.00721
24757 1.00721
24758 1.00721
24759 1.00721
24760 1.00721
24761 1.00721
24762 1.00721
24763 1.00721
24764 1.00721
24765 1.00721
24766 1.00721
24767 1.00721
24768 1.00721
24769 1.00721
24770 1.00721
24771 1.00721
24772 1.00721
24773 1.00721
24774 1.00721
24775 1.00721
24776 1.00721
24777 1.00721
24778 1.00721
24779 1.00721
24780 1.00721
24781 1.00721
24782 1.00721
24783 1.00721
24784 1.00721
24785 1.00721
24786 1.00721
24787 1.00721
24788 1.00721
24789 1.00721
24790 1.00721
24791 1.00721
24792 1.00721
24793 1.00721
24794 1.00721
24795 1.00721
24796 1.00721
24797 1.00721
24798 1.00721
24799 1.00721
24800 1.00721
24801 1.07711
24802 1.07711
24803 1.07711
24804 1.07711
24805 1.07711
24806 1.07711
24807 1.07711
24808 1.07711
24809 1.07711
24810 1.07711
24811 1.07711
24812 1.07711
24813 1.07711
24814 1.07711
24815 1.07711
24816 1.07711
24817 1.07711
24818 1.07711
24819 1.07711
24820 1.07711
24821 1.07711
24822 1.07711
24823 1.07711
24824 1.07711
24825 1.07711
24826 1.07711
24827 1.07711
24828 1.07711
24829 1.07711
24830 1.07711
24831 1.07711
24832 1.07711
24833 1.07711
24834 1.07711
24835 1.07711
24836 1.07711
24837 1.07711
24838 1.07711
24839 1.07711
24840 1.07711
24841 1.07711
24842 1.07711
24843 1.07711
24844 1.07711
24845 1.07711
24846 1.07711
24847 1.07711
24848 1.07711
24849 1.07711
24850 1.07711
24851 6.03082
24852 6.03082
24853 6.03082
24854 6.03082
24855 6.03082
24856 6.03082
24857 6.03082
24858 6.03082
24859 6.03082
24860 6.03082
24861 6.03082
24862 6.03082
24863 6.03082
24864 6.03082
24865 6.03082
24866 6.03082
24867 6.03082
24868 6.03082
24869 6.03082
24870 6.03082
24871 6.03082
24872 6.03082
24873 6.03082
24874 6.03082
24875 6.03082
24876 6.03082
24877 6.03082
24878 6.03082
24879 6.03082
24880 6.03082
24881 6.03082
24882 6.03082
24883 6.03082
24884 6.03082
24885 6.03082
24886 6.03082
24887 6.03082
24888 6.03082
24889 6.03082
24890 6.03082
24891 6.03082
24892 6.03082
24893 6.03082
24894 6.03082
24895 6.03082
24896 6.03082
24897 6.03082
24898 6.03082
24899 6.03082
24900 6.03082
24901 0.963306
24902 0.963306
24903 0.963306
24904 0.963306
24905 0.963306
24906 0.963306
24907 0.963306
24908 0.963306
24909 0.963306
24910 0.963306
24911 0.963306
24912 0.963306
24913 0.963306
24914 0.963306
24915 0.963306
24916 0.963306
24917 0.963306
24918 0.963306
24919 0.963306
24920 0.963306
24921 0.963306
24922 0.963306
24923 0.963306
24924 0.963306
24925 0.963306
24926 0.963306
24927 0.963306
24928 0.963306
24929 0.963306
24930 0.963306
24931 0.963306
24932 0.963306
24933 0.963306
24934 0.963306
24935 0.963306
24936 0.963306
24937 0.963306
24938 0.963306
24939 0.963306
24940 0.963306
24941 0.963306
24942 0.963306
24943 0.963306
24944 0.963306
24945 0.963306
24946 0.963306
24947 0.963306
24948 0.963306
24949 0.963306
24950 0.963306
24951 5.3321
24952 5.3321
24953 5.3321
24954 5.3321
24955 5.3321
24956 5.3321
24957 5.3321
24958 5.3321
24959 5.3321
24960 5.3321
24961 5.3321
24962 5.3321
24963 5.3321
24964 5.3321
24965 5.3321
24966 5.3321
24967 5.3321
24968 5.3321
24969 5.3321
24970 5.3321
24971 5.3321
24972 5.3321
24973 5.3321
24974 5.3321
24975 5.3321
24976 5.3321
24977 5.3321
24978 5.3321
24979 5.3321
24980 5.3321
24981 5.3321
24982 5.3321
24983 5.3321
24984 5.3321
24985 5.3321
24986 5.3321
24987 5.3321
24988 5.3321
24989 5.3321
24990 5.3321
24991 5.3321
24992 5.3321
24993 5.3321
24994 5.3321
24995 5.3321
24996 5.3321
24997 5.3321
24998 5.3321
24999 5.3321
25000 5.3321
25001 2.05189
25002 2.05189
25003 2.05189
25004 2.05189
25005 2.05189
25006 2.05189
25007 2.05189
25008 2.05189
25009 2.05189
25010 2.05189
25011 2.05189
25012 2.05189
25013 2.05189
25014 2.05189
25015 2.05189
25016 2.05189
25017 2.05189
25018 2.05189
25019 2.05189
25020 2.05189
25021 2.05189
25022 2.05189
25023 2.05189
25024 2.05189
25025 2.05189
25026 2.05189
25027 2.05189
25028 2.05189
25029 2.05189
25030 2.05189
25031 2.05189
25032 2.05189
25033 2.05189
25034 2.05189
25035 2.05189
25036 2.05189
25037 2.05189
25038 2.05189
25039 2.05189
25040 2.05189
25041 2.05189
25042 2.05189
25043 2.05189
25044 2.05189
25045 2.05189
25046 2.05189
25047 2.05189
25048 2.05189
25049 2.05189
25050 2.05189
25051 1.0757
25052 1.0757
25053 1.0757
25054 1.0757
25055 1.0757
25056 1.0757
25057 1.0757
25058 1.0757
25059 1.0757
25060 1.0757
25061 1.0757
25062 1.0757
25063 1.0757
25064 1.0757
25065 1.0757
25066 1.0757
25067 1.0757
25068 1.0757
25069 1.0757
25070 1.0757
25071 1.0757
25072 1.0757
25073 1.0757
25074 1.0757
25075 1.0757
25076 1.0757
25077 1.0757
25078 1.0757
25079 1.0757
25080 1.0757
25081 1.0757
25082 1.0757
25083 1.0757
25084 1.0757
25085 1.0757
25086 1.0757
25087 1.0757
25088 1.0757
25089 1.0757
25090 1.0757
25091 1.0757
25092 1.0757
25093 1.0757
25094 1.0757
25095 1.0757
25096 1.0757
25097 1.0757
25098 1.0757
25099 1.0757
25100 1.0757
25101 4.17678
25102 4.17678
25103 4.17678
25104 4.17678
25105 4.17678
25106 4.17678
25107 4.17678
25108 4.17678
25109 4.17678
25110 4.17678
25111 4.17678
25112 4.17678
25113 4.17678
25114 4.17678
25115 4.17678
25116 4.17678
25117 4.17678
25118 4.17678
25119 4.17678
25120 4.17678
25121 4.17678
25122 4.17678
25123 4.17678
25124 4.17678
25125 4.17678
25126 4.17678
25127 4.17678
25128 4.17678
25129 4.17678
25130 4.17678
25131 4.17678
25132 4.17678
25133 4.17678
25134 4.17678
25135 4.17678
25136 4.17678
25137 4.17678
25138 4.17678
25139 4.17678
25140 4.17678
25141 4.17678
25142 4.17678
25143 4.17678
25144 4.17678
25145 4.17678
25146 4.17678
25147 4.17678
25148 4.17678
25149 4.17678
25150 4.17678
25151 5.61609
25152 5.61609
25153 5.61609
25154 5.61609
25155 5.61609
25156 5.61609
25157 5.61609
25158 5.61609
25159 5.61609
25160 5.61609
25161 5.61609
25162 5.61609
25163 5.61609
25164 5.61609
25165 5.61609
25166 5.61609
25167 5.61609
25168 5.61609
25169 5.61609
25170 5.61609
25171 5.61609
25172 5.61609
25173 5.61609
25174 5.61609
25175 5.61609
25176 5.61609
25177 5.61609
25178 5.61609
25179 5.61609
25180 5.61609
25181 5.61609
25182 5.61609
25183 5.61609
25184 5.61609
25185 5.61609
25186 5.61609
25187 5.61609
25188 5.61609
25189 5.61609
25190 5.61609
25191 5.61609
25192 5.61609
25193 5.61609
25194 5.61609
25195 5.61609
25196 5.61609
25197 5.61609
25198 5.61609
25199 5.61609
25200 5.61609
25201 5.67247
25202 5.67247
25203 5.67247
25204 5.67247
25205 5.67247
25206 5.67247
25207 5.67247
25208 5.67247
25209 5.67247
25210 5.67247
25211 5.67247
25212 5.67247
25213 5.67247
25214 5.67247
25215 5.67247
25216 5.67247
25217 5.67247
25218 5.67247
25219 5.67247
25220 5.67247
25221 5.67247
25222 5.67247
25223 5.67247
25224 5.67247
25225 5.67247
25226 5.67247
25227 5.67247
25228 5.67247
25229 5.67247
25230 5.67247
25231 5.67247
25232 5.67247
25233 5.67247
25234 5.67247
25235 5.67247
25236 5.67247
25237 5.67247
25238 5.67247
25239 5.67247
25240 5.67247
25241 5.67247
25242 5.67247
25243 5.67247
25244 5.67247
25245 5.67247
25246 5.67247
25247 5.67247
25248 5.67247
25249 5.67247
25250 5.67247
25251 1.40299
25252 1.40299
25253 1.40299
25254 1.40299
25255 1.40299
25256 1.40299
25257 1.40299
25258 1.40299
25259 1.40299
25260 1.40299
25261 1.40299
25262 1.40299
25263 1.40299
25264 1.40299
25265 1.40299
25266 1.40299
25267 1.40299
25268 1.40299
25269 1.40299
25270 1.40299
25271 1.40299
25272 1.40299
25273 1.40299
25274 1.40299
25275 1.40299
25276 1.40299
25277 1.40299
25278 1.40299
25279 1.40299
25280 1.40299
25281 1.40299
25282 1.40299
25283 1.40299
25284 1.40299
25285 1.40299
25286 1.40299
25287 1.40299
25288 1.40299
25289 1.40299
25290 1.40299
25291 1.40299
25292 1.40299
25293 1.40299
25294 1.40299
25295 1.40299
25296 1.40299
25297 1.40299
25298 1.40299
25299 1.40299
25300 1.40299
25301 2.24185
25302 2.24185
25303 2.24185
25304 2.24185
25305 2.24185
25306 2.24185
25307 2.24185
25308 2.24185
25309 2.24185
25310 2.24185
25311 2.24185
25312 2.24185
25313 2.24185
25314 2.24185
25315 2.24185
25316 2.24185
25317 2.24185
25318 2.24185
25319 2.24185
25320 2.24185
25321 2.24185
25322 2.24185
25323 2.24185
25324 2.24185
25325 2.24185
25326 2.24185
25327 2.24185
25328 2.24185
25329 2.24185
25330 2.24185
25331 2.24185
25332 2.24185
25333 2.24185
25334 2.24185
25335 2.24185
25336 2.24185
25337 2.24185
25338 2.24185
25339 2.24185
25340 2.24185
25341 2.24185
25342 2.24185
25343 2.24185
25344 2.24185
25345 2.24185
25346 2.24185
25347 2.24185
25348 2.24185
25349 2.24185
25350 2.24185
25351 0.334372
25352 0.334372
25353 0.334372
25354 0.334372
25355 0.334372
25356 0.334372
25357 0.334372
25358 0.334372
25359 0.334372
25360 0.334372
25361 0.334372
25362 0.334372
25363 0.334372
25364 0.334372
25365 0.334372
25366 0.334372
25367 0.334372
25368 0.334372
25369 0.334372
25370 0.334372
25371 0.334372
25372 0.334372
25373 0.334372
25374 0.334372
25375 0.334372
25376 0.334372
25377 0.334372
25378 0.334372
25379 0.334372
25380 0.334372
25381 0.334372
25382 0.334372
25383 0.334372
25384 0.334372
25385 0.334372
25386 0.334372
25387 0.334372
25388 0.334372
25389 0.334372
25390 0.334372
25391 0.334372
25392 0.334372
25393 0.334372
25394 0.334372
25395 0.334372
25396 0.334372
25397 0.334372
25398 0.334372
25399 0.334372
25400 0.334372
25401 0.708089
25402 0.708089
25403 0.708089
25404 0.708089
25405 0.708089
25406 0.708089
25407 0.708089
25408 0.708089
25409 0.708089
25410 0.708089
25411 0.708089
25412 0.708089
25413 0.708089
25414 0.708089
25415 0.708089
25416 0.708089
25417 0.708089
25418 0.708089
25419 0.708089
25420 0.708089
25421 0.708089
25422 0.708089
25423 0.708089
25424 0.708089
25425 0.708089
25426 0.708089
25427 0.708089
25428 0.708089
25429 0.708089
25430 0.708089
25431 0.708089
25432 0.708089
25433 0.708089
25434 0.708089
25435 0.708089
25436 0.708089
25437 0.708089
25438 0.708089
25439 0.708089
25440 0.708089
25441 0.708089
25442 0.708089
25443 0.708089
25444 0.708089
25445 0.708089
25446 0.708089
25447 0.708089
25448 0.708089
25449 0.708089
25450 0.708089
25451 2.09323
25452 2.09323
25453 2.09323
25454 2.09323
25455 2.09323
25456 2.09323
25457 2.09323
25458 2.09323
25459 2.09323
25460 2.09323
25461 2.09323
25462 2.09323
25463 2.09323
25464 2.09323
25465 2.09323
25466 2.09323
25467 2.09323
25468 2.09323
25469 2.09323
25470 2.09323
25471 2.09323
25472 2.09323
25473 2.09323
25474 2.09323
25475 2.09323
25476 2.09323
25477 2.09323
25478 2.09323
25479 2.09323
25480 2.09323
25481 2.09323
25482 2.09323
25483 2.09323
25484 2.09323
25485 2.09323
25486 2.09323
25487 2.09323
25488 2.09323
25489 2.09323
25490 2.09323
25491 2.09323
25492 2.09323
25493 2.09323
25494 2.09323
25495 2.09323
25496 2.09323
25497 2.09323
25498 2.09323
25499 2.09323
25500 2.09323
25501 3.86859
25502 3.86859
25503 3.86859
25504 3.86859
25505 3.86859
25506 3.86859
25507 3.86859
25508 3.86859
25509 3.86859
25510 3.86859
25511 3.86859
25512 3.86859
25513 3.86859
25514 3.86859
25515 3.86859
25516 3.86859
25517 3.86859
25518 3.86859
25519 3.86859
25520 3.86859
25521 3.86859
25522 3.86859
25523 3.86859
25524 3.86859
25525 3.86859
25526 3.86859
25527 3.86859
25528 3.86859
25529 3.86859
25530 3.86859
25531 3.86859
25532 3.86859
25533 3.86859
25534 3.86859
25535 3.86859
25536 3.86859
25537 3.86859
25538 3.86859
25539 3.86859
25540 3.86859
25541 3.86859
25542 3.86859
25543 3.86859
25544 3.86859
25545 3.86859
25546 3.86859
25547 3.86859
25548 3.86859
25549 3.86859
25550 3.86859
25551 0.54312
25552 0.54312
25553 0.54312
25554 0.54312
25555 0.54312
25556 0.54312
25557 0.54312
25558 0.54312
25559 0.54312
25560 0.54312
25561 0.54312
25562 0.54312
25563 0.54312
25564 0.54312
25565 0.54312
25566 0.54312
25567 0.54312
25568 0.54312
25569 0.54312
25570 0.54312
25571 0.54312
25572 0.54312
25573 0.54312
25574 0.54312
25575 0.54312
25576 0.54312
25577 0.54312
25578 0.54312
25579 0.54312
25580 0.54312
25581 0.54312
25582 0.54312
25583 0.54312
25584 0.54312
25585 0.54312
25586 0.54312
25587 0.54312
25588 0.54312
25589 0.54312
25590 0.54312
25591 0.54312
25592 0.54312
25593 0.54312
25594 0.54312
25595 0.54312
25596 0.54312
25597 0.54312
25598 0.54312
25599 0.54312
25600 0.54312
25601 5.22164
25602 5.22164
25603 5.22164
25604 5.22164
25605 5.22164
25606 5.22164
25607 5.22164
25608 5.22164
25609 5.22164
25610 5.22164
25611 5.22164
25612 5.22164
25613 5.22164
25614 5.22164
25615 5.22164
25616 5.22164
25617 5.22164
25618 5.22164
25619 5.22164
25620 5.22164
25621 5.22164
25622 5.22164
25623 5.22164
25624 5.22164
25625 5.22164
25626 5.22164
25627 5.22164
25628 5.22164
25629 5.22164
25630 5.22164
25631 5.22164
25632 5.22164
25633 5.22164
25634 5.22164
25635 5.22164
25636 5.22164
25637 5.22164
25638 5.22164
25639 5.22164
25640 5.22164
25641 5.22164
25642 5.22164
25643 5.22164
25644 5.22164
25645 5.22164
25646 5.22164
25647 5.22164
25648 5.22164
25649 5.22164
25650 5.22164
25651 5.76632
25652 5.76632
25653 5.76632
25654 5.76632
25655 5.76632
25656 5.76632
25657 5.76632
25658 5.76632
25659 5.76632
25660 5.76632
25661 5.76632
25662 5.76632
25663 5.76632
25664 5.76632
25665 5.76632
25666 5.76632
25667 5.76632
25668 5.76632
25669 5.76632
25670 5.76632
25671 5.76632
25672 5.76632
25673 5.76632
25674 5.76632
25675 5.76632
25676 5.76632
25677 5.76632
25678 5.76632
25679 5.76632
25680 5.76632
25681 5.76632
25682 5.76632
25683 5.76632
25684 5.76632
25685 5.76632
25686 5.76632
25687 5.76632
25688 5.76632
25689 5.76632
25690 5.76632
25691 5.76632
25692 5.76632
25693 5.76632
25694 5.76632
25695 5.76632
25696 5.76632
25697 5.76632
25698 5.76632
25699 5.76632
25700 5.76632
25701 5.8272
25702 5.8272
25703 5.8272
25704 5.8272
25705 5.8272
25706 5.8272
25707 5.8272
25708 5.8272
25709 5.8272
25710 5.8272
25711 5.8272
25712 5.8272
25713 5.8272
25714 5.8272
25715 5.8272
25716 5.8272
25717 5.8272
25718 5.8272
25719 5.8272
25720 5.8272
25721 5.8272
25722 5.8272
25723 5.8272
25724 5.8272
25725 5.8272
25726 5.8272
25727 5.8272
25728 5.8272
25729 5.8272
25730 5.8272
25731 5.8272
25732 5.8272
25733 5.8272
25734 5.8272
25735 5.8272
25736 5.8272
25737 5.8272
25738 5.8272
25739 5.8272
25740 5.8272
25741 5.8272
25742 5.8272
25743 5.8272
25744 5.8272
25745 5.8272
25746 5.8272
25747 5.8272
25748 5.8272
25749 5.8272
25750 5.8272
25751 1.34525
25752 1.34525
25753 1.34525
25754 1.34525
25755 1.34525
25756 1.34525
25757 1.34525
25758 1.34525
25759 1.34525
25760 1.34525
25761 1.34525
25762 1.34525
25763 1.34525
25764 1.34525
25765 1.34525
25766 1.34525
25767 1.34525
25768 1.34525
25769 1.34525
25770 1.34525
25771 1.34525
25772 1.34525
25773 1.34525
25774 1.34525
25775 1.34525
25776 1.34525
25777 1.34525
25778 1.34525
25779 1.34525
25780 1.34525
25781 1.34525
25782 1.34525
25783 1.34525
25784 1.34525
25785 1.34525
25786 1.34525
25787 1.34525
25788 1.34525
25789 1.34525
25790 1.34525
25791 1.34525
25792 1.34525
25793 1.34525
25794 1.34525
25795 1.34525
25796 1.34525
25797 1.34525
25798 1.34525
25799 1.34525
25800 1.34525
25801 1.82702
25802 1.82702
25803 1.82702
25804 1.82702
25805 1.82702
25806 1.82702
25807 1.82702
25808 1.82702
25809 1.82702
25810 1.82702
25811 1.82702
25812 1.82702
25813 1.82702
25814 1.82702
25815 1.82702
25816 1.82702
25817 1.82702
25818 1.82702
25819 1.82702
25820 1.82702
25821 1.82702
25822 1.82702
25823 1.82702
25824 1.82702
25825 1.82702
25826 1.82702
25827 1.82702
25828 1.82702
25829 1.82702
25830 1.82702
25831 1.82702
25832 1.82702
25833 1.82702
25834 1.82702
25835 1.82702
25836 1.82702
25837 1.82702
25838 1.82702
25839 1.82702
25840 1.82702
25841 1.82702
25842 1.82702
25843 1.82702
25844 1.82702
25845 1.82702
25846 1.82702
25847 1.82702
25848 1.82702
25849 1.82702
25850 1.82702
25851 4.51155
25852 4.51155
25853 4.51155
25854 4.51155
25855 4.51155
25856 4.51155
25857 4.51155
25858 4.51155
25859 4.51155
25860 4.51155
25861 4.51155
25862 4.51155
25863 4.51155
25864 4.51155
25865 4.51155
25866 4.51155
25867 4.51155
25868 4.51155
25869 4.51155
25870 4.51155
25871 4.51155
25872 4.51155
25873 4.51155
25874 4.51155
25875 4.51155
25876 4.51155
25877 4.51155
25878 4.51155
25879 4.51155
25880 4.51155
25881 4.51155
25882 4.51155
25883 4.51155
25884 4.51155
25885 4.51155
25886 4.51155
25887 4.51155
25888 4.51155
25889 4.51155
25890 4.51155
25891 4.51155
25892 4.51155
25893 4.51155
25894 4.51155
25895 4.51155
25896 4.51155
25897 4.51155
25898 4.51155
25899 4.51155
25900 4.51155
25901 1.64689
25902 1.64689
25903 1.64689
25904 1.64689
25905 1.64689
25906 1.64689
25907 1.64689
25908 1.64689
25909 1.64689
25910 1.64689
25911 1.64689
25912 1.64689
25913 1.64689
25914 1.64689
25915 1.64689
25916 1.64689
25917 1.64689
25918 1.64689
25919 1.64689
25920 1.64689
25921 1.64689
25922 1.64689
25923 1.64689
25924 1.64689
25925 1.64689
25926 1.64689
25927 1.64689
25928 1.64689
25929 1.64689
25930 1.64689
25931 1.64689
25932 1.64689
25933 1.64689
25934 1.64689
25935 1.64689
25936 1.64689
25937 1.64689
25938 1.64689
25939 1.64689
25940 1.64689
25941 1.64689
25942 1.64689
25943 1.64689
25944 1.64689
25945 1.64689
25946 1.64689
25947 1.64689
25948 1.64689
25949 1.64689
25950 1.64689
25951 3.93573
25952 3.93573
25953 3.93573
25954 3.93573
25955 3.93573
25956 3.93573
25957 3.93573
25958 3.93573
25959 3.93573
25960 3.93573
25961 3.93573
25962 3.93573
25963 3.93573
25964 3.93573
25965 3.93573
25966 3.93573
25967 3.93573
25968 3.93573
25969 3.93573
25970 3.93573
25971 3.93573
25972 3.93573
25973 3.93573
25974 3.93573
25975 3.93573
25976 3.93573
25977 3.93573
25978 3.93573
25979 3.93573
25980 3.93573
25981 3.93573
25982 3.93573
25983 3.93573
25984 3.93573
25985 3.93573
25986 3.93573
25987 3.93573
25988 3.93573
25989 3.93573
25990 3.93573
25991 3.93573
25992 3.93573
25993 3.93573
25994 3.93573
25995 3.93573
25996 3.93573
25997 3.93573
25998 3.93573
25999 3.93573
26000 3.93573
26001 0.493749
26002 0.493749
26003 0.493749
26004 0.493749
26005 0.493749
26006 0.493749
26007 0.493749
26008 0.493749
26009 0.493749
26010 0.493749
26011 0.493749
26012 0.493749
26013 0.493749
26014 0.493749
26015 0.493749
26016 0.493749
26017 0.493749
26018 0.493749
26019 0.493749
26020 0.493749
26021 0.493749
26022 0.493749
26023 0.493749
26024 0.493749
26025 0.493749
26026 0.493749
26027 0.493749
26028 0.493749
26029 0.493749
26030 0.493749
26031 0.493749
26032 0.493749
26033 0.493749
26034 0.493749
26035 0.493749
26036 0.493749
26037 0.493749
26038 0.493749
26039 0.493749
26040 0.493749
26041 0.493749
26042 0.493749
26043 0.493749
26044 0.493749
26045 0.493749
26046 0.493749
26047 0.493749
26048 0.493749
26049 0.493749
26050 0.493749
26051 5.90124
26052 5.90124
26053 5.90124
26054 5.90124
26055 5.90124
26056 5.90124
26057 5.90124
26058 5.90124
26059 5.90124
26060 5.90124
26061 5.90124
26062 5.90124
26063 5.90124
26064 5.90124
26065 5.90124
26066 5.90124
26067 5.90124
26068 5.90124
26069 5.90124
26070 5.90124
26071 5.90124
26072 5.90124
26073 5.90124
26074 5.90124
26075 5.90124
26076 5.90124
26077 5.90124
26078 5.90124
26079 5.90124
26080 5.90124
26081 5.90124
26082 5.90124
26083 5.90124
26084 5.90124
26085 5.90124
26086 5.90124
26087 5.90124
26088 5.90124
26089 5.90124
26090 5.90124
26091 5.90124
26092 5.90124
26093 5.90124
26094 5.90124
26095 5.90124
26096 5.90124
26097 5.90124
26098 5.90124
26099 5.90124
26100 5.90124
26101 1.11372
26102 1.11372
26103 1.11372
26104 1.11372
26105 1.11372
26106 1.11372
26107 1.11372
26108 1.11372
26109 1.11372
26110 1.11372
26111 1.11372
26112 1.11372
26113 1.11372
26114 1.11372
26115 1.11372
26116 1.11372
26117 1.11372
26118 1.11372
26119 1.11372
26120 1.11372
26121 1.11372
26122 1.11372
26123 1.11372
26124 1.11372
26125 1.11372
26126 1.11372
26127 1.11372
26128 1.11372
26129 1.11372
26130 1.11372
26131 1.11372
26132 1.11372
26133 1.11372
26134 1.11372
26135 1.11372
26136 1.11372
26137 1.11372
26138 1.11372
26139 1.11372
26140 1.11372
26141 1.11372
26142 1.11372
26143 1.11372
26144 1.11372
26145 1.11372
26146 1.11372
26147 1.11372
26148 1.11372
26149 1.11372
26150 1.11372
26151 0.420123
26152 0.420123
26153 0.420123
26154 0.420123
26155 0.420123
26156 0.420123
26157 0.420123
26158 0.420123
26159 0.420123
26160 0.420123
26161 0.420123
26162 0.420123
26163 0.420123
26164 0.420123
26165 0.420123
26166 0.420123
26167 0.420123
26168 0.420123
26169 0.420123
26170 0.420123
26171 0.420123
26172 0.420123
26173 0.420123
26174 0.420123
26175 0.420123
26176 0.420123
26177 0.420123
26178 0.420123
26179 0.420123
26180 0.420123
26181 0.420123
26182 0.420123
26183 0.420123
26184 0.420123
26185 0.420123
26186 0.420123
26187 0.420123
26188 0.420123
26189 0.420123
26190 0.420123
26191 0.420123
26192 0.420123
26193 0.420123
26194 0.420123
26195 0.420123
26196 0.420123
26197 0.420123
26198 0.420123
26199 0.420123
26200 0.420123
26201 2.45034
26202 2.45034
26203 2.45034
26204 2.45034
26205 2.45034
26206 2.45034
26207 2.45034
26208 2.45034
26209 2.45034
26210 2.45034
26211 2.45034
26212 2.45034
26213 2.45034
26214 2.45034
26215 2.45034
26216 2.45034
26217 2.45034
26218 2.45034
26219 2.45034
26220 2.45034
26221 2.45034
26222 2.45034
26223 2.45034
26224 2.45034
26225 2.45034
26226 2.45034
26227 2.45034
26228 2.45034
26229 2.45034
26230 2.45034
26231 2.45034
26232 2.45034
26233 2.45034
26234 2.45034
26235 2.45034
26236 2.45034
26237 2.45034
26238 2.45034
26239 2.45034
26240 2.45034
26241 2.45034
26242 2.45034
26243 2.45034
26244 2.45034
26245 2.45034
26246 2.45034
26247 2.45034
26248 2.45034
26249 2.45034
26250 2.45034
26251 1.81867
26252 1.81867
26253 1.81867
26254 1.81867
26255 1.81867
26256 1.81867
26257 1.81867
26258 1.81867
26259 1.81867
26260 1.81867
26261 1.81867
26262 1.81867
26263 1.81867
26264 1.81867
26265 1.81867
26266 1.81867
26267 1.81867
26268 1.81867
26269 1.81867
26270 1.81867
26271 1.81867
26272 1.81867
26273 1.81867
26274 1.81867
26275 1.81867
26276 1.81867
26277 1.81867
26278 1.81867
26279 1.81867
26280 1.81867
26281 1.81867
26282 1.81867
26283 1.81867
26284 1.81867
26285 1.81867
26286 1.81867
26287 1.81867
26288 1.81867
26289 1.81867
26290 1.81867
26291 1.81867
26292 1.81867
26293 1.81867
26294 1.81867
26295 1.81867
26296 1.81867
26297 1.81867
26298 1.81867
26299 1.81867
26300 1.81867
26301 5.01048
26302 5.01048
26303 5.01048
26304 5.01048
26305 5.01048
26306 5.01048
26307 5.01048
26308 5.01048
26309 5.01048
26310 5.01048
26311 5.01048
26312 5.01048
26313 5.01048
26314 5.01048
26315 5.01048
26316 5.01048
26317 5.01048
26318 5.01048
26319 5.01048
26320 5.01048
26321 5.01048
26322 5.01048
26323 5.01048
26324 5.01048
26325 5.01048
26326 5.01048
26327 5.01048
26328 5.01048
26329 5.01048
26330 5.01048
26331 5.01048
26332 5.01048
26333 5.01048
26334 5.01048
26335 5.01048
26336 5.01048
26337 5.01048
26338 5.01048
26339 5.01048
26340 5.01048
26341 5.01048
26342 5.01048
26343 5.01048
26344 5.01048
26345 5.01048
26346 5.01048
26347 5.01048
26348 5.01048
26349 5.01048
26350 5.01048
26351 1.72401
26352 1.72401
26353 1.72401
26354 1.72401
26355 1.72401
26356 1.72401
26357 1.72401
26358 1.72401
26359 1.72401
26360 1.72401
26361 1.72401
26362 1.72401
26363 1.72401
26364 1.72401
26365 1.72401
26366 1.72401
26367 1.72401
26368 1.72401
26369 1.72401
26370 1.72401
26371 1.72401
26372 1.72401
26373 1.72401
26374 1.72401
26375 1.72401
26376 1.72401
26377 1.72401
26378 1.72401
26379 1.72401
26380 1.72401
26381 1.72401
26382 1.72401
26383 1.72401
26384 1.72401
26385 1.72401
26386 1.72401
26387 1.72401
26388 1.72401
26389 1.72401
26390 1.72401
26391 1.72401
26392 1.72401
26393 1.72401
26394 1.72401
26395 1.72401
26396 1.72401
26397 1.72401
26398 1.72401
26399 1.72401
26400 1.72401
26401 3.75174
26402 3.75174
26403 3.75174
26404 3.75174
26405 3.75174
26406 3.75174
26407 3.75174
26408 3.75174
26409 3.75174
26410 3.75174
26411 3.75174
26412 3.75174
26413 3.75174
26414 3.75174
26415 3.75174
26416 3.75174
26417 3.75174
26418 3.75174
26419 3.75174
26420 3.75174
26421 3.75174
26422 3.75174
26423 3.75174
26424 3.75174
26425 3.75174
26426 3.75174
26427 3.75174
26428 3.75174
26429 3.75174
26430 3.75174
26431 3.75174
26432 3.75174
26433 3.75174
26434 3.75174
26435 3.75174
26436 3.75174
26437 3.75174
26438 3.75174
26439 3.75174
26440 3.75174
26441 3.75174
26442 3.75174
26443 3.75174
26444 3.75174
26445 3.75174
26446 3.75174
26447 3.75174
26448 3.75174
26449 3.75174
26450 3.75174
26451 2.97406
26452 2.97406
26453 2.97406
26454 2.97406
26455 2.97406
26456 2.97406
26457 2.97406
26458 2.97406
26459 2.97406
26460 2.97406
26461 2.97406
26462 2.97406
26463 2.97406
26464 2.97406
26465 2.97406
26466 2.97406
26467 2.97406
26468 2.97406
26469 2.97406
26470 2.97406
26471 2.97406
26472 2.97406
26473 2.97406
26474 2.97406
26475 2.97406
26476 2.97406
26477 2.97406
26478 2.97406
26479 2.97406
26480 2.97406
26481 2.97406
26482 2.97406
26483 2.97406
26484 2.97406
26485 2.97406
26486 2.97406
26487 2.97406
26488 2.97406
26489 2.97406
26490 2.97406
26491 2.97406
26492 2.97406
26493 2.97406
26494 2.97406
26495 2.97406
26496 2.97406
26497 2.97406
26498 2.97406
26499 2.97406
26500 2.97406
26501 4.8552
26502 4.8552
26503 4.8552
26504 4.8552
26505 4.8552
26506 4.8552
26507 4.8552
26508 4.8552
26509 4.8552
26510 4.8552
26511 4.8552
26512 4.8552
26513 4.8552
26514 4.8552
26515 4.8552
26516 4.8552
26517 4.8552
26518 4.8552
26519 4.8552
26520 4.8552
26521 4.8552
26522 4.8552
26523 4.8552
26524 4.8552
26525 4.8552
26526 4.8552
26527 4.8552
26528 4.8552
26529 4.8552
26530 4.8552
26531 4.8552
26532 4.8552
26533 4.8552
26534 4.8552
26535 4.8552
26536 4.8552
26537 4.8552
26538 4.8552
26539 4.8552
26540 4.8552
26541 4.8552
26542 4.8552
26543 4.8552
26544 4.8552
26545 4.8552
26546 4.8552
26547 4.8552
26548 4.8552
26549 4.8552
26550 4.8552
26551 5.33204
26552 5.33204
26553 5.33204
26554 5.33204
26555 5.33204
26556 5.33204
26557 5.33204
26558 5.33204
26559 5.33204
26560 5.33204
26561 5.33204
26562 5.33204
26563 5.33204
26564 5.33204
26565 5.33204
26566 5.33204
26567 5.33204
26568 5.33204
26569 5.33204
26570 5.33204
26571 5.33204
26572 5.33204
26573 5.33204
26574 5.33204
26575 5.33204
26576 5.33204
26577 5.33204
26578 5.33204
26579 5.33204
26580 5.33204
26581 5.33204
26582 5.33204
26583 5.33204
26584 5.33204
26585 5.33204
26586 5.33204
26587 5.33204
26588 5.33204
26589 5.33204
26590 5.33204
26591 5.33204
26592 5.33204
26593 5.33204
26594 5.33204
26595 5.33204
26596 5.33204
26597 5.33204
26598 5.33204
26599 5.33204
26600 5.33204
26601 2.88897
26602 2.88897
26603 2.88897
26604 2.88897
26605 2.88897
26606 2.88897
26607 2.88897
26608 2.88897
26609 2.88897
26610 2.88897
26611 2.88897
26612 2.88897
26613 2.88897
26614 2.88897
26615 2.88897
26616 2.88897
26617 2.88897
26618 2.88897
26619 2.88897
26620 2.88897
26621 2.88897
26622 2.88897
26623 2.88897
26624 2.88897
26625 2.88897
26626 2.88897
26627 2.88897
26628 2.88897
26629 2.88897
26630 2.88897
26631 2.88897
26632 2.88897
26633 2.88897
26634 2.88897
26635 2.88897
26636 2.88897
26637 2.88897
26638 2.88897
26639 2.88897
26640 2.88897
26641 2.88897
26642 2.88897
26643 2.88897
26644 2.88897
26645 2.88897
26646 2.88897
26647 2.88897
26648 2.88897
26649 2.88897
26650 2.88897
26651 3.63231
26652 3.63231
26653 3.63231
26654 3.63231
26655 3.63231
26656 3.63231
26657 3.63231
26658 3.63231
26659 3.63231
26660 3.63231
26661 3.63231
26662 3.63231
26663 3.63231
26664 3.63231
26665 3.63231
26666 3.63231
26667 3.63231
26668 3.63231
26669 3.63231
26670 3.63231
26671 3.63231
26672 3.63231
26673 3.63231
26674 3.63231
26675 3.63231
26676 3.63231
26677 3.63231
26678 3.63231
26679 3.63231
26680 3.63231
26681 3.63231
26682 3.63231
26683 3.63231
26684 3.63231
26685 3.63231
26686 3.63231
26687 3.63231
26688 3.63231
26689 3.63231
26690 3.63231
26691 3.63231
26692 3.63231
26693 3.63231
26694 3.63231
26695 3.63231
26696 3.63231
26697 3.63231
26698 3.63231
26699 3.63231
26700 3.63231
26701 4.8104
26702 4.8104
26703 4.8104
26704 4.8104
26705 4.8104
26706 4.8104
26707 4.8104
26708 4.8104
26709 4.8104
26710 4.8104
26711 4.8104
26712 4.8104
26713 4.8104
26714 4.8104
26715 4.8104
26716 4.8104
26717 4.8104
26718 4.8104
26719 4.8104
26720 4.8104
26721 4.8104
26722 4.8104
26723 4.8104
26724 4.8104
26725 4.8104
26726 4.8104
26727 4.8104
26728 4.8104
26729 4.8104
26730 4.8104
26731 4.8104
26732 4.8104
26733 4.8104
26734 4.8104
26735 4.8104
26736 4.8104
26737 4.8104
26738 4.8104
26739 4.8104
26740 4.8104
26741 4.8104
26742 4.8104
26743 4.8104
26744 4.8104
26745 4.8104
26746 4.8104
26747 4.8104
26748 4.8104
26749 4.8104
26750 4.8104
26751 4.82172
26752 4.82172
26753 4.82172
26754 4.82172
26755 4.82172
26756 4.82172
26757 4.82172
26758 4.82172
26759 4.82172
26760 4.82172
26761 4.82172
26762 4.82172
26763 4.82172
26764 4.82172
26765 4.82172
26766 4.82172
26767 4.82172
26768 4.82172
26769 4.82172
26770 4.82172
26771 4.82172
26772 4.82172
26773 4.82172
26774 4.82172
26775 4.82172
26776 4.82172
26777 4.82172
26778 4.82172
26779 4.82172
26780 4.82172
26781 4.82172
26782 4.82172
26783 4.82172
26784 4.82172
26785 4.82172
26786 4.82172
26787 4.82172
26788 4.82172
26789 4.82172
26790 4.82172
26791 4.82172
26792 4.82172
26793 4.82172
26794 4.82172
26795 4.82172
26796 4.82172
26797 4.82172
26798 4.82172
26799 4.82172
26800 4.82172
26801 2.70165
26802 2.70165
26803 2.70165
26804 2.70165
26805 2.70165
26806 2.70165
26807 2.70165
26808 2.70165
26809 2.70165
26810 2.70165
26811 2.70165
26812 2.70165
26813 2.70165
26814 2.70165
26815 2.70165
26816 2.70165
26817 2.70165
26818 2.70165
26819 2.70165
26820 2.70165
26821 2.70165
26822 2.70165
26823 2.70165
26824 2.70165
26825 2.70165
26826 2.70165
26827 2.70165
26828 2.70165
26829 2.70165
26830 2.70165
26831 2.70165
26832 2.70165
26833 2.70165
26834 2.70165
26835 2.70165
26836 2.70165
26837 2.70165
26838 2.70165
26839 2.70165
26840 2.70165
26841 2.70165
26842 2.70165
26843 2.70165
26844 2.70165
26845 2.70165
26846 2.70165
26847 2.70165
26848 2.70165
26849 2.70165
26850 2.70165
26851 4.5786
26852 4.5786
26853 4.5786
26854 4.5786
26855 4.5786
26856 4.5786
26857 4.5786
26858 4.5786
26859 4.5786
26860 4.5786
26861 4.5786
26862 4.5786
26863 4.5786
26864 4.5786
26865 4.5786
26866 4.5786
26867 4.5786
26868 4.5786
26869 4.5786
26870 4.5786
26871 4.5786
26872 4.5786
26873 4.5786
26874 4.5786
26875 4.5786
26876 4.5786
26877 4.5786
26878 4.5786
26879 4.5786
26880 4.5786
26881 4.5786
26882 4.5786
26883 4.5786
26884 4.5786
26885 4.5786
26886 4.5786
26887 4.5786
26888 4.5786
26889 4.5786
26890 4.5786
26891 4.5786
26892 4.5786
26893 4.5786
26894 4.5786
26895 4.5786
26896 4.5786
26897 4.5786
26898 4.5786
26899 4.5786
26900 4.5786
26901 2.88277
26902 2.88277
26903 2.88277
26904 2.88277
26905 2.88277
26906 2.88277
26907 2.88277
26908 2.88277
26909 2.88277
26910 2.88277
26911 2.88277
26912 2.88277
26913 2.88277
26914 2.88277
26915 2.88277
26916 2.88277
26917 2.88277
26918 2.88277
26919 2.88277
26920 2.88277
26921 2.88277
26922 2.88277
26923 2.88277
26924 2.88277
26925 2.88277
26926 2.88277
26927 2.88277
26928 2.88277
26929 2.88277
26930 2.88277
26931 2.88277
26932 2.88277
26933 2.88277
26934 2.88277
26935 2.88277
26936 2.88277
26937 2.88277
26938 2.88277
26939 2.88277
26940 2.88277
26941 2.88277
26942 2.88277
26943 2.88277
26944 2.88277
26945 2.88277
26946 2.88277
26947 2.88277
26948 2.88277
26949 2.88277
26950 2.88277
26951 1.6582
26952 1.6582
26953 1.6582
26954 1.6582
26955 1.6582
26956 1.6582
26957 1.6582
26958 1.6582
26959 1.6582
26960 1.6582
26961 1.6582
26962 1.6582
26963 1.6582
26964 1.6582
26965 1.6582
26966 1.6582
26967 1.6582
26968 1.6582
26969 1.6582
26970 1.6582
26971 1.6582
26972 1.6582
26973 1.6582
26974 1.6582
26975 1.6582
26976 1.6582
26977 1.6582
26978 1.6582
26979 1.6582
26980 1.6582
26981 1.6582
26982 1.6582
26983 1.6582
26984 1.6582
26985 1.6582
26986 1.6582
26987 1.6582
26988 1.6582
26989 1.6582
26990 1.6582
26991 1.6582
26992 1.6582
26993 1.6582
26994 1.6582
26995 1.6582
26996 1.6582
26997 1.6582
26998 1.6582
26999 1.6582
27000 1.6582
27001 5.80235
27002 5.80235
27003 5.80235
27004 5.80235
27005 5.80235
27006 5.80235
27007 5.80235
27008 5.80235
27009 5.80235
27010 5.80235
27011 5.80235
27012 5.80235
27013 5.80235
27014 5.80235
27015 5.80235
27016 5.80235
27017 5.80235
27018 5.80235
27019 5.80235
27020 5.80235
27021 5.80235
27022 5.80235
27023 5.80235
27024 5.80235
27025 5.80235
27026 5.80235
27027 5.80235
27028 5.80235
27029 5.80235
27030 5.80235
27031 5.80235
27032 5.80235
27033 5.80235
27034 5.80235
27035 5.80235
27036 5.80235
27037 5.80235
27038 5.80235
27039 5.80235
27040 5.80235
27041 5.80235
27042 5.80235
27043 5.80235
27044 5.80235
27045 5.80235
27046 5.80235
27047 5.80235
27048 5.80235
27049 5.80235
27050 5.80235
27051 4.24507
27052 4.24507
27053 4.24507
27054 4.24507
27055 4.24507
27056 4.24507
27057 4.24507
27058 4.24507
27059 4.24507
27060 4.24507
27061 4.24507
27062 4.24507
27063 4.24507
27064 4.24507
27065 4.24507
27066 4.24507
27067 4.24507
27068 4.24507
27069 4.24507
27070 4.24507
27071 4.24507
27072 4.24507
27073 4.24507
27074 4.24507
27075 4.24507
27076 4.24507
27077 4.24507
27078 4.24507
27079 4.24507
27080 4.24507
27081 4.24507
27082 4.24507
27083 4.24507
27084 4.24507
27085 4.24507
27086 4.24507
27087 4.24507
27088 4.24507
27089 4.24507
27090 4.24507
27091 4.24507
27092 4.24507
27093 4.24507
27094 4.24507
27095 4.24507
27096 4.24507
27097 4.24507
27098 4.24507
27099 4.24507
27100 4.24507
27101 0.504146
27102 0.504146
27103 0.504146
27104 0.504146
27105 0.504146
27106 0.504146
27107 0.504146
27108 0.504146
27109 0.504146
27110 0.504146
27111 0.504146
27112 0.504146
27113 0.504146
27114 0.504146
27115 0.504146
27116 0.504146
27117 0.504146
27118 0.504146
27119 0.504146
27120 0.504146
27121 0.504146
27122 0.504146
27123 0.504146
27124 0.504146
27125 0.504146
27126 0.504146
27127 0.504146
27128 0.504146
27129 0.504146
27130 0.504146
27131 0.504146
27132 0.504146
27133 0.504146
27134 0.504146
27135 0.504146
27136 0.504146
27137 0.504146
27138 0.504146
27139 0.504146
27140 0.504146
27141 0.504146
27142 0.504146
27143 0.504146
27144 0.504146
27145 0.504146
27146 0.504146
27147 0.504146
27148 0.504146
27149 0.504146
27150 0.504146
27151 3.20708
27152 3.20708
27153 3.20708
27154 3.20708
27155 3.20708
27156 3.20708
27157 3.20708
27158 3.20708
27159 3.20708
27160 3.20708
27161 3.20708
27162 3.20708
27163 3.20708
27164 3.20708
27165 3.20708
27166 3.20708
27167 3.20708
27168 3.20708
27169 3.20708
27170 3.20708
27171 3.20708
27172 3.20708
27173 3.20708
27174 3.20708
27175 3.20708
27176 3.20708
27177 3.20708
27178 3.20708
27179 3.20708
27180 3.20708
27181 3.20708
27182 3.20708
27183 3.20708
27184 3.20708
27185 3.20708
27186 3.20708
27187 3.20708
27188 3.20708
27189 3.20708
27190 3.20708
27191 3.20708
27192 3.20708
27193 3.20708
27194 3.20708
27195 3.20708
27196 3.20708
27197 3.20708
27198 3.20708
27199 3.20708
27200 3.20708
27201 5.68808
27202 5.68808
27203 5.68808
27204 5.68808
27205 5.68808
27206 5.68808
27207 5.68808
27208 5.68808
27209 5.68808
27210 5.68808
27211 5.68808
27212 5.68808
27213 5.68808
27214 5.68808
27215 5.68808
27216 5.68808
27217 5.68808
27218 5.68808
27219 5.68808
27220 5.68808
27221 5.68808
27222 5.68808
27223 5.68808
27224 5.68808
27225 5.68808
27226 5.68808
27227 5.68808
27228 5.68808
27229 5.68808
27230 5.68808
27231 5.68808
27232 5.68808
27233 5.68808
27234 5.68808
27235 5.68808
27236 5.68808
27237 5.68808
27238 5.68808
27239 5.68808
27240 5.68808
27241 5.68808
27242 5.68808
27243 5.68808
27244 5.68808
27245 5.68808
27246 5.68808
27247 5.68808
27248 5.68808
27249 5.68808
27250 5.68808
27251 4.27116
27252 4.27116
27253 4.27116
27254 4.27116
27255 4.27116
27256 4.27116
27257 4.27116
27258 4.27116
27259 4.27116
27260 4.27116
27261 4.27116
27262 4.27116
27263 4.27116
27264 4.27116
27265 4.27116
27266 4.27116
27267 4.27116
27268 4.27116
27269 4.27116
27270 4.27116
27271 4.27116
27272 4.27116
27273 4.27116
27274 4.27116
27275 4.27116
27276 4.27116
27277 4.27116
27278 4.27116
27279 4.27116
27280 4.27116
27281 4.27116
27282 4.27116
27283 4.27116
27284 4.27116
27285 4.27116
27286 4.27116
27287 4.27116
27288 4.27116
27289 4.27116
27290 4.27116
27291 4.27116
27292 4.27116
27293 4.27116
27294 4.27116
27295 4.27116
27296 4.27116
27297 4.27116
27298 4.27116
27299 4.27116
27300 4.27116
27301 2.78594
27302 2.78594
27303 2.78594
27304 2.78594
27305 2.78594
27306 2.78594
27307 2.78594
27308 2.78594
27309 2.78594
27310 2.78594
27311 2.78594
27312 2.78594
27313 2.78594
27314 2.78594
27315 2.78594
27316 2.78594
27317 2.78594
27318 2.78594
27319 2.78594
27320 2.78594
27321 2.78594
27322 2.78594
27323 2.78594
27324 2.78594
27325 2.78594
27326 2.78594
27327 2.78594
27328 2.78594
27329 2.78594
27330 2.78594
27331 2.78594
27332 2.78594
27333 2.78594
27334 2.78594
27335 2.78594
27336 2.78594
27337 2.78594
27338 2.78594
27339 2.78594
27340 2.78594
27341 2.78594
27342 2.78594
27343 2.78594
27344 2.78594
27345 2.78594
27346 2.78594
27347 2.78594
27348 2.78594
27349 2.78594
27350 2.78594
27351 5.46636
27352 5.46636
27353 5.46636
27354 5.46636
27355 5.46636
27356 5.46636
27357 5.46636
27358 5.46636
27359 5.46636
27360 5.46636
27361 5.46636
27362 5.46636
27363 5.46636
27364 5.46636
27365 5.46636
27366 5.46636
27367 5.46636
27368 5.46636
27369 5.46636
27370 5.46636
27371 5.46636
27372 5.46636
27373 5.46636
27374 5.46636
27375 5.46636
27376 5.46636
27377 5.46636
27378 5.46636
27379 5.46636
27380 5.46636
27381 5.46636
27382 5.46636
27383 5.46636
27384 5.46636
27385 5.46636
27386 5.46636
27387 5.46636
27388 5.46636
27389 5.46636
27390 5.46636
27391 5.46636
27392 5.46636
27393 5.46636
27394 5.46636
27395 5.46636
27396 5.46636
27397 5.46636
27398 5.46636
27399 5.46636
27400 5.46636
27401 2.01019
27402 2.01019
27403 2.01019
27404 2.01019
27405 2.01019
27406 2.01019
27407 2.01019
27408 2.01019
27409 2.01019
27410 2.01019
27411 2.01019
27412 2.01019
27413 2.01019
27414 2.01019
27415 2.01019
27416 2.01019
27417 2.01019
27418 2.01019
27419 2.01019
27420 2.01019
27421 2.01019
27422 2.01019
27423 2.01019
27424 2.01019
27425 2.01019
27426 2.01019
27427 2.01019
27428 2.01019
27429 2.01019
27430 2.01019
27431 2.01019
27432 2.01019
27433 2.01019
27434 2.01019
27435 2.01019
27436 2.01019
27437 2.01019
27438 2.01019
27439 2.01019
27440 2.01019
27441 2.01019
27442 2.01019
27443 2.01019
27444 2.01019
27445 2.01019
27446 2.01019
27447 2.01019
27448 2.01019
27449 2.01019
27450 2.01019
27451 5.20701
27452 5.20701
27453 5.20701
27454 5.20701
27455 5.20701
27456 5.20701
27457 5.20701
27458 5.20701
27459 5.20701
27460 5.20701
27461 5.20701
27462 5.20701
27463 5.20701
27464 5.20701
27465 5.20701
27466 5.20701
27467 5.20701
27468 5.20701
27469 5.20701
27470 5.20701
27471 5.20701
27472 5.20701
27473 5.20701
27474 5.20701
27475 5.20701
27476 5.20701
27477 5.20701
27478 5.20701
27479 5.20701
27480 5.20701
27481 5.20701
27482 5.20701
27483 5.20701
27484 5.20701
27485 5.20701
27486 5.20701
27487 5.20701
27488 5.20701
27489 5.20701
27490 5.20701
27491 5.20701
27492 5.20701
27493 5.20701
27494 5.20701
27495 5.20701
27496 5.20701
27497 5.20701
27498 5.20701
27499 5.20701
27500 5.20701
27501 0.502243
27502 0.502243
27503 0.502243
27504 0.502243
27505 0.502243
27506 0.502243
27507 0.502243
27508 0.502243
27509 0.502243
27510 0.502243
27511 0.502243
27512 0.502243
27513 0.502243
27514 0.502243
27515 0.502243
27516 0.502243
27517 0.502243
27518 0.502243
27519 0.502243
27520 0.502243
27521 0.502243
27522 0.502243
27523 0.502243
27524 0.502243
27525 0.502243
27526 0.502243
27527 0.502243
27528 0.502243
27529 0.502243
27530 0.502243
27531 0.502243
27532 0.502243
27533 0.502243
27534 0.502243
27535 0.502243
27536 0.502243
27537 0.502243
27538 0.502243
27539 0.502243
27540 0.502243
27541 0.502243
27542 0.502243
27543 0.502243
27544 0.502243
27545 0.502243
27546 0.502243
27547 0.502243
27548 0.502243
27549 0.502243
27550 0.502243
27551 3.14426
27552 3.14426
27553 3.14426
27554 3.14426
27555 3.14426
27556 3.14426
27557 3.14426
27558 3.14426
27559 3.14426
27560 3.14426
27561 3.14426
27562 3.14426
27563 3.14426
27564 3.14426
27565 3.14426
27566 3.14426
27567 3.14426
27568 3.14426
27569 3.14426
27570 3.14426
27571 3.14426
27572 3.14426
27573 3.14426
27574 3.14426
27575 3.14426
27576 3.14426
27577 3.14426
27578 3.14426
27579 3.14426
27580 3.14426
27581 3.14426
27582 3.14426
27583 3.14426
27584 3.14426
27585 3.14426
27586 3.14426
27587 3.14426
27588 3.14426
27589 3.14426
27590 3.14426
27591 3.14426
27592 3.14426
27593 3.14426
27594 3.14426
27595 3.14426
27596 3.14426
27597 3.14426
27598 3.14426
27599 3.14426
27600 3.14426
27601 1.96609
27602 1.96609
27603 1.96609
27604 1.96609
27605 1.96609
27606 1.96609
27607 1.96609
27608 1.96609
27609 1.96609
27610 1.96609
27611 1.96609
27612 1.96609
27613 1.96609
27614 1.96609
27615 1.96609
27616 1.96609
27617 1.96609
27618 1.96609
27619 1.96609
27620 1.96609
27621 1.96609
27622 1.96609
27623 1.96609
27624 1.96609
27625 1.96609
27626 1.96609
27627 1.96609
27628 1.96609
27629 1.96609
27630 1.96609
27631 1.96609
27632 1.96609
27633 1.96609
27634 1.96609
27635 1.96609
27636 1.96609
27637 1.96609
27638 1.96609
27639 1.96609
27640 1.96609
27641 1.96609
27642 1.96609
27643 1.96609
27644 1.96609
27645 1.96609
27646 1.96609
27647 1.96609
27648 1.96609
27649 1.96609
27650 1.96609
27651 6.07393
27652 6.07393
27653 6.07393
27654 6.07393
27655 6.07393
27656 6.07393
27657 6.07393
27658 6.07393
27659 6.07393
27660 6.07393
27661 6.07393
27662 6.07393
27663 6.07393
27664 6.07393
27665 6.07393
27666 6.07393
27667 6.07393
27668 6.07393
27669 6.07393
27670 6.07393
27671 6.07393
27672 6.07393
27673 6.07393
27674 6.07393
27675 6.07393
27676 6.07393
27677 6.07393
27678 6.07393
27679 6.07393
27680 6.07393
27681 6.07393
27682 6.07393
27683 6.07393
27684 6.07393
27685 6.07393
27686 6.07393
27687 6.07393
27688 6.07393
27689 6.07393
27690 6.07393
27691 6.07393
27692 6.07393
27693 6.07393
27694 6.07393
27695 6.07393
27696 6.07393
27697 6.07393
27698 6.07393
27699 6.07393
27700 6.07393
27701 4.91228
27702 4.91228
27703 4.91228
27704 4.91228
27705 4.91228
27706 4.91228
27707 4.91228
27708 4.91228
27709 4.91228
27710 4.91228
27711 4.91228
27712 4.91228
27713 4.91228
27714 4.91228
27715 4.91228
27716 4.91228
27717 4.91228
27718 4.91228
27719 4.91228
27720 4.91228
27721 4.91228
27722 4.91228
27723 4.91228
27724 4.91228
27725 4.91228
27726 4.91228
27727 4.91228
27728 4.91228
27729 4.91228
27730 4.91228
27731 4.91228
27732 4.91228
27733 4.91228
27734 4.91228
27735 4.91228
27736 4.91228
27737 4.91228
27738 4.91228
27739 4.91228
27740 4.91228
27741 4.91228
27742 4.91228
27743 4.91228
27744 4.91228
27745 4.91228
27746 4.91228
27747 4.91228
27748 4.91228
27749 4.91228
27750 4.91228
27751 5.70433
27752 5.70433
27753 5.70433
27754 5.70433
27755 5.70433
27756 5.70433
27757 5.70433
27758 5.70433
27759 5.70433
27760 5.70433
27761 5.70433
27762 5.70433
27763 5.70433
27764 5.70433
27765 5.70433
27766 5.70433
27767 5.70433
27768 5.70433
27769 5.70433
27770 5.70433
27771 5.70433
27772 5.70433
27773 5.70433
27774 5.70433
27775 5.70433
27776 5.70433
27777 5.70433
27778 5.70433
27779 5.70433
27780 5.70433
27781 5.70433
27782 5.70433
27783 5.70433
27784 5.70433
27785 5.70433
27786 5.70433
27787 5.70433
27788 5.70433
27789 5.70433
27790 5.70433
27791 5.70433
27792 5.70433
27793 5.70433
27794 5.70433
27795 5.70433
27796 5.70433
27797 5.70433
27798 5.70433
27799 5.70433
27800 5.70433
27801 3.4428
27802 3.4428
27803 3.4428
27804 3.4428
27805 3.4428
27806 3.4428
27807 3.4428
27808 3.4428
27809 3.4428
27810 3.4428
27811 3.4428
27812 3.4428
27813 3.4428
27814 3.4428
27815 3.4428
27816 3.4428
27817 3.4428
27818 3.4428
27819 3.4428
27820 3.4428
27821 3.4428
27822 3.4428
27823 3.4428
27824 3.4428
27825 3.4428
27826 3.4428
27827 3.4428
27828 3.4428
27829 3.4428
27830 3.4428
27831 3.4428
27832 3.4428
27833 3.4428
27834 3.4428
27835 3.4428
27836 3.4428
27837 3.4428
27838 3.4428
27839 3.4428
27840 3.4428
27841 3.4428
27842 3.4428
27843 3.4428
27844 3.4428
27845 3.4428
27846 3.4428
27847 3.4428
27848 3.4428
27849 3.4428
27850 3.4428
27851 1.44022
27852 1.44022
27853 1.44022
27854 1.44022
27855 1.44022
27856 1.44022
27857 1.44022
27858 1.44022
27859 1.44022
27860 1.44022
27861 1.44022
27862 1.44022
27863 1.44022
27864 1.44022
27865 1.44022
27866 1.44022
27867 1.44022
27868 1.44022
27869 1.44022
27870 1.44022
27871 1.44022
27872 1.44022
27873 1.44022
27874 1.44022
27875 1.44022
27876 1.44022
27877 1.44022
27878 1.44022
27879 1.44022
27880 1.44022
27881 1.44022
27882 1.44022
27883 1.44022
27884 1.44022
27885 1.44022
27886 1.44022
27887 1.44022
27888 1.44022
27889 1.44022
27890 1.44022
27891 1.44022
27892 1.44022
27893 1.44022
27894 1.44022
27895 1.44022
27896 1.44022
27897 1.44022
27898 1.44022
27899 1.44022
27900 1.44022
27901 6.11388
27902 6.11388
27903 6.11388
27904 6.11388
27905 6.11388
27906 6.11388
27907 6.11388
27908 6.11388
27909 6.11388
27910 6.11388
27911 6.11388
27912 6.11388
27913 6.11388
27914 6.11388
27915 6.11388
27916 6.11388
27917 6.11388
27918 6.11388
27919 6.11388
27920 6.11388
27921 6.11388
27922 6.11388
27923 6.11388
27924 6.11388
27925 6.11388
27926 6.11388
27927 6.11388
27928 6.11388
27929 6.11388
27930 6.11388
27931 6.11388
27932 6.11388
27933 6.11388
27934 6.11388
27935 6.11388
27936 6.11388
27937 6.11388
27938 6.11388
27939 6.11388
27940 6.11388
27941 6.11388
27942 6.11388
27943 6.11388
27944 6.11388
27945 6.11388
27946 6.11388
27947 6.11388
27948 6.11388
27949 6.11388
27950 6.11388
27951 4.01686
27952 4.01686
27953 4.01686
27954 4.01686
27955 4.01686
27956 4.01686
27957 4.01686
27958 4.01686
27959 4.01686
27960 4.01686
27961 4.01686
27962 4.01686
27963 4.01686
27964 4.01686
27965 4.01686
27966 4.01686
27967 4.01686
27968 4.01686
27969 4.01686
27970 4.01686
27971 4.01686
27972 4.01686
27973 4.01686
27974 4.01686
27975 4.01686
27976 4.01686
27977 4.01686
27978 4.01686
27979 4.01686
27980 4.01686
27981 4.01686
27982 4.01686
27983 4.01686
27984 4.01686
27985 4.01686
27986 4.01686
27987 4.01686
27988 4.01686
27989 4.01686
27990 4.01686
27991 4.01686
27992 4.01686
27993 4.01686
27994 4.01686
27995 4.01686
27996 4.01686
27997 4.01686
27998 4.01686
27999 4.01686
28000 4.01686
28001 0.113465
28002 0.113465
28003 0.113465
28004 0.113465
28005 0.113465
28006 0.113465
28007 0.113465
28008 0.113465
28009 0.113465
28010 0.113465
28011 0.113465
28012 0.113465
28013 0.113465
28014 0.113465
28015 0.113465
28016 0.113465
28017 0.113465
28018 0.113465
28019 0.113465
28020 0.113465
28021 0.113465
28022 0.113465
28023 0.113465
28024 0.113465
28025 0.113465
28026 0.113465
28027 0.113465
28028 0.113465
28029 0.113465
28030 0.113465
28031 0.113465
28032 0.113465
28033 0.113465
28034 0.113465
28035 0.113465
28036 0.113465
28037 0.113465
28038 0.113465
28039 0.113465
28040 0.113465
28041 0.113465
28042 0.113465
28043 0.113465
28044 0.113465
28045 0.113465
28046 0.113465
28047 0.113465
28048 0.113465
28049 0.113465
28050 0.113465
28051 3.72088
28052 3.72088
28053 3.72088
28054 3.72088
28055 3.72088
28056 3.72088
28057 3.72088
28058 3.72088
28059 3.72088
28060 3.72088
28061 3.72088
28062 3.72088
28063 3.72088
28064 3.72088
28065 3.72088
28066 3.72088
28067 3.72088
28068 3.72088
28069 3.72088
28070 3.72088
28071 3.72088
28072 3.72088
28073 3.72088
28074 3.72088
28075 3.72088
28076 3.72088
28077 3.72088
28078 3.72088
28079 3.72088
28080 3.72088
28081 3.72088
28082 3.72088
28083 3.72088
28084 3.72088
28085 3.72088
28086 3.72088
28087 3.72088
28088 3.72088
28089 3.72088
28090 3.72088
28091 3.72088
28092 3.72088
28093 3.72088
28094 3.72088
28095 3.72088
28096 3.72088
28097 3.72088
28098 3.72088
28099 3.72088
28100 3.72088
28101 0.322575
28102 0.322575
28103 0.322575
28104 0.322575
28105 0.322575
28106 0.322575
28107 0.322575
28108 0.322575
28109 0.322575
28110 0.322575
28111 0.322575
28112 0.322575
28113 0.322575
28114 0.322575
28115 0.322575
28116 0.322575
28117 0.322575
28118 0.322575
28119 0.322575
28120 0.322575
28121 0.322575
28122 0.322575
28123 0.322575
28124 0.322575
28125 0.322575
28126 0.322575
28127 0.322575
28128 0.322575
28129 0.322575
28130 0.322575
28131 0.322575
28132 0.322575
28133 0.322575
28134 0.322575
28135 0.322575
28136 0.322575
28137 0.322575
28138 0.322575
28139 0.322575
28140 0.322575
28141 0.322575
28142 0.322575
28143 0.322575
28144 0.322575
28145 0.322575
28146 0.322575
28147 0.322575
28148 0.322575
28149 0.322575
28150 0.322575
28151 6.07893
28152 6.07893
28153 6.07893
28154 6.07893
28155 6.07893
28156 6.07893
28157 6.07893
28158 6.07893
28159 6.07893
28160 6.07893
28161 6.07893
28162 6.07893
28163 6.07893
28164 6.07893
28165 6.07893
28166 6.07893
28167 6.07893
28168 6.07893
28169 6.07893
28170 6.07893
28171 6.07893
28172 6.07893
28173 6.07893
28174 6.07893
28175 6.07893
28176 6.07893
28177 6.07893
28178 6.07893
28179 6.07893
28180 6.07893
28181 6.07893
28182 6.07893
28183 6.07893
28184 6.07893
28185 6.07893
28186 6.07893
28187 6.07893
28188 6.07893
28189 6.07893
28190 6.07893
28191 6.07893
28192 6.07893
28193 6.07893
28194 6.07893
28195 6.07893
28196 6.07893
28197 6.07893
28198 6.07893
28199 6.07893
28200 6.07893
28201 6.27111
28202 6.27111
28203 6.27111
28204 6.27111
28205 6.27111
28206 6.27111
28207 6.27111
28208 6.27111
28209 6.27111
28210 6.27111
28211 6.27111
28212 6.27111
28213 6.27111
28214 6.27111
28215 6.27111
28216 6.27111
28217 6.27111
28218 6.27111
28219 6.27111
28220 6.27111
28221 6.27111
28222 6.27111
28223 6.27111
28224 6.27111
28225 6.27111
28226 6.27111
28227 6.27111
28228 6.27111
28229 6.27111
28230 6.27111
28231 6.27111
28232 6.27111
28233 6.27111
28234 6.27111
28235 6.27111
28236 6.27111
28237 6.27111
28238 6.27111
28239 6.27111
28240 6.27111
28241 6.27111
28242 6.27111
28243 6.27111
28244 6.27111
28245 6.27111
28246 6.27111
28247 6.27111
28248 6.27111
28249 6.27111
28250 6.27111
28251 1.29501
28252 1.29501
28253 1.29501
28254 1.29501
28255 1.29501
28256 1.29501
28257 1.29501
28258 1.29501
28259 1.29501
28260 1.29501
28261 1.29501
28262 1.29501
28263 1.29501
28264 1.29501
28265 1.29501
28266 1.29501
28267 1.29501
28268 1.29501
28269 1.29501
28270 1.29501
28271 1.29501
28272 1.29501
28273 1.29501
28274 1.29501
28275 1.29501
28276 1.29501
28277 1.29501
28278 1.29501
28279 1.29501
28280 1.29501
28281 1.29501
28282 1.29501
28283 1.29501
28284 1.29501
28285 1.29501
28286 1.29501
28287 1.29501
28288 1.29501
28289 1.29501
28290 1.29501
28291 1.29501
28292 1.29501
28293 1.29501
28294 1.29501
28295 1.29501
28296 1.29501
28297 1.29501
28298 1.29501
28299 1.29501
28300 1.29501
28301 5.7839
28302 5.7839
28303 5.7839
28304 5.7839
28305 5.7839
28306 5.7839
28307 5.7839
28308 5.7839
28309 5.7839
28310 5.7839
28311 5.7839
28312 5.7839
28313 5.7839
28314 5.7839
28315 5.7839
28316 5.7839
28317 5.7839
28318 5.7839
28319 5.7839
28320 5.7839
28321 5.7839
28322 5.7839
28323 5.7839
28324 5.7839
28325 5.7839
28326 5.7839
28327 5.7839
28328 5.7839
28329 5.7839
28330 5.7839
28331 5.7839
28332 5.7839
28333 5.7839
28334 5.7839
28335 5.7839
28336 5.7839
28337 5.7839
28338 5.7839
28339 5.7839
28340 5.7839
28341 5.7839
28342 5.7839
28343 5.7839
28344 5.7839
28345 5.7839
28346 5.7839
28347 5.7839
28348 5.7839
28349 5.7839
28350 5.7839
28351 1.46377
28352 1.46377
28353 1.46377
28354 1.46377
28355 1.46377
28356 1.46377
28357 1.46377
28358 1.46377
28359 1.46377
28360 1.46377
28361 1.46377
28362 1.46377
28363 1.46377
28364 1.46377
28365 1.46377
28366 1.46377
28367 1.46377
28368 1.46377
28369 1.46377
28370 1.46377
28371 1.46377
28372 1.46377
28373 1.46377
28374 1.46377
28375 1.46377
28376 1.46377
28377 1.46377
28378 1.46377
28379 1.46377
28380 1.46377
28381 1.46377
28382 1.46377
28383 1.46377
28384 1.46377
28385 1.46377
28386 1.46377
28387 1.46377
28388 1.46377
28389 1.46377
28390 1.46377
28391 1.46377
28392 1.46377
28393 1.46377
28394 1.46377
28395 1.46377
28396 1.46377
28397 1.46377
28398 1.46377
28399 1.46377
28400 1.46377
28401 3.5982
28402 3.5982
28403 3.5982
28404 3.5982
28405 3.5982
28406 3.5982
28407 3.5982
28408 3.5982
28409 3.5982
28410 3.5982
28411 3.5982
28412 3.5982
28413 3.5982
28414 3.5982
28415 3.5982
28416 3.5982
28417 3.5982
28418 3.5982
28419 3.5982
28420 3.5982
28421 3.5982
28422 3.5982
28423 3.5982
28424 3.5982
28425 3.5982
28426 3.5982
28427 3.5982
28428 3.5982
28429 3.5982
28430 3.5982
28431 3.5982
28432 3.5982
28433 3.5982
28434 3.5982
28435 3.5982
28436 3.5982
28437 3.5982
28438 3.5982
28439 3.5982
28440 3.5982
28441 3.5982
28442 3.5982
28443 3.5982
28444 3.5982
28445 3.5982
28446 3.5982
28447 3.5982
28448 3.5982
28449 3.5982
28450 3.5982
28451 0.865983
28452 0.865983
28453 0.865983
28454 0.865983
28455 0.865983
28456 0.865983
28457 0.865983
28458 0.865983
28459 0.865983
28460 0.865983
28461 0.865983
28462 0.865983
28463 0.865983
28464 0.865983
28465 0.865983
28466 0.865983
28467 0.865983
28468 0.865983
28469 0.865983
28470 0.865983
28471 0.865983
28472 0.865983
28473 0.865983
28474 0.865983
28475 0.865983
28476 0.865983
28477 0.865983
28478 0.865983
28479 0.865983
28480 0.865983
28481 0.865983
28482 0.865983
28483 0.865983
28484 0.865983
28485 0.865983
28486 0.865983
28487 0.865983
28488 0.865983
28489 0.865983
28490 0.865983
28491 0.865983
28492 0.865983
28493 0.865983
28494 0.865983
28495 0.865983
28496 0.865983
28497 0.865983
28498 0.865983
28499 0.865983
28500 0.865983
28501 0.829782
28502 0.829782
28503 0.829782
28504 0.829782
28505 0.829782
28506 0.829782
28507 0.829782
28508 0.829782
28509 0.829782
28510 0.829782
28511 0.829782
28512 0.829782
28513 0.829782
28514 0.829782
28515 0.829782
28516 0.829782
28517 0.829782
28518 0.829782
28519 0.829782
28520 0.829782
28521 0.829782
28522 0.829782
28523 0.829782
28524 0.829782
28525 0.829782
28526 0.829782
28527 0.829782
28528 0.829782
28529 0.829782
28530 0.829782
28531 0.829782
28532 0.829782
28533 0.829782
28534 0.829782
28535 0.829782
28536 0.829782
28537 0.829782
28538 0.829782
28539 0.829782
28540 0.829782
28541 0.829782
28542 0.829782
28543 0.829782
28544 0.829782
28545 0.829782
28546 0.829782
28547 0.829782
28548 0.829782
28549 0.829782
28550 0.829782
28551 3.01864
28552 3.01864
28553 3.01864
28554 3.01864
28555 3.01864
28556 3.01864
28557 3.01864
28558 3.01864
28559 3.01864
28560 3.01864
28561 3.01864
28562 3.01864
28563 3.01864
28564 3.01864
28565 3.01864
28566 3.01864
28567 3.01864
28568 3.01864
28569 3.01864
28570 3.01864
28571 3.01864
28572 3.01864
28573 3.01864
28574 3.01864
28575 3.01864
28576 3.01864
28577 3.01864
28578 3.01864
28579 3.01864
28580 3.01864
28581 3.01864
28582 3.01864
28583 3.01864
28584 3.01864
28585 3.01864
28586 3.01864
28587 3.01864
28588 3.01864
28589 3.01864
28590 3.01864
28591 3.01864
28592 3.01864
28593 3.01864
28594 3.01864
28595 3.01864
28596 3.01864
28597 3.01864
28598 3.01864
28599 3.01864
28600 3.01864
28601 0.605361
28602 0.605361
28603 0.605361
28604 0.605361
28605 0.605361
28606 0.605361
28607 0.605361
28608 0.605361
28609 0.605361
28610 0.605361
28611 0.605361
28612 0.605361
28613 0.605361
28614 0.605361
28615 0.605361
28616 0.605361
28617 0.605361
28618 0.605361
28619 0.605361
28620 0.605361
28621 0.605361
28622 0.605361
28623 0.605361
28624 0.605361
28625 0.605361
28626 0.605361
28627 0.605361
28628 0.605361
28629 0.605361
28630 0.605361
28631 0.605361
28632 0.605361
28633 0.605361
28634 0.605361
28635 0.605361
28636 0.605361
28637 0.605361
28638 0.605361
28639 0.605361
28640 0.605361
28641 0.605361
28642 0.605361
28643 0.605361
28644 0.605361
28645 0.605361
28646 0.605361
28647 0.605361
28648 0.605361
28649 0.605361
28650 0.605361
28651 1.59444
28652 1.59444
28653 1.59444
28654 1.59444
28655 1.59444
28656 1.59444
28657 1.59444
28658 1.59444
28659 1.59444
28660 1.59444
28661 1.59444
28662 1.59444
28663 1.59444
28664 1.59444
28665 1.59444
28666 1.59444
28667 1.59444
28668 1.59444
28669 1.59444
28670 1.59444
28671 1.59444
28672 1.59444
28673 1.59444
28674 1.59444
28675 1.59444
28676 1.59444
28677 1.59444
28678 1.59444
28679 1.59444
28680 1.59444
28681 1.59444
28682 1.59444
28683 1.59444
28684 1.59444
28685 1.59444
28686 1.59444
28687 1.59444
28688 1.59444
28689 1.59444
28690 1.59444
28691 1.59444
28692 1.59444
28693 1.59444
28694 1.59444
28695 1.59444
28696 1.59444
28697 1.59444
28698 1.59444
28699 1.59444
28700 1.59444
28701 5.58949
28702 5.58949
28703 5.58949
28704 5.58949
28705 5.58949
28706 5.58949
28707 5.58949
28708 5.58949
28709 5.58949
28710 5.58949
28711 5.58949
28712 5.58949
28713 5.58949
28714 5.58949
28715 5.58949
28716 5.58949
28717 5.58949
28718 5.58949
28719 5.58949
28720 5.58949
28721 5.58949
28722 5.58949
28723 5.58949
28724 5.58949
28725 5.58949
28726 5.58949
28727 5.58949
28728 5.58949
28729 5.58949
28730 5.58949
28731 5.58949
28732 5.58949
28733 5.58949
28734 5.58949
28735 5.58949
28736 5.58949
28737 5.58949
28738 5.58949
28739 5.58949
28740 5.58949
28741 5.58949
28742 5.58949
28743 5.58949
28744 5.58949
28745 5.58949
28746 5.58949
28747 5.58949
28748 5.58949
28749 5.58949
28750 5.58949
28751 3.8408
28752 3.8408
28753 3.8408
28754 3.8408
28755 3.8408
28756 3.8408
28757 3.8408
28758 3.8408
28759 3.8408
28760 3.8408
28761 3.8408
28762 3.8408
28763 3.8408
28764 3.8408
28765 3.8408
28766 3.8408
28767 3.8408
28768 3.8408
28769 3.8408
28770 3.8408
28771 3.8408
28772 3.8408
28773 3.8408
28774 3.8408
28775 3.8408
28776 3.8408
28777 3.8408
28778 3.8408
28779 3.8408
28780 3.8408
28781 3.8408
28782 3.8408
28783 3.8408
28784 3.8408
28785 3.8408
28786 3.8408
28787 3.8408
28788 3.8408
28789 3.8408
28790 3.8408
28791 3.8408
28792 3.8408
28793 3.8408
28794 3.8408
28795 3.8408
28796 3.8408
28797 3.8408
28798 3.8408
28799 3.8408
28800 3.8408
28801 0.613506
28802 0.613506
28803 0.613506
28804 0.613506
28805 0.613506
28806 0.613506
28807 0.613506
28808 0.613506
28809 0.613506
28810 0.613506
28811 0.613506
28812 0.613506
28813 0.613506
28814 0.613506
28815 0.613506
28816 0.613506
28817 0.613506
28818 0.613506
28819 0.613506
28820 0.613506
28821 0.613506
28822 0.613506
28823 0.613506
28824 0.613506
28825 0.613506
28826 0.613506
28827 0.613506
28828 0.613506
28829 0.613506
28830 0.613506
28831 0.613506
28832 0.613506
28833 0.613506
28834 0.613506
28835 0.613506
28836 0.613506
28837 0.613506
28838 0.613506
28839 0.613506
28840 0.613506
28841 0.613506
28842 0.613506
28843 0.613506
28844 0.613506
28845 0.613506
28846 0.613506
28847 0.613506
28848 0.613506
28849 0.613506
28850 0.613506
28851 1.35479
28852 1.35479
28853 1.35479
28854 1.35479
28855 1.35479
28856 1.35479
28857 1.35479
28858 1.35479
28859 1.35479
28860 1.35479
28861 1.35479
28862 1.35479
28863 1.35479
28864 1.35479
28865 1.35479
28866 1.35479
28867 1.35479
28868 1.35479
28869 1.35479
28870 1.35479
28871 1.35479
28872 1.35479
28873 1.35479
28874 1.35479
28875 1.35479
28876 1.35479
28877 1.35479
28878 1.35479
28879 1.35479
28880 1.35479
28881 1.35479
28882 1.35479
28883 1.35479
28884 1.35479
28885 1.35479
28886 1.35479
28887 1.35479
28888 1.35479
28889 1.35479
28890 1.35479
28891 1.35479
28892 1.35479
28893 1.35479
28894 1.35479
28895 1.35479
28896 1.35479
28897 1.35479
28898 1.35479
28899 1.35479
28900 1.35479
28901 0.282173
28902 0.282173
28903 0.282173
28904 0.282173
28905 0.282173
28906 0.282173
28907 0.282173
28908 0.282173
28909 0.282173
28910 0.282173
28911 0.282173
28912 0.282173
28913 0.282173
28914 0.282173
28915 0.282173
28916 0.282173
28917 0.282173
28918 0.282173
28919 0.282173
28920 0.282173
28921 0.282173
28922 0.282173
28923 0.282173
28924 0.282173
28925 0.282173
28926 0.282173
28927 0.282173
28928 0.282173
28929 0.282173
28930 0.282173
28931 0.282173
28932 0.282173
28933 0.282173
28934 0.282173
28935 0.282173
28936 0.282173
28937 0.282173
28938 0.282173
28939 0.282173
28940 0.282173
28941 0.282173
28942 0.282173
28943 0.282173
28944 0.282173
28945 0.282173
28946 0.282173
28947 0.282173
28948 0.282173
28949 0.282173
28950 0.282173
28951 4.90234
28952 4.90234
28953 4.90234
28954 4.90234
28955 4.90234
28956 4.90234
28957 4.90234
28958 4.90234
28959 4.90234
28960 4.90234
28961 4.90234
28962 4.90234
28963 4.90234
28964 4.90234
28965 4.90234
28966 4.90234
28967 4.90234
28968 4.90234
28969 4.90234
28970 4.90234
28971 4.90234
28972 4.90234
28973 4.90234
28974 4.90234
28975 4.90234
28976 4.90234
28977 4.90234
28978 4.90234
28979 4.90234
28980 4.90234
28981 4.90234
28982 4.90234
28983 4.90234
28984 4.90234
28985 4.90234
28986 4.90234
28987 4.90234
28988 4.90234
28989 4.90234
28990 4.90234
28991 4.90234
28992 4.90234
28993 4.90234
28994 4.90234
28995 4.90234
28996 4.90234
28997 4.90234
28998 4.90234
28999 4.90234
29000 4.90234
29001 3.69159
29002 3.69159
29003 3.69159
29004 3.69159
29005 3.69159
29006 3.69159
29007 3.69159
29008 3.69159
29009 3.69159
29010 3.69159
29011 3.69159
29012 3.69159
29013 3.69159
29014 3.69159
29015 3.69159
29016 3.69159
29017 3.69159
29018 3.69159
29019 3.69159
29020 3.69159
29021 3.69159
29022 3.69159
29023 3.69159
29024 3.69159
29025 3.69159
29026 3.69159
29027 3.69159
29028 3.69159
29029 3.69159
29030 3.69159
29031 3.69159
29032 3.69159
29033 3.69159
29034 3.69159
29035 3.69159
29036 3.69159
29037 3.69159
29038 3.69159
29039 3.69159
29040 3.69159
29041 3.69159
29042 3.69159
29043 3.69159
29044 3.69159
29045 3.69159
29046 3.69159
29047 3.69159
29048 3.69159
29049 3.69159
29050 3.69159
29051 1.75925
29052 1.75925
29053 1.75925
29054 1.75925
29055 1.75925
29056 1.75925
29057 1.75925
29058 1.75925
29059 1.75925
29060 1.75925
29061 1.75925
29062 1.75925
29063 1.75925
29064 1.75925
29065 1.75925
29066 1.75925
29067 1.75925
29068 1.75925
29069 1.75925
29070 1.75925
29071 1.75925
29072 1.75925
29073 1.75925
29074 1.75925
29075 1.75925
29076 1.75925
29077 1.75925
29078 1.75925
29079 1.75925
29080 1.75925
29081 1.75925
29082 1.75925
29083 1.75925
29084 1.75925
29085 1.75925
29086 1.75925
29087 1.75925
29088 1.75925
29089 1.75925
29090 1.75925
29091 1.75925
29092 1.75925
29093 1.75925
29094 1.75925
29095 1.75925
29096 1.75925
29097 1.75925
29098 1.75925
29099 1.75925
29100 1.75925
29101 6.13314
29102 6.13314
29103 6.13314
29104 6.13314
29105 6.13314
29106 6.13314
29107 6.13314
29108 6.13314
29109 6.13314
29110 6.13314
29111 6.13314
29112 6.13314
29113 6.13314
29114 6.13314
29115 6.13314
29116 6.13314
29117 6.13314
29118 6.13314
29119 6.13314
29120 6.13314
29121 6.13314
29122 6.13314
29123 6.13314
29124 6.13314
29125 6.13314
29126 6.13314
29127 6.13314
29128 6.13314
29129 6.13314
29130 6.13314
29131 6.13314
29132 6.13314
29133 6.13314
29134 6.13314
29135 6.13314
29136 6.13314
29137 6.13314
29138 6.13314
29139 6.13314
29140 6.13314
29141 6.13314
29142 6.13314
29143 6.13314
29144 6.13314
29145 6.13314
29146 6.13314
29147 6.13314
29148 6.13314
29149 6.13314
29150 6.13314
29151 2.32426
29152 2.32426
29153 2.32426
29154 2.32426
29155 2.32426
29156 2.32426
29157 2.32426
29158 2.32426
29159 2.32426
29160 2.32426
29161 2.32426
29162 2.32426
29163 2.32426
29164 2.32426
29165 2.32426
29166 2.32426
29167 2.32426
29168 2.32426
29169 2.32426
29170 2.32426
29171 2.32426
29172 2.32426
29173 2.32426
29174 2.32426
29175 2.32426
29176 2.32426
29177 2.32426
29178 2.32426
29179 2.32426
29180 2.32426
29181 2.32426
29182 2.32426
29183 2.32426
29184 2.32426
29185 2.32426
29186 2.32426
29187 2.32426
29188 2.32426
29189 2.32426
29190 2.32426
29191 2.32426
29192 2.32426
29193 2.32426
29194 2.32426
29195 2.32426
29196 2.32426
29197 2.32426
29198 2.32426
29199 2.32426
29200 2.32426
29201 1.42887
29202 1.42887
29203 1.42887
29204 1.42887
29205 1.42887
29206 1.42887
29207 1.42887
29208 1.42887
29209 1.42887
29210 1.42887
29211 1.42887
29212 1.42887
29213 1.42887
29214 1.42887
29215 1.42887
29216 1.42887
29217 1.42887
29218 1.42887
29219 1.42887
29220 1.42887
29221 1.42887
29222 1.42887
29223 1.42887
29224 1.42887
29225 1.42887
29226 1.42887
29227 1.42887
29228 1.42887
29229 1.42887
29230 1.42887
29231 1.42887
29232 1.42887
29233 1.42887
29234 1.42887
29235 1.42887
29236 1.42887
29237 1.42887
29238 1.42887
29239 1.42887
29240 1.42887
29241 1.42887
29242 1.42887
29243 1.42887
29244 1.42887
29245 1.42887
29246 1.42887
29247 1.42887
29248 1.42887
29249 1.42887
29250 1.42887
29251 1.01557
29252 1.01557
29253 1.01557
29254 1.01557
29255 1.01557
29256 1.01557
29257 1.01557
29258 1.01557
29259 1.01557
29260 1.01557
29261 1.01557
29262 1.01557
29263 1.01557
29264 1.01557
29265 1.01557
29266 1.01557
29267 1.01557
29268 1.01557
29269 1.01557
29270 1.01557
29271 1.01557
29272 1.01557
29273 1.01557
29274 1.01557
29275 1.01557
29276 1.01557
29277 1.01557
29278 1.01557
29279 1.01557
29280 1.01557
29281 1.01557
29282 1.01557
29283 1.01557
29284 1.01557
29285 1.01557
29286 1.01557
29287 1.01557
29288 1.01557
29289 1.01557
29290 1.01557
29291 1.01557
29292 1.01557
29293 1.01557
29294 1.01557
29295 1.01557
29296 1.01557
29297 1.01557
29298 1.01557
29299 1.01557
29300 1.01557
29301 2.43051
29302 2.43051
29303 2.43051
29304 2.43051
29305 2.43051
29306 2.43051
29307 2.43051
29308 2.43051
29309 2.43051
29310 2.43051
29311 2.43051
29312 2.43051
29313 2.43051
29314 2.43051
29315 2.43051
29316 2.43051
29317 2.43051
29318 2.43051
29319 2.43051
29320 2.43051
29321 2.43051
29322 2.43051
29323 2.43051
29324 2.43051
29325 2.43051
29326 2.43051
29327 2.43051
29328 2.43051
29329 2.43051
29330 2.43051
29331 2.43051
29332 2.43051
29333 2.43051
29334 2.43051
29335 2.43051
29336 2.43051
29337 2.43051
29338 2.43051
29339 2.43051
29340 2.43051
29341 2.43051
29342 2.43051
29343 2.43051
29344 2.43051
29345 2.43051
29346 2.43051
29347 2.43051
29348 2.43051
29349 2.43051
29350 2.43051
29351 5.17455
29352 5.17455
29353 5.17455
29354 5.17455
29355 5.17455
29356 5.17455
29357 5.17455
29358 5.17455
29359 5.17455
29360 5.17455
29361 5.17455
29362 5.17455
29363 5.17455
29364 5.17455
29365 5.17455
29366 5.17455
29367 5.17455
29368 5.17455
29369 5.17455
29370 5.17455
29371 5.17455
29372 5.17455
29373 5.17455
29374 5.17455
29375 5.17455
29376 5.17455
29377 5.17455
29378 5.17455
29379 5.17455
29380 5.17455
29381 5.17455
29382 5.17455
29383 5.17455
29384 5.17455
29385 5.17455
29386 5.17455
29387 5.17455
29388 5.17455
29389 5.17455
29390 5.17455
29391 5.17455
29392 5.17455
29393 5.17455
29394 5.17455
29395 5.17455
29396 5.17455
29397 5.17455
29398 5.17455
29399 5.17455
29400 5.17455
29401 6.08231
29402 6.08231
29403 6.08231
29404 6.08231
29405 6.08231
29406 6.08231
29407 6.08231
29408 6.08231
29409 6.08231
29410 6.08231
29411 6.08231
29412 6.08231
29413 6.08231
29414 6.08231
29415 6.08231
29416 6.08231
29417 6.08231
29418 6.08231
29419 6.08231
29420 6.08231
29421 6.08231
29422 6.08231
29423 6.08231
29424 6.08231
29425 6.08231
29426 6.08231
29427 6.08231
29428 6.08231
29429 6.08231
29430 6.08231
29431 6.08231
29432 6.08231
29433 6.08231
29434 6.08231
29435 6.08231
29436 6.08231
29437 6.08231
29438 6.08231
29439 6.08231
29440 6.08231
29441 6.08231
29442 6.08231
29443 6.08231
29444 6.08231
29445 6.08231
29446 6.08231
29447 6.08231
29448 6.08231
29449 6.08231
29450 6.08231
29451 1.84884
29452 1.84884
29453 1.84884
29454 1.84884
29455 1.84884
29456 1.84884
29457 1.84884
29458 1.84884
29459 1.84884
29460 1.84884
29461 1.84884
29462 1.84884
29463 1.84884
29464 1.84884
29465 1.84884
29466 1.84884
29467 1.84884
29468 1.84884
29469 1.84884
29470 1.84884
29471 1.84884
29472 1.84884
29473 1.84884
29474 1.84884
29475 1.84884
29476 1.84884
29477 1.84884
29478 1.84884
29479 1.84884
29480 1.84884
29481 1.84884
29482 1.84884
29483 1.84884
29484 1.84884
29485 1.84884
29486 1.84884
29487 1.84884
29488 1.84884
29489 1.84884
29490 1.84884
29491 1.84884
29492 1.84884
29493 1.84884
29494 1.84884
29495 1.84884
29496 1.84884
29497 1.84884
29498 1.84884
29499 1.84884
29500 1.84884
29501 4.02342
29502 4.02342
29503 4.02342
29504 4.02342
29505 4.02342
29506 4.02342
29507 4.02342
29508 4.02342
29509 4.02342
29510 4.02342
29511 4.02342
29512 4.02342
29513 4.02342
29514 4.02342
29515 4.02342
29516 4.02342
29517 4.02342
29518 4.02342
29519 4.02342
29520 4.02342
29521 4.02342
29522 4.02342
29523 4.02342
29524 4.02342
29525 4.02342
29526 4.02342
29527 4.02342
29528 4.02342
29529 4.02342
29530 4.02342
29531 4.02342
29532 4.02342
29533 4.02342
29534 4.02342
29535 4.02342
29536 4.02342
29537 4.02342
29538 4.02342
29539 4.02342
29540 4.02342
29541 4.02342
29542 4.02342
29543 4.02342
29544 4.02342
29545 4.02342
29546 4.02342
29547 4.02342
29548 4.02342
29549 4.02342
29550 4.02342
29551 1.40968
29552 1.40968
29553 1.40968
29554 1.40968
29555 1.40968
29556 1.40968
29557 1.40968
29558 1.40968
29559 1.40968
29560 1.40968
29561 1.40968
29562 1.40968
29563 1.40968
29564 1.40968
29565 1.40968
29566 1.40968
29567 1.40968
29568 1.40968
29569 1.40968
29570 1.40968
29571 1.40968
29572 1.40968
29573 1.40968
29574 1.40968
29575 1.40968
29576 1.40968
29577 1.40968
29578 1.40968
29579 1.40968
29580 1.40968
29581 1.40968
29582 1.40968
29583 1.40968
29584 1.40968
29585 1.40968
29586 1.40968
29587 1.40968
29588 1.40968
29589 1.40968
29590 1.40968
29591 1.40968
29592 1.40968
29593 1.40968
29594 1.40968
29595 1.40968
29596 1.40968
29597 1.40968
29598 1.40968
29599 1.40968
29600 1.40968
29601 4.7277
29602 4.7277
29603 4.7277
29604 4.7277
29605 4.7277
29606 4.7277
29607 4.7277
29608 4.7277
29609 4.7277
29610 4.7277
29611 4.7277
29612 4.7277
29613 4.7277
29614 4.7277
29615 4.7277
29616 4.7277
29617 4.7277
29618 4.7277
29619 4.7277
29620 4.7277
29621 4.7277
29622 4.7277
29623 4.7277
29624 4.7277
29625 4.7277
29626 4.7277
29627 4.7277
29628 4.7277
29629 4.7277
29630 4.7277
29631 4.7277
29632 4.7277
29633 4.7277
29634 4.7277
29635 4.7277
29636 4.7277
29637 4.7277
29638 4.7277
29639 4.7277
29640 4.7277
29641 4.7277
29642 4.7277
29643 4.7277
29644 4.7277
29645 4.7277
29646 4.7277
29647 4.7277
29648 4.7277
29649 4.7277
29650 4.7277
29651 0.0731735
29652 0.0731735
29653 0.0731735
29654 0.0731735
29655 0.0731735
29656 0.0731735
29657 0.0731735
29658 0.0731735
29659 0.0731735
29660 0.0731735
29661 0.0731735
29662 0.0731735
29663 0.0731735
29664 0.0731735
29665 0.0731735
29666 0.0731735
29667 0.0731735
29668 0.0731735
29669 0.0731735
29670 0.0731735
29671 0.0731735
29672 0.0731735
29673 0.0731735
29674 0.0731735
29675 0.0731735
29676 0.0731735
29677 0.0731735
29678 0.0731735
29679 0.0731735
29680 0.0731735
29681 0.0731735
29682 0.0731735
29683 0.0731735
29684 0.0731735
29685 0.0731735
29686 0.0731735
29687 0.0731735
29688 0.0731735
29689 0.0731735
29690 0.0731735
29691 0.0731735
29692 0.0731735
29693 0.0731735
29694 0.0731735
29695 0.0731735
29696 0.0731735
29697 0.0731735
29698 0.0731735
29699 0.0731735
29700 0.0731735
29701 3.80093
29702 3.80093
29703 3.80093
29704 3.80093
29705 3.80093
29706 3.80093
29707 3.80093
29708 3.80093
29709 3.80093
29710 3.80093
29711 3.80093
29712 3.80093
29713 3.80093
29714 3.80093
29715 3.80093
29716 3.80093
29717 3.80093
29718 3.80093
29719 3.80093
29720 3.80093
29721 3.80093
29722 3.80093
29723 3.80093
29724 3.80093
29725 3.80093
29726 3.80093
29727 3.80093
29728 3.80093
29729 3.80093
29730 3.80093
29731 3.80093
29732 3.80093
29733 3.80093
29734 3.80093
29735 3.80093
29736 3.80093
29737 3.80093
29738 3.80093
29739 3.80093
29740 3.80093
29741 3.80093
29742 3.80093
29743 3.80093
29744 3.80093
29745 3.80093
29746 3.80093
29747 3.80093
29748 3.80093
29749 3.80093
29750 3.80093
29751 4.07668
29752 4.07668
29753 4.07668
29754 4.07668
29755 4.07668
29756 4.07668
29757 4.07668
29758 4.07668
29759 4.07668
29760 4.07668
29761 4.07668
29762 4.07668
29763 4.07668
29764 4.07668
29765 4.07668
29766 4.07668
29767 4.07668
29768 4.07668
29769 4.07668
29770 4.07668
29771 4.07668
29772 4.07668
29773 4.07668
29774 4.07668
29775 4.07668
29776 4.07668
29777 4.07668
29778 4.07668
29779 4.07668
29780 4.07668
29781 4.07668
29782 4.07668
29783 4.07668
29784 4.07668
29785 4.07668
29786 4.07668
29787 4.07668
29788 4.07668
29789 4.07668
29790 4.07668
29791 4.07668
29792 4.07668
29793 4.07668
29794 4.07668
29795 4.07668
29796 4.07668
29797 4.07668
29798 4.07668
29799 4.07668
29800 4.07668
29801 4.77567
29802 4.77567
29803 4.77567
29804 4.77567
29805 4.77567
29806 4.77567
29807 4.77567
29808 4.77567
29809 4.77567
29810 4.77567
29811 4.77567
29812 4.77567
29813 4.77567
29814 4.77567
29815 4.77567
29816 4.77567
29817 4.77567
29818 4.77567
29819 4.77567
29820 4.77567
29821 4.77567
29822 4.77567
29823 4.77567
29824 4.77567
29825 4.77567
29826 4.77567
29827 4.77567
29828 4.77567
29829 4.77567
29830 4.77567
29831 4.77567
29832 4.77567
29833 4.77567
29834 4.77567
29835 4.77567
29836 4.77567
29837 4.77567
29838 4.77567
29839 4.77567
29840 4.77567
29841 4.77567
29842 4.77567
29843 4.77567
29844 4.77567
29845 4.77567
29846 4.77567
29847 4.77567
29848 4.77567
29849 4.77567
29850 4.77567
29851 4.4536
29852 4.4536
29853 4.4536
29854 4.4536
29855 4.4536
29856 4.4536
29857 4.4536
29858 4.4536
29859 4.4536
29860 4.4536
29861 4.4536
29862 4.4536
29863 4.4536
29864 4.4536
29865 4.4536
29866 4.4536
29867 4.4536
29868 4.4536
29869 4.4536
29870 4.4536
29871 4.4536
29872 4.4536
29873 4.4536
29874 4.4536
29875 4.4536
29876 4.4536
29877 4.4536
29878 4.4536
29879 4.4536
29880 4.4536
29881 4.4536
29882 4.4536
29883 4.4536
29884 4.4536
29885 4.4536
29886 4.4536
29887 4.4536
29888 4.4536
29889 4.4536
29890 4.4536
29891 4.4536
29892 4.4536
29893 4.4536
29894 4.4536
29895 4.4536
29896 4.4536
29897 4.4536
29898 4.4536
29899 4.4536
29900 4.4536
29901 3.41496
29902 3.41496
29903 3.41496
29904 3.41496
29905 3.41496
29906 3.41496
29907 3.41496
29908 3.41496
29909 3.41496
29910 3.41496
29911 3.41496
29912 3.41496
29913 3.41496
29914 3.41496
29915 3.41496
29916 3.41496
29917 3.41496
29918 3.41496
29919 3.41496
29920 3.41496
29921 3.41496
29922 3.41496
29923 3.41496
29924 3.41496
29925 3.41496
29926 3.41496
29927 3.41496
29928 3.41496
29929 3.41496
29930 3.41496
29931 3.41496
29932 3.41496
29933 3.41496
29934 3.41496
29935 3.41496
29936 3.41496
29937 3.41496
29938 3.41496
29939 3.41496
29940 3.41496
29941 3.41496
29942 3.41496
29943 3.41496
29944 3.41496
29945 3.41496
29946 3.41496
29947 3.41496
29948 3.41496
29949 3.41496
29950 3.41496
29951 5.87597
29952 5.87597
29953 5.87597
29954 5.87597
29955 5.87597
29956 5.87597
29957 5.87597
29958 5.87597
29959 5.87597
29960 5.87597
29961 5.87597
29962 5.87597
29963 5.87597
29964 5.87597
29965 5.87597
29966 5.87597
29967 5.87597
29968 5.87597
29969 5.87597
29970 5.87597
29971 5.87597
29972 5.87597
29973 5.87597
29974 5.87597
29975 5.87597
29976 5.87597
29977 5.87597
29978 5.87597
29979 5.87597
29980 5.87597
29981 5.87597
29982 5.87597
29983 5.87597
29984 5.87597
29985 5.87597
29986 5.87597
29987 5.87597
29988 5.87597
29989 5.87597
29990 5.87597
29991 5.87597
29992 5.87597
29993 5.87597
29994 5.87597
29995 5.87597
29996 5.87597
29997 5.87597
29998 5.87597
29999 5.87597
30000 5.87597
30001 3.73144
30002 3.73144
30003 3.73144
30004 3.73144
30005 3.73144
30006 3.73144
30007 3.73144
30008 3.73144
30009 3.73144
30010 3.73144
30011 3.73144
30012 3.73144
30013 3.73144
30014 3.73144
30015 3.73144
30016 3.73144
30017 3.73144
30018 3.73144
30019 3.73144
30020 3.73144
30021 3.73144
30022 3.73144
30023 3.73144
30024 3.73144
30025 3.73144
30026 3.73144
30027 3.73144
30028 3.73144
30029 3.73144
30030 3.73144
30031 3.73144
30032 3.73144
30033 3.73144
30034 3.73144
30035 3.73144
30036 3.73144
30037 3.73144
30038 3.73144
30039 3.73144
30040 3.73144
30041 3.73144
30042 3.73144
30043 3.73144
30044 3.73144
30045 3.73144
30046 3.73144
30047 3.73144
30048 3.73144
30049 3.73144
30050 3.73144
30051 0.546489
30052 0.546489
30053 0.546489
30054 0.546489
30055 0.546489
30056 0.546489
30057 0.546489
30058 0.546489
30059 0.546489
30060 0.546489
30061 0.546489
30062 0.546489
30063 0.546489
30064 0.546489
30065 0.546489
30066 0.546489
30067 0.546489
30068 0.546489
30069 0.546489
30070 0.546489
30071 0.546489
30072 0.546489
30073 0.546489
30074 0.546489
30075 0.546489
30076 0.546489
30077 0.546489
30078 0.546489
30079 0.546489
30080 0.546489
30081 0.546489
30082 0.546489
30083 0.546489
30084 0.546489
30085 0.546489
30086 0.546489
30087 0.546489
30088 0.546489
30089 0.546489
30090 0.546489
30091 0.546489
30092 0.546489
30093 0.546489
30094 0.546489
30095 0.546489
30096 0.546489
30097 0.546489
30098 0.546489
30099 0.546489
30100 0.546489
30101 3.99858
30102 3.99858
30103 3.99858
30104 3.99858
30105 3.99858
30106 3.99858
30107 3.99858
30108 3.99858
30109 3.99858
30110 3.99858
30111 3.99858
30112 3.99858
30113 3.99858
30114 3.99858
30115 3.99858
30116 3.99858
30117 3.99858
30118 3.99858
30119 3.99858
30120 3.99858
30121 3.99858
30122 3.99858
30123 3.99858
30124 3.99858
30125 3.99858
30126 3.99858
30127 3.99858
30128 3.99858
30129 3.99858
30130 3.99858
30131 3.99858
30132 3.99858
30133 3.99858
30134 3.99858
30135 3.99858
30136 3.99858
30137 3.99858
30138 3.99858
30139 3.99858
30140 3.99858
30141 3.99858
30142 3.99858
30143 3.99858
30144 3.99858
30145 3.99858
30146 3.99858
30147 3.99858
30148 3.99858
30149 3.99858
30150 3.99858
30151 5.35044
30152 5.35044
30153 5.35044
30154 5.35044
30155 5.35044
30156 5.35044
30157 5.35044
30158 5.35044
30159 5.35044
30160 5.35044
30161 5.35044
30162 5.35044
30163 5.35044
30164 5.35044
30165 5.35044
30166 5.35044
30167 5.35044
30168 5.35044
30169 5.35044
30170 5.35044
30171 5.35044
30172 5.35044
30173 5.35044
30174 5.35044
30175 5.35044
30176 5.35044
30177 5.35044
30178 5.35044
30179 5.35044
30180 5.35044
30181 5.35044
30182 5.35044
30183 5.35044
30184 5.35044
30185 5.35044
30186 5.35044
30187 5.35044
30188 5.35044
30189 5.35044
30190 5.35044
30191 5.35044
30192 5.35044
30193 5.35044
30194 5.35044
30195 5.35044
30196 5.35044
30197 5.35044
30198 5.35044
30199 5.35044
30200 5.35044
30201 0.247055
30202 0.247055
30203 0.247055
30204 0.247055
30205 0.247055
30206 0.247055
30207 0.247055
30208 0.247055
30209 0.247055
30210 0.247055
30211 0.247055
30212 0.247055
30213 0.247055
30214 0.247055
30215 0.247055
30216 0.247055
30217 0.247055
30218 0.247055
30219 0.247055
30220 0.247055
30221 0.247055
30222 0.247055
30223 0.247055
30224 0.247055
30225 0.247055
30226 0.247055
30227 0.247055
30228 0.247055
30229 0.247055
30230 0.247055
30231 0.247055
30232 0.247055
30233 0.247055
30234 0.247055
30235 0.247055
30236 0.247055
30237 0.247055
30238 0.247055
30239 0.247055
30240 0.247055
30241 0.247055
30242 0.247055
30243 0.247055
30244 0.247055
30245 0.247055
30246 0.247055
30247 0.247055
30248 0.247055
30249 0.247055
30250 0.247055
30251 4.93245
30252 4.93245
30253 4.93245
30254 4.93245
30255 4.93245
30256 4.93245
30257 4.93245
30258 4.93245
30259 4.93245
30260 4.93245
30261 4.93245
30262 4.93245
30263 4.93245
30264 4.93245
30265 4.93245
30266 4.93245
30267 4.93245
30268 4.93245
30269 4.93245
30270 4.93245
30271 4.93245
30272 4.93245
30273 4.93245
30274 4.93245
30275 4.93245
30276 4.93245
30277 4.93245
30278 4.93245
30279 4.93245
30280 4.93245
30281 4.93245
30282 4.93245
30283 4.93245
30284 4.93245
30285 4.93245
30286 4.93245
30287 4.93245
30288 4.93245
30289 4.93245
30290 4.93245
30291 4.93245
30292 4.93245
30293 4.93245
30294 4.93245
30295 4.93245
30296 4.93245
30297 4.93245
30298 4.93245
30299 4.93245
30300 4.93245
30301 3.39072
30302 3.39072
30303 3.39072
30304 3.39072
30305 3.39072
30306 3.39072
30307 3.39072
30308 3.39072
30309 3.39072
30310 3.39072
30311 3.39072
30312 3.39072
30313 3.39072
30314 3.39072
30315 3.39072
30316 3.39072
30317 3.39072
30318 3.39072
30319 3.39072
30320 3.39072
30321 3.39072
30322 3.39072
30323 3.39072
30324 3.39072
30325 3.39072
30326 3.39072
30327 3.39072
30328 3.39072
30329 3.39072
30330 3.39072
30331 3.39072
30332 3.39072
30333 3.39072
30334 3.39072
30335 3.39072
30336 3.39072
30337 3.39072
30338 3.39072
30339 3.39072
30340 3.39072
30341 3.39072
30342 3.39072
30343 3.39072
30344 3.39072
30345 3.39072
30346 3.39072
30347 3.39072
30348 3.39072
30349 3.39072
30350 3.39072
30351 5.22231
30352 5.22231
30353 5.22231
30354 5.22231
30355 5.22231
30356 5.22231
30357 5.22231
30358 5.22231
30359 5.22231
30360 5.22231
30361 5.22231
30362 5.22231
30363 5.22231
30364 5.22231
30365 5.22231
30366 5.22231
30367 5.22231
30368 5.22231
30369 5.22231
30370 5.22231
30371 5.22231
30372 5.22231
30373 5.22231
30374 5.22231
30375 5.22231
30376 5.22231
30377 5.22231
30378 5.22231
30379 5.22231
30380 5.22231
30381 5.22231
30382 5.22231
30383 5.22231
30384 5.22231
30385 5.22231
30386 5.22231
30387 5.22231
30388 5.22231
30389 5.22231
30390 5.22231
30391 5.22231
30392 5.22231
30393 5.22231
30394 5.22231
30395 5.22231
30396 5.22231
30397 5.22231
30398 5.22231
30399 5.22231
30400 5.22231
30401 0.260421
30402 0.260421
30403 0.260421
30404 0.260421
30405 0.260421
30406 0.260421
30407 0.260421
30408 0.260421
30409 0.260421
30410 0.260421
30411 0.260421
30412 0.260421
30413 0.260421
30414 0.260421
30415 0.260421
30416 0.260421
30417 0.260421
30418 0.260421
30419 0.260421
30420 0.260421
30421 0.260421
30422 0.260421
30423 0.260421
30424 0.260421
30425 0.260421
30426 0.260421
30427 0.260421
30428 0.260421
30429 0.260421
30430 0.260421
30431 0.260421
30432 0.260421
30433 0.260421
30434 0.260421
30435 0.260421
30436 0.260421
30437 0.260421
30438 0.260421
30439 0.260421
30440 0.260421
30441 0.260421
30442 0.260421
30443 0.260421
30444 0.260421
30445 0.260421
30446 0.260421
30447 0.260421
30448 0.260421
30449 0.260421
30450 0.260421
30451 3.96711
30452 3.96711
30453 3.96711
30454 3.96711
30455 3.96711
30456 3.96711
30457 3.96711
30458 3.96711
30459 3.96711
30460 3.96711
30461 3.96711
30462 3.96711
30463 3.96711
30464 3.96711
30465 3.96711
30466 3.96711
30467 3.96711
30468 3.96711
30469 3.96711
30470 3.96711
30471 3.96711
30472 3.96711
30473 3.96711
30474 3.96711
30475 3.96711
30476 3.96711
30477 3.96711
30478 3.96711
30479 3.96711
30480 3.96711
30481 3.96711
30482 3.96711
30483 3.96711
30484 3.96711
30485 3.96711
30486 3.96711
30487 3.96711
30488 3.96711
30489 3.96711
30490 3.96711
30491 3.96711
30492 3.96711
30493 3.96711
30494 3.96711
30495 3.96711
30496 3.96711
30497 3.96711
30498 3.96711
30499 3.96711
30500 3.96711
30501 3.72199
30502 3.72199
30503 3.72199
30504 3.72199
30505 3.72199
30506 3.72199
30507 3.72199
30508 3.72199
30509 3.72199
30510 3.72199
30511 3.72199
30512 3.72199
30513 3.72199
30514 3.72199
30515 3.72199
30516 3.72199
30517 3.72199
30518 3.72199
30519 3.72199
30520 3.72199
30521 3.72199
30522 3.72199
30523 3.72199
30524 3.72199
30525 3.72199
30526 3.72199
30527 3.72199
30528 3.72199
30529 3.72199
30530 3.72199
30531 3.72199
30532 3.72199
30533 3.72199
30534 3.72199
30535 3.72199
30536 3.72199
30537 3.72199
30538 3.72199
30539 3.72199
30540 3.72199
30541 3.72199
30542 3.72199
30543 3.72199
30544 3.72199
30545 3.72199
30546 3.72199
30547 3.72199
30548 3.72199
30549 3.72199
30550 3.72199
30551 5.82572
30552 5.82572
30553 5.82572
30554 5.82572
30555 5.82572
30556 5.82572
30557 5.82572
30558 5.82572
30559 5.82572
30560 5.82572
30561 5.82572
30562 5.82572
30563 5.82572
30564 5.82572
30565 5.82572
30566 5.82572
30567 5.82572
30568 5.82572
30569 5.82572
30570 5.82572
30571 5.82572
30572 5.82572
30573 5.82572
30574 5.82572
30575 5.82572
30576 5.82572
30577 5.82572
30578 5.82572
30579 5.82572
30580 5.82572
30581 5.82572
30582 5.82572
30583 5.82572
30584 5.82572
30585 5.82572
30586 5.82572
30587 5.82572
30588 5.82572
30589 5.82572
30590 5.82572
30591 5.82572
30592 5.82572
30593 5.82572
30594 5.82572
30595 5.82572
30596 5.82572
30597 5.82572
30598 5.82572
30599 5.82572
30600 5.82572
30601 2.0949
30602 2.0949
30603 2.0949
30604 2.0949
30605 2.0949
30606 2.0949
30607 2.0949
30608 2.0949
30609 2.0949
30610 2.0949
30611 2.0949
30612 2.0949
30613 2.0949
30614 2.0949
30615 2.0949
30616 2.0949
30617 2.0949
30618 2.0949
30619 2.0949
30620 2.0949
30621 2.0949
30622 2.0949
30623 2.0949
30624 2.0949
30625 2.0949
30626 2.0949
30627 2.0949
30628 2.0949
30629 2.0949
30630 2.0949
30631 2.0949
30632 2.0949
30633 2.0949
30634 2.0949
30635 2.0949
30636 2.0949
30637 2.0949
30638 2.0949
30639 2.0949
30640 2.0949
30641 2.0949
30642 2.0949
30643 2.0949
30644 2.0949
30645 2.0949
30646 2.0949
30647 2.0949
30648 2.0949
30649 2.0949
30650 2.0949
30651 5.50597
30652 5.50597
30653 5.50597
30654 5.50597
30655 5.50597
30656 5.50597
30657 5.50597
30658 5.50597
30659 5.50597
30660 5.50597
30661 5.50597
30662 5.50597
30663 5.50597
30664 5.50597
30665 5.50597
30666 5.50597
30667 5.50597
30668 5.50597
30669 5.50597
30670 5.50597
30671 5.50597
30672 5.50597
30673 5.50597
30674 5.50597
30675 5.50597
30676 5.50597
30677 5.50597
30678 5.50597
30679 5.50597
30680 5.50597
30681 5.50597
30682 5.50597
30683 5.50597
30684 5.50597
30685 5.50597
30686 5.50597
30687 5.50597
30688 5.50597
30689 5.50597
30690 5.50597
30691 5.50597
30692 5.50597
30693 5.50597
30694 5.50597
30695 5.50597
30696 5.50597
30697 5.50597
30698 5.50597
30699 5.50597
30700 5.50597
30701 5.06525
30702 5.06525
30703 5.06525
30704 5.06525
30705 5.06525
30706 5.06525
30707 5.06525
30708 5.06525
30709 5.06525
30710 5.06525
30711 5.06525
30712 5.06525
30713 5.06525
30714 5.06525
30715 5.06525
30716 5.06525
30717 5.06525
30718 5.06525
30719 5.06525
30720 5.06525
30721 5.06525
30722 5.06525
30723 5.06525
30724 5.06525
30725 5.06525
30726 5.06525
30727 5.06525
30728 5.06525
30729 5.06525
30730 5.06525
30731 5.06525
30732 5.06525
30733 5.06525
30734 5.06525
30735 5.06525
30736 5.06525
30737 5.06525
30738 5.06525
30739 5.06525
30740 5.06525
30741 5.06525
30742 5.06525
30743 5.06525
30744 5.06525
30745 5.06525
30746 5.06525
30747 5.06525
30748 5.06525
30749 5.06525
30750 5.06525
30751 1.91268
30752 1.91268
30753 1.91268
30754 1.91268
30755 1.91268
30756 1.91268
30757 1.91268
30758 1.91268
30759 1.91268
30760 1.91268
30761 1.91268
30762 1.91268
30763 1.91268
30764 1.91268
30765 1.91268
30766 1.91268
30767 1.91268
30768 1.91268
30769 1.91268
30770 1.91268
30771 1.91268
30772 1.91268
30773 1.91268
30774 1.91268
30775 1.91268
30776 1.91268
30777 1.91268
30778 1.91268
30779 1.91268
30780 1.91268
30781 1.91268
30782 1.91268
30783 1.91268
30784 1.91268
30785 1.91268
30786 1.91268
30787 1.91268
30788 1.91268
30789 1.91268
30790 1.91268
30791 1.91268
30792 1.91268
30793 1.91268
30794 1.91268
30795 1.91268
30796 1.91268
30797 1.91268
30798 1.91268
30799 1.91268
30800 1.91268
30801 4.61602
30802 4.61602
30803 4.61602
30804 4.61602
30805 4.61602
30806 4.61602
30807 4.61602
30808 4.61602
30809 4.61602
30810 4.61602
30811 4.61602
30812 4.61602
30813 4.61602
30814 4.61602
30815 4.61602
30816 4.61602
30817 4.61602
30818 4.61602
30819 4.61602
30820 4.61602
30821 4.61602
30822 4.61602
30823 4.61602
30824 4.61602
30825 4.61602
30826 4.61602
30827 4.61602
30828 4.61602
30829 4.61602
30830 4.61602
30831 4.61602
30832 4.61602
30833 4.61602
30834 4.61602
30835 4.61602
30836 4.61602
30837 4.61602
30838 4.61602
30839 4.61602
30840 4.61602
30841 4.61602
30842 4.61602
30843 4.61602
30844 4.61602
30845 4.61602
30846 4.61602
30847 4.61602
30848 4.61602
30849 4.61602
30850 4.61602
30851 3.22894
30852 3.22894
30853 3.22894
30854 3.22894
30855 3.22894
30856 3.22894
30857 3.22894
30858 3.22894
30859 3.22894
30860 3.22894
30861 3.22894
30862 3.22894
30863 3.22894
30864 3.22894
30865 3.22894
30866 3.22894
30867 3.22894
30868 3.22894
30869 3.22894
30870 3.22894
30871 3.22894
30872 3.22894
30873 3.22894
30874 3.22894
30875 3.22894
30876 3.22894
30877 3.22894
30878 3.22894
30879 3.22894
30880 3.22894
30881 3.22894
30882 3.22894
30883 3.22894
30884 3.22894
30885 3.22894
30886 3.22894
30887 3.22894
30888 3.22894
30889 3.22894
30890 3.22894
30891 3.22894
30892 3.22894
30893 3.22894
30894 3.22894
30895 3.22894
30896 3.22894
30897 3.22894
30898 3.22894
30899 3.22894
30900 3.22894
30901 1.74867
30902 1.74867
30903 1.74867
30904 1.74867
30905 1.74867
30906 1.74867
30907 1.74867
30908 1.74867
30909 1.74867
30910 1.74867
30911 1.74867
30912 1.74867
30913 1.74867
30914 1.74867
30915 1.74867
30916 1.74867
30917 1.74867
30918 1.74867
30919 1.74867
30920 1.74867
30921 1.74867
30922 1.74867
30923 1.74867
30924 1.74867
30925 1.74867
30926 1.74867
30927 1.74867
30928 1.74867
30929 1.74867
30930 1.74867
30931 1.74867
30932 1.74867
30933 1.74867
30934 1.74867
30935 1.74867
30936 1.74867
30937 1.74867
30938 1.74867
30939 1.74867
30940 1.74867
30941 1.74867
30942 1.74867
30943 1.74867
30944 1.74867
30945 1.74867
30946 1.74867
30947 1.74867
30948 1.74867
30949 1.74867
30950 1.74867
30951 6.19614
30952 6.19614
30953 6.19614
30954 6.19614
30955 6.19614
30956 6.19614
30957 6.19614
30958 6.19614
30959 6.19614
30960 6.19614
30961 6.19614
30962 6.19614
30963 6.19614
30964 6.19614
30965 6.19614
30966 6.19614
30967 6.19614
30968 6.19614
30969 6.19614
30970 6.19614
30971 6.19614
30972 6.19614
30973 6.19614
30974 6.19614
30975 6.19614
30976 6.19614
30977 6.19614
30978 6.19614
30979 6.19614
30980 6.19614
30981 6.19614
30982 6.19614
30983 6.19614
30984 6.19614
30985 6.19614
30986 6.19614
30987 6.19614
30988 6.19614
30989 6.19614
30990 6.19614
30991 6.19614
30992 6.19614
30993 6.19614
30994 6.19614
30995 6.19614
30996 6.19614
30997 6.19614
30998 6.19614
30999 6.19614
31000 6.19614
31001 3.53525
31002 3.53525
31003 3.53525
31004 3.53525
31005 3.53525
31006 3.53525
31007 3.53525
31008 3.53525
31009 3.53525
31010 3.53525
31011 3.53525
31012 3.53525
31013 3.53525
31014 3.53525
31015 3.53525
31016 3.53525
31017 3.53525
31018 3.53525
31019 3.53525
31020 3.53525
31021 3.53525
31022 3.53525
31023 3.53525
31024 3.53525
31025 3.53525
31026 3.53525
31027 3.53525
31028 3.53525
31029 3.53525
31030 3.53525
31031 3.53525
31032 3.53525
31033 3.53525
31034 3.53525
31035 3.53525
31036 3.53525
31037 3.53525
31038 3.53525
31039 3.53525
31040 3.53525
31041 3.53525
31042 3.53525
31043 3.53525
31044 3.53525
31045 3.53525
31046 3.53525
31047 3.53525
31048 3.53525
31049 3.53525
31050 3.53525
31051 2.6106
31052 2.6106
31053 2.6106
31054 2.6106
31055 2.6106
31056 2.6106
31057 2.6106
31058 2.6106
31059 2.6106
31060 2.6106
31061 2.6106
31062 2.6106
31063 2.6106
31064 2.6106
31065 2.6106
31066 2.6106
31067 2.6106
31068 2.6106
31069 2.6106
31070 2.6106
31071 2.6106
31072 2.6106
31073 2.6106
31074 2.6106
31075 2.6106
31076 2.6106
31077 2.6106
31078 2.6106
31079 2.6106
31080 2.6106
31081 2.6106
31082 2.6106
31083 2.6106
31084 2.6106
31085 2.6106
31086 2.6106
31087 2.6106
31088 2.6106
31089 2.6106
31090 2.6106
31091 2.6106
31092 2.6106
31093 2.6106
31094 2.6106
31095 2.6106
31096 2.6106
31097 2.6106
31098 2.6106
31099 2.6106
31100 2.6106
31101 5.28139
31102 5.28139
31103 5.28139
31104 5.28139
31105 5.28139
31106 5.28139
31107 5.28139
31108 5.28139
31109 5.28139
31110 5.28139
31111 5.28139
31112 5.28139
31113 5.28139
31114 5.28139
31115 5.28139
31116 5.28139
31117 5.28139
31118 5.28139
31119 5.28139
31120 5.28139
31121 5.28139
31122 5.28139
31123 5.28139
31124 5.28139
31125 5.28139
31126 5.28139
31127 5.28139
31128 5.28139
31129 5.28139
31130 5.28139
31131 5.28139
31132 5.28139
31133 5.28139
31134 5.28139
31135 5.28139
31136 5.28139
31137 5.28139
31138 5.28139
31139 5.28139
31140 5.28139
31141 5.28139
31142 5.28139
31143 5.28139
31144 5.28139
31145 5.28139
31146 5.28139
31147 5.28139
31148 5.28139
31149 5.28139
31150 5.28139
31151 0.154547
31152 0.154547
31153 0.154547
31154 0.154547
31155 0.154547
31156 0.154547
31157 0.154547
31158 0.154547
31159 0.154547
31160 0.154547
31161 0.154547
31162 0.154547
31163 0.154547
31164 0.154547
31165 0.154547
31166 0.154547
31167 0.154547
31168 0.154547
31169 0.154547
31170 0.154547
31171 0.154547
31172 0.154547
31173 0.154547
31174 0.154547
31175 0.154547
31176 0.154547
31177 0.154547
31178 0.154547
31179 0.154547
31180 0.154547
31181 0.154547
31182 0.154547
31183 0.154547
31184 0.154547
31185 0.154547
31186 0.154547
31187 0.154547
31188 0.154547
31189 0.154547
31190 0.154547
31191 0.154547
31192 0.154547
31193 0.154547
31194 0.154547
31195 0.154547
31196 0.154547
31197 0.154547
31198 0.154547
31199 0.154547
31200 0.154547
31201 2.74814
31202 2.74814
31203 2.74814
31204 2.74814
31205 2.74814
31206 2.74814
31207 2.74814
31208 2.74814
31209 2.74814
31210 2.74814
31211 2.74814
31212 2.74814
31213 2.74814
31214 2.74814
31215 2.74814
31216 2.74814
31217 2.74814
31218 2.74814
31219 2.74814
31220 2.74814
31221 2.74814
31222 2.74814
31223 2.74814
31224 2.74814
31225 2.74814
31226 2.74814
31227 2.74814
31228 2.74814
31229 2.74814
31230 2.74814
31231 2.74814
31232 2.74814
31233 2.74814
31234 2.74814
31235 2.74814
31236 2.74814
31237 2.74814
31238 2.74814
31239 2.74814
31240 2.74814
31241 2.74814
31242 2.74814
31243 2.74814
31244 2.74814
31245 2.74814
31246 2.74814
31247 2.74814
31248 2.74814
31249 2.74814
31250 2.74814
31251 4.67375
31252 4.67375
31253 4.67375
31254 4.67375
31255 4.67375
31256 4.67375
31257 4.67375
31258 4.67375
31259 4.67375
31260 4.67375
31261 4.67375
31262 4.67375
31263 4.67375
31264 4.67375
31265 4.67375
31266 4.67375
31267 4.67375
31268 4.67375
31269 4.67375
31270 4.67375
31271 4.67375
31272 4.67375
31273 4.67375
31274 4.67375
31275 4.67375
31276 4.67375
31277 4.67375
31278 4.67375
31279 4.67375
31280 4.67375
31281 4.67375
31282 4.67375
31283 4.67375
31284 4.67375
31285 4.67375
31286 4.67375
31287 4.67375
31288 4.67375
31289 4.67375
31290 4.67375
31291 4.67375
31292 4.67375
31293 4.67375
31294 4.67375
31295 4.67375
31296 4.67375
31297 4.67375
31298 4.67375
31299 4.67375
31300 4.67375
31301 2.05324
31302 2.05324
31303 2.05324
31304 2.05324
31305 2.05324
31306 2.05324
31307 2.05324
31308 2.05324
31309 2.05324
31310 2.05324
31311 2.05324
31312 2.05324
31313 2.05324
31314 2.05324
31315 2.05324
31316 2.05324
31317 2.05324
31318 2.05324
31319 2.05324
31320 2.05324
31321 2.05324
31322 2.05324
31323 2.05324
31324 2.05324
31325 2.05324
31326 2.05324
31327 2.05324
31328 2.05324
31329 2.05324
31330 2.05324
31331 2.05324
31332 2.05324
31333 2.05324
31334 2.05324
31335 2.05324
31336 2.05324
31337 2.05324
31338 2.05324
31339 2.05324
31340 2.05324
31341 2.05324
31342 2.05324
31343 2.05324
31344 2.05324
31345 2.05324
31346 2.05324
31347 2.05324
31348 2.05324
31349 2.05324
31350 2.05324
31351 2.24118
31352 2.24118
31353 2.24118
31354 2.24118
31355 2.24118
31356 2.24118
31357 2.24118
31358 2.24118
31359 2.24118
31360 2.24118
31361 2.24118
31362 2.24118
31363 2.24118
31364 2.24118
31365 2.24118
31366 2.24118
31367 2.24118
31368 2.24118
31369 2.24118
31370 2.24118
31371 2.24118
31372 2.24118
31373 2.24118
31374 2.24118
31375 2.24118
31376 2.24118
31377 2.24118
31378 2.24118
31379 2.24118
31380 2.24118
31381 2.24118
31382 2.24118
31383 2.24118
31384 2.24118
31385 2.24118
31386 2.24118
31387 2.24118
31388 2.24118
31389 2.24118
31390 2.24118
31391 2.24118
31392 2.24118
31393 2.24118
31394 2.24118
31395 2.24118
31396 2.24118
31397 2.24118
31398 2.24118
31399 2.24118
31400 2.24118
31401 1.68746
31402 1.68746
31403 1.68746
31404 1.68746
31405 1.68746
31406 1.68746
31407 1.68746
31408 1.68746
31409 1.68746
31410 1.68746
31411 1.68746
31412 1.68746
31413 1.68746
31414 1.68746
31415 1.68746
31416 1.68746
31417 1.68746
31418 1.68746
31419 1.68746
31420 1.68746
31421 1.68746
31422 1.68746
31423 1.68746
31424 1.68746
31425 1.68746
31426 1.68746
31427 1.68746
31428 1.68746
31429 1.68746
31430 1.68746
31431 1.68746
31432 1.68746
31433 1.68746
31434 1.68746
31435 1.68746
31436 1.68746
31437 1.68746
31438 1.68746
31439 1.68746
31440 1.68746
31441 1.68746
31442 1.68746
31443 1.68746
31444 1.68746
31445 1.68746
31446 1.68746
31447 1.68746
31448 1.68746
31449 1.68746
31450 1.68746
31451 3.42395
31452 3.42395
31453 3.42395
31454 3.42395
31455 3.42395
31456 3.42395
31457 3.42395
31458 3.42395
31459 3.42395
31460 3.42395
31461 3.42395
31462 3.42395
31463 3.42395
31464 3.42395
31465 3.42395
31466 3.42395
31467 3.42395
31468 3.42395
31469 3.42395
31470 3.42395
31471 3.42395
31472 3.42395
31473 3.42395
31474 3.42395
31475 3.42395
31476 3.42395
31477 3.42395
31478 3.42395
31479 3.42395
31480 3.42395
31481 3.42395
31482 3.42395
31483 3.42395
31484 3.42395
31485 3.42395
31486 3.42395
31487 3.42395
31488 3.42395
31489 3.42395
31490 3.42395
31491 3.42395
31492 3.42395
31493 3.42395
31494 3.42395
31495 3.42395
31496 3.42395
31497 3.42395
31498 3.42395
31499 3.42395
31500 3.42395
31501 4.23773
31502 4.23773
31503 4.23773
31504 4.23773
31505 4.23773
31506 4.23773
31507 4.23773
31508 4.23773
31509 4.23773
31510 4.23773
31511 4.23773
31512 4.23773
31513 4.23773
31514 4.23773
31515 4.23773
31516 4.23773
31517 4.23773
31518 4.23773
31519 4.23773
31520 4.23773
31521 4.23773
31522 4.23773
31523 4.23773
31524 4.23773
31525 4.23773
31526 4.23773
31527 4.23773
31528 4.23773
31529 4.23773
31530 4.23773
31531 4.23773
31532 4.23773
31533 4.23773
31534 4.23773
31535 4.23773
31536 4.23773
31537 4.23773
31538 4.23773
31539 4.23773
31540 4.23773
31541 4.23773
31542 4.23773
31543 4.23773
31544 4.23773
31545 4.23773
31546 4.23773
31547 4.23773
31548 4.23773
31549 4.23773
31550 4.23773
31551 5.16365
31552 5.16365
31553 5.16365
31554 5.16365
31555 5.16365
31556 5.16365
31557 5.16365
31558 5.16365
31559 5.16365
31560 5.16365
31561 5.16365
31562 5.16365
31563 5.16365
31564 5.16365
31565 5.16365
31566 5.16365
31567 5.16365
31568 5.16365
31569 5.16365
31570 5.16365
31571 5.16365
31572 5.16365
31573 5.16365
31574 5.16365
31575 5.16365
31576 5.16365
31577 5.16365
31578 5.16365
31579 5.16365
31580 5.16365
31581 5.16365
31582 5.16365
31583 5.16365
31584 5.16365
31585 5.16365
31586 5.16365
31587 5.16365
31588 5.16365
31589 5.16365
31590 5.16365
31591 5.16365
31592 5.16365
31593 5.16365
31594 5.16365
31595 5.16365
31596 5.16365
31597 5.16365
31598 5.16365
31599 5.16365
31600 5.16365
31601 2.04574
31602 2.04574
31603 2.04574
31604 2.04574
31605 2.04574
31606 2.04574
31607 2.04574
31608 2.04574
31609 2.04574
31610 2.04574
31611 2.04574
31612 2.04574
31613 2.04574
31614 2.04574
31615 2.04574
31616 2.04574
31617 2.04574
31618 2.04574
31619 2.04574
31620 2.04574
31621 2.04574
31622 2.04574
31623 2.04574
31624 2.04574
31625 2.04574
31626 2.04574
31627 2.04574
31628 2.04574
31629 2.04574
31630 2.04574
31631 2.04574
31632 2.04574
31633 2.04574
31634 2.04574
31635 2.04574
31636 2.04574
31637 2.04574
31638 2.04574
31639 2.04574
31640 2.04574
31641 2.04574
31642 2.04574
31643 2.04574
31644 2.04574
31645 2.04574
31646 2.04574
31647 2.04574
31648 2.04574
31649 2.04574
31650 2.04574
31651 1.21513
31652 1.21513
31653 1.21513
31654 1.21513
31655 1.21513
31656 1.21513
31657 1.21513
31658 1.21513
31659 1.21513
31660 1.21513
31661 1.21513
31662 1.21513
31663 1.21513
31664 1.21513
31665 1.21513
31666 1.21513
31667 1.21513
31668 1.21513
31669 1.21513
31670 1.21513
31671 1.21513
31672 1.21513
31673 1.21513
31674 1.21513
31675 1.21513
31676 1.21513
31677 1.21513
31678 1.21513
31679 1.21513
31680 1.21513
31681 1.21513
31682 1.21513
31683 1.21513
31684 1.21513
31685 1.21513
31686 1.21513
31687 1.21513
31688 1.21513
31689 1.21513
31690 1.21513
31691 1.21513
31692 1.21513
31693 1.21513
31694 1.21513
31695 1.21513
31696 1.21513
31697 1.21513
31698 1.21513
31699 1.21513
31700 1.21513
31701 1.85176
31702 1.85176
31703 1.85176
31704 1.85176
31705 1.85176
31706 1.85176
31707 1.85176
31708 1.85176
31709 1.85176
31710 1.85176
31711 1.85176
31712 1.85176
31713 1.85176
31714 1.85176
31715 1.85176
31716 1.85176
31717 1.85176
31718 1.85176
31719 1.85176
31720 1.85176
31721 1.85176
31722 1.85176
31723 1.85176
31724 1.85176
31725 1.85176
31726 1.85176
31727 1.85176
31728 1.85176
31729 1.85176
31730 1.85176
31731 1.85176
31732 1.85176
31733 1.85176
31734 1.85176
31735 1.85176
31736 1.85176
31737 1.85176
31738 1.85176
31739 1.85176
31740 1.85176
31741 1.85176
31742 1.85176
31743 1.85176
31744 1.85176
31745 1.85176
31746 1.85176
31747 1.85176
31748 1.85176
31749 1.85176
31750 1.85176
31751 5.01645
31752 5.01645
31753 5.01645
31754 5.01645
31755 5.01645
31756 5.01645
31757 5.01645
31758 5.01645
31759 5.01645
31760 5.01645
31761 5.01645
31762 5.01645
31763 5.01645
31764 5.01645
31765 5.01645
31766 5.01645
31767 5.01645
31768 5.01645
31769 5.01645
31770 5.01645
31771 5.01645
31772 5.01645
31773 5.01645
31774 5.01645
31775 5.01645
31776 5.01645
31777 5.01645
31778 5.01645
31779 5.01645
31780 5.01645
31781 5.01645
31782 5.01645
31783 5.01645
31784 5.01645
31785 5.01645
31786 5.01645
31787 5.01645
31788 5.01645
31789 5.01645
31790 5.01645
31791 5.01645
31792 5.01645
31793 5.01645
31794 5.01645
31795 5.01645
31796 5.01645
31797 5.01645
31798 5.01645
31799 5.01645
31800 5.01645
31801 2.88063
31802 2.88063
31803 2.88063
31804 2.88063
31805 2.88063
31806 2.88063
31807 2.88063
31808 2.88063
31809 2.88063
31810 2.88063
31811 2.88063
31812 2.88063
31813 2.88063
31814 2.88063
31815 2.88063
31816 2.88063
31817 2.88063
31818 2.88063
31819 2.88063
31820 2.88063
31821 2.88063
31822 2.88063
31823 2.88063
31824 2.88063
31825 2.88063
31826 2.88063
31827 2.88063
31828 2.88063
31829 2.88063
31830 2.88063
31831 2.88063
31832 2.88063
31833 2.88063
31834 2.88063
31835 2.88063
31836 2.88063
31837 2.88063
31838 2.88063
31839 2.88063
31840 2.88063
31841 2.88063
31842 2.88063
31843 2.88063
31844 2.88063
31845 2.88063
31846 2.88063
31847 2.88063
31848 2.88063
31849 2.88063
31850 2.88063
31851 2.72902
31852 2.72902
31853 2.72902
31854 2.72902
31855 2.72902
31856 2.72902
31857 2.72902
31858 2.72902
31859 2.72902
31860 2.72902
31861 2.72902
31862 2.72902
31863 2.72902
31864 2.72902
31865 2.72902
31866 2.72902
31867 2.72902
31868 2.72902
31869 2.72902
31870 2.72902
31871 2.72902
31872 2.72902
31873 2.72902
31874 2.72902
31875 2.72902
31876 2.72902
31877 2.72902
31878 2.72902
31879 2.72902
31880 2.72902
31881 2.72902
31882 2.72902
31883 2.72902
31884 2.72902
31885 2.72902
31886 2.72902
31887 2.72902
31888 2.72902
31889 2.72902
31890 2.72902
31891 2.72902
31892 2.72902
31893 2.72902
31894 2.72902
31895 2.72902
31896 2.72902
31897 2.72902
31898 2.72902
31899 2.72902
31900 2.72902
31901 3.36098
31902 3.36098
31903 3.36098
31904 3.36098
31905 3.36098
31906 3.36098
31907 3.36098
31908 3.36098
31909 3.36098
31910 3.36098
31911 3.36098
31912 3.36098
31913 3.36098
31914 3.36098
31915 3.36098
31916 3.36098
31917 3.36098
31918 3.36098
31919 3.36098
31920 3.36098
31921 3.36098
31922 3.36098
31923 3.36098
31924 3.36098
31925 3.36098
31926 3.36098
31927 3.36098
31928 3.36098
31929 3.36098
31930 3.36098
31931 3.36098
31932 3.36098
31933 3.36098
31934 3.36098
31935 3.36098
31936 3.36098
31937 3.36098
31938 3.36098
31939 3.36098
31940 3.36098
31941 3.36098
31942 3.36098
31943 3.36098
31944 3.36098
31945 3.36098
31946 3.36098
31947 3.36098
31948 3.36098
31949 3.36098
31950 3.36098
31951 0.579969
31952 0.579969
31953 0.579969
31954 0.579969
31955 0.579969
31956 0.579969
31957 0.579969
31958 0.579969
31959 0.579969
31960 0.579969
31961 0.579969
31962 0.579969
31963 0.579969
31964 0.579969
31965 0.579969
31966 0.579969
31967 0.579969
31968 0.579969
31969 0.579969
31970 0.579969
31971 0.579969
31972 0.579969
31973 0.579969
31974 0.579969
31975 0.579969
31976 0.579969
31977 0.579969
31978 0.579969
31979 0.579969
31980 0.579969
31981 0.579969
31982 0.579969
31983 0.579969
31984 0.579969
31985 0.579969
31986 0.579969
31987 0.579969
31988 0.579969
31989 0.579969
31990 0.579969
31991 0.579969
31992 0.579969
31993 0.579969
31994 0.579969
31995 0.579969
31996 0.579969
31997 0.579969
31998 0.579969
31999 0.579969
32000 0.579969
32001 4.21844
32002 4.21844
32003 4.21844
32004 4.21844
32005 4.21844
32006 4.21844
32007 4.21844
32008 4.21844
32009 4.21844
32010 4.21844
32011 4.21844
32012 4.21844
32013 4.21844
32014 4.21844
32015 4.21844
32016 4.21844
32017 4.21844
32018 4.21844
32019 4.21844
32020 4.21844
32021 4.21844
32022 4.21844
32023 4.21844
32024 4.21844
32025 4.21844
32026 4.21844
32027 4.21844
32028 4.21844
32029 4.21844
32030 4.21844
32031 4.21844
32032 4.21844
32033 4.21844
32034 4.21844
32035 4.21844
32036 4.21844
32037 4.21844
32038 4.21844
32039 4.21844
32040 4.21844
32041 4.21844
32042 4.21844
32043 4.21844
32044 4.21844
32045 4.21844
32046 4.21844
32047 4.21844
32048 4.21844
32049 4.21844
32050 4.21844
32051 1.95907
32052 1.95907
32053 1.95907
32054 1.95907
32055 1.95907
32056 1.95907
32057 1.95907
32058 1.95907
32059 1.95907
32060 1.95907
32061 1.95907
32062 1.95907
32063 1.95907
32064 1.95907
32065 1.95907
32066 1.95907
32067 1.95907
32068 1.95907
32069 1.95907
32070 1.95907
32071 1.95907
32072 1.95907
32073 1.95907
32074 1.95907
32075 1.95907
32076 1.95907
32077 1.95907
32078 1.95907
32079 1.95907
32080 1.95907
32081 1.95907
32082 1.95907
32083 1.95907
32084 1.95907
32085 1.95907
32086 1.95907
32087 1.95907
32088 1.95907
32089 1.95907
32090 1.95907
32091 1.95907
32092 1.95907
32093 1.95907
32094 1.95907
32095 1.95907
32096 1.95907
32097 1.95907
32098 1.95907
32099 1.95907
32100 1.95907
32101 4.8775
32102 4.8775
32103 4.8775
32104 4.8775
32105 4.8775
32106 4.8775
32107 4.8775
32108 4.8775
32109 4.8775
32110 4.8775
32111 4.8775
32112 4.8775
32113 4.8775
32114 4.8775
32115 4.8775
32116 4.8775
32117 4.8775
32118 4.8775
32119 4.8775
32120 4.8775
32121 4.8775
32122 4.8775
32123 4.8775
32124 4.8775
32125 4.8775
32126 4.8775
32127 4.8775
32128 4.8775
32129 4.8775
32130 4.8775
32131 4.8775
32132 4.8775
32133 4.8775
32134 4.8775
32135 4.8775
32136 4.8775
32137 4.8775
32138 4.8775
32139 4.8775
32140 4.8775
32141 4.8775
32142 4.8775
32143 4.8775
32144 4.8775
32145 4.8775
32146 4.8775
32147 4.8775
32148 4.8775
32149 4.8775
32150 4.8775
32151 5.3452
32152 5.3452
32153 5.3452
32154 5.3452
32155 5.3452
32156 5.3452
32157 5.3452
32158 5.3452
32159 5.3452
32160 5.3452
32161 5.3452
32162 5.3452
32163 5.3452
32164 5.3452
32165 5.3452
32166 5.3452
32167 5.3452
32168 5.3452
32169 5.3452
32170 5.3452
32171 5.3452
32172 5.3452
32173 5.3452
32174 5.3452
32175 5.3452
32176 5.3452
32177 5.3452
32178 5.3452
32179 5.3452
32180 5.3452
32181 5.3452
32182 5.3452
32183 5.3452
32184 5.3452
32185 5.3452
32186 5.3452
32187 5.3452
32188 5.3452
32189 5.3452
32190 5.3452
32191 5.3452
32192 5.3452
32193 5.3452
32194 5.3452
32195 5.3452
32196 5.3452
32197 5.3452
32198 5.3452
32199 5.3452
32200 5.3452
32201 4.91854
32202 4.91854
32203 4.91854
32204 4.91854
32205 4.91854
32206 4.91854
32207 4.91854
32208 4.91854
32209 4.91854
32210 4.91854
32211 4.91854
32212 4.91854
32213 4.91854
32214 4.91854
32215 4.91854
32216 4.91854
32217 4.91854
32218 4.91854
32219 4.91854
32220 4.91854
32221 4.91854
32222 4.91854
32223 4.91854
32224 4.91854
32225 4.91854
32226 4.91854
32227 4.91854
32228 4.91854
32229 4.91854
32230 4.91854
32231 4.91854
32232 4.91854
32233 4.91854
32234 4.91854
32235 4.91854
32236 4.91854
32237 4.91854
32238 4.91854
32239 4.91854
32240 4.91854
32241 4.91854
32242 4.91854
32243 4.91854
32244 4.91854
32245 4.91854
32246 4.91854
32247 4.91854
32248 4.91854
32249 4.91854
32250 4.91854
32251 1.74233
32252 1.74233
32253 1.74233
32254 1.74233
32255 1.74233
32256 1.74233
32257 1.74233
32258 1.74233
32259 1.74233
32260 1.74233
32261 1.74233
32262 1.74233
32263 1.74233
32264 1.74233
32265 1.74233
32266 1.74233
32267 1.74233
32268 1.74233
32269 1.74233
32270 1.74233
32271 1.74233
32272 1.74233
32273 1.74233
32274 1.74233
32275 1.74233
32276 1.74233
32277 1.74233
32278 1.74233
32279 1.74233
32280 1.74233
32281 1.74233
32282 1.74233
32283 1.74233
32284 1.74233
32285 1.74233
32286 1.74233
32287 1.74233
32288 1.74233
32289 1.74233
32290 1.74233
32291 1.74233
32292 1.74233
32293 1.74233
32294 1.74233
32295 1.74233
32296 1.74233
32297 1.74233
32298 1.74233
32299 1.74233
32300 1.74233
32301 3.19607
32302 3.19607
32303 3.19607
32304 3.19607
32305 3.19607
32306 3.19607
32307 3.19607
32308 3.19607
32309 3.19607
32310 3.19607
32311 3.19607
32312 3.19607
32313 3.19607
32314 3.19607
32315 3.19607
32316 3.19607
32317 3.19607
32318 3.19607
32319 3.19607
32320 3.19607
32321 3.19607
32322 3.19607
32323 3.19607
32324 3.19607
32325 3.19607
32326 3.19607
32327 3.19607
32328 3.19607
32329 3.19607
32330 3.19607
32331 3.19607
32332 3.19607
32333 3.19607
32334 3.19607
32335 3.19607
32336 3.19607
32337 3.19607
32338 3.19607
32339 3.19607
32340 3.19607
32341 3.19607
32342 3.19607
32343 3.19607
32344 3.19607
32345 3.19607
32346 3.19607
32347 3.19607
32348 3.19607
32349 3.19607
32350 3.19607
32351 3.87029
32352 3.87029
32353 3.87029
32354 3.87029
32355 3.87029
32356 3.87029
32357 3.87029
32358 3.87029
32359 3.87029
32360 3.87029
32361 3.87029
32362 3.87029
32363 3.87029
32364 3.87029
32365 3.87029
32366 3.87029
32367 3.87029
32368 3.87029
32369 3.87029
32370 3.87029
32371 3.87029
32372 3.87029
32373 3.87029
32374 3.87029
32375 3.87029
32376 3.87029
32377 3.87029
32378 3.87029
32379 3.87029
32380 3.87029
32381 3.87029
32382 3.87029
32383 3.87029
32384 3.87029
32385 3.87029
32386 3.87029
32387 3.87029
32388 3.87029
32389 3.87029
32390 3.87029
32391 3.87029
32392 3.87029
32393 3.87029
32394 3.87029
32395 3.87029
32396 3.87029
32397 3.87029
32398 3.87029
32399 3.87029
32400 3.87029
32401 1.05058
32402 1.05058
32403 1.05058
32404 1.05058
32405 1.05058
32406 1.05058
32407 1.05058
32408 1.05058
32409 1.05058
32410 1.05058
32411 1.05058
32412 1.05058
32413 1.05058
32414 1.05058
32415 1.05058
32416 1.05058
32417 1.05058
32418 1.05058
32419 1.05058
32420 1.05058
32421 1.05058
32422 1.05058
32423 1.05058
32424 1.05058
32425 1.05058
32426 1.05058
32427 1.05058
32428 1.05058
32429 1.05058
32430 1.05058
32431 1.05058
32432 1.05058
32433 1.05058
32434 1.05058
32435 1.05058
32436 1.05058
32437 1.05058
32438 1.05058
32439 1.05058
32440 1.05058
32441 1.05058
32442 1.05058
32443 1.05058
32444 1.05058
32445 1.05058
32446 1.05058
32447 1.05058
32448 1.05058
32449 1.05058
32450 1.05058
32451 3.95201
32452 3.95201
32453 3.95201
32454 3.95201
32455 3.95201
32456 3.95201
32457 3.95201
32458 3.95201
32459 3.95201
32460 3.95201
32461 3.95201
32462 3.95201
32463 3.95201
32464 3.95201
32465 3.95201
32466 3.95201
32467 3.95201
32468 3.95201
32469 3.95201
32470 3.95201
32471 3.95201
32472 3.95201
32473 3.95201
32474 3.95201
32475 3.95201
32476 3.95201
32477 3.95201
32478 3.95201
32479 3.95201
32480 3.95201
32481 3.95201
32482 3.95201
32483 3.95201
32484 3.95201
32485 3.95201
32486 3.95201
32487 3.95201
32488 3.95201
32489 3.95201
32490 3.95201
32491 3.95201
32492 3.95201
32493 3.95201
32494 3.95201
32495 3.95201
32496 3.95201
32497 3.95201
32498 3.95201
32499 3.95201
32500 3.95201
32501 4.72837
32502 4.72837
32503 4.72837
32504 4.72837
32505 4.72837
32506 4.72837
32507 4.72837
32508 4.72837
32509 4.72837
32510 4.72837
32511 4.72837
32512 4.72837
32513 4.72837
32514 4.72837
32515 4.72837
32516 4.72837
32517 4.72837
32518 4.72837
32519 4.72837
32520 4.72837
32521 4.72837
32522 4.72837
32523 4.72837
32524 4.72837
32525 4.72837
32526 4.72837
32527 4.72837
32528 4.72837
32529 4.72837
32530 4.72837
32531 4.72837
32532 4.72837
32533 4.72837
32534 4.72837
32535 4.72837
32536 4.72837
32537 4.72837
32538 4.72837
32539 4.72837
32540 4.72837
32541 4.72837
32542 4.72837
32543 4.72837
32544 4.72837
32545 4.72837
32546 4.72837
32547 4.72837
32548 4.72837
32549 4.72837
32550 4.72837
32551 1.27435
32552 1.27435
32553 1.27435
32554 1.27435
32555 1.27435
32556 1.27435
32557 1.27435
32558 1.27435
32559 1.27435
32560 1.27435
32561 1.27435
32562 1.27435
32563 1.27435
32564 1.27435
32565 1.27435
32566 1.27435
32567 1.27435
32568 1.27435
32569 1.27435
32570 1.27435
32571 1.27435
32572 1.27435
32573 1.27435
32574 1.27435
32575 1.27435
32576 1.27435
32577 1.27435
32578 1.27435
32579 1.27435
32580 1.27435
32581 1.27435
32582 1.27435
32583 1.27435
32584 1.27435
32585 1.27435
32586 1.27435
32587 1.27435
32588 1.27435
32589 1.27435
32590 1.27435
32591 1.27435
32592 1.27435
32593 1.27435
32594 1.27435
32595 1.27435
32596 1.27435
32597 1.27435
32598 1.27435
32599 1.27435
32600 1.27435
32601 3.57397
32602 3.57397
32603 3.57397
32604 3.57397
32605 3.57397
32606 3.57397
32607 3.57397
32608 3.57397
32609 3.57397
32610 3.57397
32611 3.57397
32612 3.57397
32613 3.57397
32614 3.57397
32615 3.57397
32616 3.57397
32617 3.57397
32618 3.57397
32619 3.57397
32620 3.57397
32621 3.57397
32622 3.57397
32623 3.57397
32624 3.57397
32625 3.57397
32626 3.57397
32627 3.57397
32628 3.57397
32629 3.57397
32630 3.57397
32631 3.57397
32632 3.57397
32633 3.57397
32634 3.57397
32635 3.57397
32636 3.57397
32637 3.57397
32638 3.57397
32639 3.57397
32640 3.57397
32641 3.57397
32642 3.57397
32643 3.57397
32644 3.57397
32645 3.57397
32646 3.57397
32647 3.57397
32648 3.57397
32649 3.57397
32650 3.57397
32651 2.31925
32652 2.31925
32653 2.31925
32654 2.31925
32655 2.31925
32656 2.31925
32657 2.31925
32658 2.31925
32659 2.31925
32660 2.31925
32661 2.31925
32662 2.31925
32663 2.31925
32664 2.31925
32665 2.31925
32666 2.31925
32667 2.31925
32668 2.31925
32669 2.31925
32670 2.31925
32671 2.31925
32672 2.31925
32673 2.31925
32674 2.31925
32675 2.31925
32676 2.31925
32677 2.31925
32678 2.31925
32679 2.31925
32680 2.31925
32681 2.31925
32682 2.31925
32683 2.31925
32684 2.31925
32685 2.31925
32686 2.31925
32687 2.31925
32688 2.31925
32689 2.31925
32690 2.31925
32691 2.31925
32692 2.31925
32693 2.31925
32694 2.31925
32695 2.31925
32696 2.31925
32697 2.31925
32698 2.31925
32699 2.31925
32700 2.31925
32701 3.37458
32702 3.37458
32703 3.37458
32704 3.37458
32705 3.37458
32706 3.37458
32707 3.37458
32708 3.37458
32709 3.37458
32710 3.37458
32711 3.37458
32712 3.37458
32713 3.37458
32714 3.37458
32715 3.37458
32716 3.37458
32717 3.37458
32718 3.37458
32719 3.37458
32720 3.37458
32721 3.37458
32722 3.37458
32723 3.37458
32724 3.37458
32725 3.37458
32726 3.37458
32727 3.37458
32728 3.37458
32729 3.37458
32730 3.37458
32731 3.37458
32732 3.37458
32733 3.37458
32734 3.37458
32735 3.37458
32736 3.37458
32737 3.37458
32738 3.37458
32739 3.37458
32740 3.37458
32741 3.37458
32742 3.37458
32743 3.37458
32744 3.37458
32745 3.37458
32746 3.37458
32747 3.37458
32748 3.37458
32749 3.37458
32750 3.37458
32751 5.25839
32752 5.25839
32753 5.25839
32754 5.25839
32755 5.25839
32756 5.25839
32757 5.25839
32758 5.25839
32759 5.25839
32760 5.25839
32761 5.25839
32762 5.25839
32763 5.25839
32764 5.25839
32765 5.25839
32766 5.25839
32767 5.25839
32768 5.25839
32769 5.25839
32770 5.25839
32771 5.25839
32772 5.25839
32773 5.25839
32774 5.25839
32775 5.25839
32776 5.25839
32777 5.25839
32778 5.25839
32779 5.25839
32780 5.25839
32781 5.25839
32782 5.25839
32783 5.25839
32784 5.25839
32785 5.25839
32786 5.25839
32787 5.25839
32788 5.25839
32789 5.25839
32790 5.25839
32791 5.25839
32792 5.25839
32793 5.25839
32794 5.25839
32795 5.25839
32796 5.25839
32797 5.25839
32798 5.25839
32799 5.25839
32800 5.25839
32801 4.46792
32802 4.46792
32803 4.46792
32804 4.46792
32805 4.46792
32806 4.46792
32807 4.46792
32808 4.46792
32809 4.46792
32810 4.46792
32811 4.46792
32812 4.46792
32813 4.46792
32814 4.46792
32815 4.46792
32816 4.46792
32817 4.46792
32818 4.46792
32819 4.46792
32820 4.46792
32821 4.46792
32822 4.46792
32823 4.46792
32824 4.46792
32825 4.46792
32826 4.46792
32827 4.46792
32828 4.46792
32829 4.46792
32830 4.46792
32831 4.46792
32832 4.46792
32833 4.46792
32834 4.46792
32835 4.46792
32836 4.46792
32837 4.46792
32838 4.46792
32839 4.46792
32840 4.46792
32841 4.46792
32842 4.46792
32843 4.46792
32844 4.46792
32845 4.46792
32846 4.46792
32847 4.46792
32848 4.46792
32849 4.46792
32850 4.46792
32851 2.70974
32852 2.70974
32853 2.70974
32854 2.70974
32855 2.70974
32856 2.70974
32857 2.70974
32858 2.70974
32859 2.70974
32860 2.70974
32861 2.70974
32862 2.70974
32863 2.70974
32864 2.70974
32865 2.70974
32866 2.70974
32867 2.70974
32868 2.70974
32869 2.70974
32870 2.70974
32871 2.70974
32872 2.70974
32873 2.70974
32874 2.70974
32875 2.70974
32876 2.70974
32877 2.70974
32878 2.70974
32879 2.70974
32880 2.70974
32881 2.70974
32882 2.70974
32883 2.70974
32884 2.70974
32885 2.70974
32886 2.70974
32887 2.70974
32888 2.70974
32889 2.70974
32890 2.70974
32891 2.70974
32892 2.70974
32893 2.70974
32894 2.70974
32895 2.70974
32896 2.70974
32897 2.70974
32898 2.70974
32899 2.70974
32900 2.70974
32901 1.23707
32902 1.23707
32903 1.23707
32904 1.23707
32905 1.23707
32906 1.23707
32907 1.23707
32908 1.23707
32909 1.23707
32910 1.23707
32911 1.23707
32912 1.23707
32913 1.23707
32914 1.23707
32915 1.23707
32916 1.23707
32917 1.23707
32918 1.23707
32919 1.23707
32920 1.23707
32921 1.23707
32922 1.23707
32923 1.23707
32924 1.23707
32925 1.23707
32926 1.23707
32927 1.23707
32928 1.23707
32929 1.23707
32930 1.23707
32931 1.23707
32932 1.23707
32933 1.23707
32934 1.23707
32935 1.23707
32936 1.23707
32937 1.23707
32938 1.23707
32939 1.23707
32940 1.23707
32941 1.23707
32942 1.23707
32943 1.23707
32944 1.23707
32945 1.23707
32946 1.23707
32947 1.23707
32948 1.23707
32949 1.23707
32950 1.23707
32951 2.60997
32952 2.60997
32953 2.60997
32954 2.60997
32955 2.60997
32956 2.60997
32957 2.60997
32958 2.60997
32959 2.60997
32960 2.60997
32961 2.60997
32962 2.60997
32963 2.60997
32964 2.60997
32965 2.60997
32966 2.60997
32967 2.60997
32968 2.60997
32969 2.60997
32970 2.60997
32971 2.60997
32972 2.60997
32973 2.60997
32974 2.60997
32975 2.60997
32976 2.60997
32977 2.60997
32978 2.60997
32979 2.60997
32980 2.60997
32981 2.60997
32982 2.60997
32983 2.60997
32984 2.60997
32985 2.60997
32986 2.60997
32987 2.60997
32988 2.60997
32989 2.60997
32990 2.60997
32991 2.60997
32992 2.60997
32993 2.60997
32994 2.60997
32995 2.60997
32996 2.60997
32997 2.60997
32998 2.60997
32999 2.60997
33000 2.60997
33001 5.54087
33002 5.54087
33003 5.54087
33004 5.54087
33005 5.54087
33006 5.54087
33007 5.54087
33008 5.54087
33009 5.54087
33010 5.54087
33011 5.54087
33012 5.54087
33013 5.54087
33014 5.54087
33015 5.54087
33016 5.54087
33017 5.54087
33018 5.54087
33019 5.54087
33020 5.54087
33021 5.54087
33022 5.54087
33023 5.54087
33024 5.54087
33025 5.54087
33026 5.54087
33027 5.54087
33028 5.54087
33029 5.54087
33030 5.54087
33031 5.54087
33032 5.54087
33033 5.54087
33034 5.54087
33035 5.54087
33036 5.54087
33037 5.54087
33038 5.54087
33039 5.54087
33040 5.54087
33041 5.54087
33042 5.54087
33043 5.54087
33044 5.54087
33045 5.54087
33046 5.54087
33047 5.54087
33048 5.54087
33049 5.54087
33050 5.54087
33051 1.71808
33052 1.71808
33053 1.71808
33054 1.71808
33055 1.71808
33056 1.71808
33057 1.71808
33058 1.71808
33059 1.71808
33060 1.71808
33061 1.71808
33062 1.71808
33063 1.71808
33064 1.71808
33065 1.71808
33066 1.71808
33067 1.71808
33068 1.71808
33069 1.71808
33070 1.71808
33071 1.71808
33072 1.71808
33073 1.71808
33074 1.71808
33075 1.71808
33076 1.71808
33077 1.71808
33078 1.71808
33079 1.71808
33080 1.71808
33081 1.71808
33082 1.71808
33083 1.71808
33084 1.71808
33085 1.71808
33086 1.71808
33087 1.71808
33088 1.71808
33089 1.71808
33090 1.71808
33091 1.71808
33092 1.71808
33093 1.71808
33094 1.71808
33095 1.71808
33096 1.71808
33097 1.71808
33098 1.71808
33099 1.71808
33100 1.71808
33101 0.657192
33102 0.657192
33103 0.657192
33104 0.657192
33105 0.657192
33106 0.657192
33107 0.657192
33108 0.657192
33109 0.657192
33110 0.657192
33111 0.657192
33112 0.657192
33113 0.657192
33114 0.657192
33115 0.657192
33116 0.657192
33117 0.657192
33118 0.657192
33119 0.657192
33120 0.657192
33121 0.657192
33122 0.657192
33123 0.657192
33124 0.657192
33125 0.657192
33126 0.657192
33127 0.657192
33128 0.657192
33129 0.657192
33130 0.657192
33131 0.657192
33132 0.657192
33133 0.657192
33134 0.657192
33135 0.657192
33136 0.657192
33137 0.657192
33138 0.657192
33139 0.657192
33140 0.657192
33141 0.657192
33142 0.657192
33143 0.657192
33144 0.657192
33145 0.657192
33146 0.657192
33147 0.657192
33148 0.657192
33149 0.657192
33150 0.657192
33151 3.15263
33152 3.15263
33153 3.15263
33154 3.15263
33155 3.15263
33156 3.15263
33157 3.15263
33158 3.15263
33159 3.15263
33160 3.15263
33161 3.15263
33162 3.15263
33163 3.15263
33164 3.15263
33165 3.15263
33166 3.15263
33167 3.15263
33168 3.15263
33169 3.15263
33170 3.15263
33171 3.15263
33172 3.15263
33173 3.15263
33174 3.15263
33175 3.15263
33176 3.15263
33177 3.15263
33178 3.15263
33179 3.15263
33180 3.15263
33181 3.15263
33182 3.15263
33183 3.15263
33184 3.15263
33185 3.15263
33186 3.15263
33187 3.15263
33188 3.15263
33189 3.15263
33190 3.15263
33191 3.15263
33192 3.15263
33193 3.15263
33194 3.15263
33195 3.15263
33196 3.15263
33197 3.15263
33198 3.15263
33199 3.15263
33200 3.15263
33201 3.74596
33202 3.74596
33203 3.74596
33204 3.74596
33205 3.74596
33206 3.74596
33207 3.74596
33208 3.74596
33209 3.74596
33210 3.74596
33211 3.74596
33212 3.74596
33213 3.74596
33214 3.74596
33215 3.74596
33216 3.74596
33217 3.74596
33218 3.74596
33219 3.74596
33220 3.74596
33221 3.74596
33222 3.74596
33223 3.74596
33224 3.74596
33225 3.74596
33226 3.74596
33227 3.74596
33228 3.74596
33229 3.74596
33230 3.74596
33231 3.74596
33232 3.74596
33233 3.74596
33234 3.74596
33235 3.74596
33236 3.74596
33237 3.74596
33238 3.74596
33239 3.74596
33240 3.74596
33241 3.74596
33242 3.74596
33243 3.74596
33244 3.74596
33245 3.74596
33246 3.74596
33247 3.74596
33248 3.74596
33249 3.74596
33250 3.74596
33251 0.99898
33252 0.99898
33253 0.99898
33254 0.99898
33255 0.99898
33256 0.99898
33257 0.99898
33258 0.99898
33259 0.99898
33260 0.99898
33261 0.99898
33262 0.99898
33263 0.99898
33264 0.99898
33265 0.99898
33266 0.99898
33267 0.99898
33268 0.99898
33269 0.99898
33270 0.99898
33271 0.99898
33272 0.99898
33273 0.99898
33274 0.99898
33275 0.99898
33276 0.99898
33277 0.99898
33278 0.99898
33279 0.99898
33280 0.99898
33281 0.99898
33282 0.99898
33283 0.99898
33284 0.99898
33285 0.99898
33286 0.99898
33287 0.99898
33288 0.99898
33289 0.99898
33290 0.99898
33291 0.99898
33292 0.99898
33293 0.99898
33294 0.99898
33295 0.99898
33296 0.99898
33297 0.99898
33298 0.99898
33299 0.99898
33300 0.99898
33301 2.21157
33302 2.21157
33303 2.21157
33304 2.21157
33305 2.21157
33306 2.21157
33307 2.21157
33308 2.21157
33309 2.21157
33310 2.21157
33311 2.21157
33312 2.21157
33313 2.21157
33314 2.21157
33315 2.21157
33316 2.21157
33317 2.21157
33318 2.21157
33319 2.21157
33320 2.21157
33321 2.21157
33322 2.21157
33323 2.21157
33324 2.21157
33325 2.21157
33326 2.21157
33327 2.21157
33328 2.21157
33329 2.21157
33330 2.21157
33331 2.21157
33332 2.21157
33333 2.21157
33334 2.21157
33335 2.21157
33336 2.21157
33337 2.21157
33338 2.21157
33339 2.21157
33340 2.21157
33341 2.21157
33342 2.21157
33343 2.21157
33344 2.21157
33345 2.21157
33346 2.21157
33347 2.21157
33348 2.21157
33349 2.21157
33350 2.21157
33351 5.92192
33352 5.92192
33353 5.92192
33354 5.92192
33355 5.92192
33356 5.92192
33357 5.92192
33358 5.92192
33359 5.92192
33360 5.92192
33361 5.92192
33362 5.92192
33363 5.92192
33364 5.92192
33365 5.92192
33366 5.92192
33367 5.92192
33368 5.92192
33369 5.92192
33370 5.92192
33371 5.92192
33372 5.92192
33373 5.92192
33374 5.92192
33375 5.92192
33376 5.92192
33377 5.92192
33378 5.92192
33379 5.92192
33380 5.92192
33381 5.92192
33382 5.92192
33383 5.92192
33384 5.92192
33385 5.92192
33386 5.92192
33387 5.92192
33388 5.92192
33389 5.92192
33390 5.92192
33391 5.92192
33392 5.92192
33393 5.92192
33394 5.92192
33395 5.92192
33396 5.92192
33397 5.92192
33398 5.92192
33399 5.92192
33400 5.92192
33401 0.0775682
33402 0.0775682
33403 0.0775682
33404 0.0775682
33405 0.0775682
33406 0.0775682
33407 0.0775682
33408 0.0775682
33409 0.0775682
33410 0.0775682
33411 0.0775682
33412 0.0775682
33413 0.0775682
33414 0.0775682
33415 0.0775682
33416 0.0775682
33417 0.0775682
33418 0.0775682
33419 0.0775682
33420 0.0775682
33421 0.0775682
33422 0.0775682
33423 0.0775682
33424 0.0775682
33425 0.0775682
33426 0.0775682
33427 0.0775682
33428 0.0775682
33429 0.0775682
33430 0.0775682
33431 0.0775682
33432 0.0775682
33433 0.0775682
33434 0.0775682
33435 0.0775682
33436 0.0775682
33437 0.0775682
33438 0.0775682
33439 0.0775682
33440 0.0775682
33441 0.0775682
33442 0.0775682
33443 0.0775682
33444 0.0775682
33445 0.0775682
33446 0.0775682
33447 0.0775682
33448 0.0775682
33449 0.0775682
33450 0.0775682
33451 4.24604
33452 4.24604
33453 4.24604
33454 4.24604
33455 4.24604
33456 4.24604
33457 4.24604
33458 4.24604
33459 4.24604
33460 4.24604
33461 4.24604
33462 4.24604
33463 4.24604
33464 4.24604
33465 4.24604
33466 4.24604
33467 4.24604
33468 4.24604
33469 4.24604
33470 4.24604
33471 4.24604
33472 4.24604
33473 4.24604
33474 4.24604
33475 4.24604
33476 4.24604
33477 4.24604
33478 4.24604
33479 4.24604
33480 4.24604
33481 4.24604
33482 4.24604
33483 4.24604
33484 4.24604
33485 4.24604
33486 4.24604
33487 4.24604
33488 4.24604
33489 4.24604
33490 4.24604
33491 4.24604
33492 4.24604
33493 4.24604
33494 4.24604
33495 4.24604
33496 4.24604
33497 4.24604
33498 4.24604
33499 4.24604
33500 4.24604
33501 5.69818
33502 5.69818
33503 5.69818
33504 5.69818
33505 5.69818
33506 5.69818
33507 5.69818
33508 5.69818
33509 5.69818
33510 5.69818
33511 5.69818
33512 5.69818
33513 5.69818
33514 5.69818
33515 5.69818
33516 5.69818
33517 5.69818
33518 5.69818
33519 5.69818
33520 5.69818
33521 5.69818
33522 5.69818
33523 5.69818
33524 5.69818
33525 5.69818
33526 5.69818
33527 5.69818
33528 5.69818
33529 5.69818
33530 5.69818
33531 5.69818
33532 5.69818
33533 5.69818
33534 5.69818
33535 5.69818
33536 5.69818
33537 5.69818
33538 5.69818
33539 5.69818
33540 5.69818
33541 5.69818
33542 5.69818
33543 5.69818
33544 5.69818
33545 5.69818
33546 5.69818
33547 5.69818
33548 5.69818
33549 5.69818
33550 5.69818
33551 1.24179
33552 1.24179
33553 1.24179
33554 1.24179
33555 1.24179
33556 1.24179
33557 1.24179
33558 1.24179
33559 1.24179
33560 1.24179
33561 1.24179
33562 1.24179
33563 1.24179
33564 1.24179
33565 1.24179
33566 1.24179
33567 1.24179
33568 1.24179
33569 1.24179
33570 1.24179
33571 1.24179
33572 1.24179
33573 1.24179
33574 1.24179
33575 1.24179
33576 1.24179
33577 1.24179
33578 1.24179
33579 1.24179
33580 1.24179
33581 1.24179
33582 1.24179
33583 1.24179
33584 1.24179
33585 1.24179
33586 1.24179
33587 1.24179
33588 1.24179
33589 1.24179
33590 1.24179
33591 1.24179
33592 1.24179
33593 1.24179
33594 1.24179
33595 1.24179
33596 1.24179
33597 1.24179
33598 1.24179
33599 1.24179
33600 1.24179
33601 2.25206
33602 2.25206
33603 2.25206
33604 2.25206
33605 2.25206
33606 2.25206
33607 2.25206
33608 2.25206
33609 2.25206
33610 2.25206
33611 2.25206
33612 2.25206
33613 2.25206
33614 2.25206
33615 2.25206
33616 2.25206
33617 2.25206
33618 2.25206
33619 2.25206
33620 2.25206
33621 2.25206
33622 2.25206
33623 2.25206
33624 2.25206
33625 2.25206
33626 2.25206
33627 2.25206
33628 2.25206
33629 2.25206
33630 2.25206
33631 2.25206
33632 2.25206
33633 2.25206
33634 2.25206
33635 2.25206
33636 2.25206
33637 2.25206
33638 2.25206
33639 2.25206
33640 2.25206
33641 2.25206
33642 2.25206
33643 2.25206
33644 2.25206
33645 2.25206
33646 2.25206
33647 2.25206
33648 2.25206
33649 2.25206
33650 2.25206
33651 5.63276
33652 5.63276
33653 5.63276
33654 5.63276
33655 5.63276
33656 5.63276
33657 5.63276
33658 5.63276
33659 5.63276
33660 5.63276
33661 5.63276
33662 5.63276
33663 5.63276
33664 5.63276
33665 5.63276
33666 5.63276
33667 5.63276
33668 5.63276
33669 5.63276
33670 5.63276
33671 5.63276
33672 5.63276
33673 5.63276
33674 5.63276
33675 5.63276
33676 5.63276
33677 5.63276
33678 5.63276
33679 5.63276
33680 5.63276
33681 5.63276
33682 5.63276
33683 5.63276
33684 5.63276
33685 5.63276
33686 5.63276
33687 5.63276
33688 5.63276
33689 5.63276
33690 5.63276
33691 5.63276
33692 5.63276
33693 5.63276
33694 5.63276
33695 5.63276
33696 5.63276
33697 5.63276
33698 5.63276
33699 5.63276
33700 5.63276
33701 5.48688
33702 5.48688
33703 5.48688
33704 5.48688
33705 5.48688
33706 5.48688
33707 5.48688
33708 5.48688
33709 5.48688
33710 5.48688
33711 5.48688
33712 5.48688
33713 5.48688
33714 5.48688
33715 5.48688
33716 5.48688
33717 5.48688
33718 5.48688
33719 5.48688
33720 5.48688
33721 5.48688
33722 5.48688
33723 5.48688
33724 5.48688
33725 5.48688
33726 5.48688
33727 5.48688
33728 5.48688
33729 5.48688
33730 5.48688
33731 5.48688
33732 5.48688
33733 5.48688
33734 5.48688
33735 5.48688
33736 5.48688
33737 5.48688
33738 5.48688
33739 5.48688
33740 5.48688
33741 5.48688
33742 5.48688
33743 5.48688
33744 5.48688
33745 5.48688
33746 5.48688
33747 5.48688
33748 5.48688
33749 5.48688
33750 5.48688
33751 5.28301
33752 5.28301
33753 5.28301
33754 5.28301
33755 5.28301
33756 5.28301
33757 5.28301
33758 5.28301
33759 5.28301
33760 5.28301
33761 5.28301
33762 5.28301
33763 5.28301
33764 5.28301
33765 5.28301
33766 5.28301
33767 5.28301
33768 5.28301
33769 5.28301
33770 5.28301
33771 5.28301
33772 5.28301
33773 5.28301
33774 5.28301
33775 5.28301
33776 5.28301
33777 5.28301
33778 5.28301
33779 5.28301
33780 5.28301
33781 5.28301
33782 5.28301
33783 5.28301
33784 5.28301
33785 5.28301
33786 5.28301
33787 5.28301
33788 5.28301
33789 5.28301
33790 5.28301
33791 5.28301
33792 5.28301
33793 5.28301
33794 5.28301
33795 5.28301
33796 5.28301
33797 5.28301
33798 5.28301
33799 5.28301
33800 5.28301
33801 4.01257
33802 4.01257
33803 4.01257
33804 4.01257
33805 4.01257
33806 4.01257
33807 4.01257
33808 4.01257
33809 4.01257
33810 4.01257
33811 4.01257
33812 4.01257
33813 4.01257
33814 4.01257
33815 4.01257
33816 4.01257
33817 4.01257
33818 4.01257
33819 4.01257
33820 4.01257
33821 4.01257
33822 4.01257
33823 4.01257
33824 4.01257
33825 4.01257
33826 4.01257
33827 4.01257
33828 4.01257
33829 4.01257
33830 4.01257
33831 4.01257
33832 4.01257
33833 4.01257
33834 4.01257
33835 4.01257
33836 4.01257
33837 4.01257
33838 4.01257
33839 4.01257
33840 4.01257
33841 4.01257
33842 4.01257
33843 4.01257
33844 4.01257
33845 4.01257
33846 4.01257
33847 4.01257
33848 4.01257
33849 4.01257
33850 4.01257
33851 5.97259
33852 5.97259
33853 5.97259
33854 5.97259
33855 5.97259
33856 5.97259
33857 5.97259
33858 5.97259
33859 5.97259
33860 5.97259
33861 5.97259
33862 5.97259
33863 5.97259
33864 5.97259
33865 5.97259
33866 5.97259
33867 5.97259
33868 5.97259
33869 5.97259
33870 5.97259
33871 5.97259
33872 5.97259
33873 5.97259
33874 5.97259
33875 5.97259
33876 5.97259
33877 5.97259
33878 5.97259
33879 5.97259
33880 5.97259
33881 5.97259
33882 5.97259
33883 5.97259
33884 5.97259
33885 5.97259
33886 5.97259
33887 5.97259
33888 5.97259
33889 5.97259
33890 5.97259
33891 5.97259
33892 5.97259
33893 5.97259
33894 5.97259
33895 5.97259
33896 5.97259
33897 5.97259
33898 5.97259
33899 5.97259
33900 5.97259
33901 0.233267
33902 0.233267
33903 0.233267
33904 0.233267
33905 0.233267
33906 0.233267
33907 0.233267
33908 0.233267
33909 0.233267
33910 0.233267
33911 0.233267
33912 0.233267
33913 0.233267
33914 0.233267
33915 0.233267
33916 0.233267
33917 0.233267
33918 0.233267
33919 0.233267
33920 0.233267
33921 0.233267
33922 0.233267
33923 0.233267
33924 0.233267
33925 0.233267
33926 0.233267
33927 0.233267
33928 0.233267
33929 0.233267
33930 0.233267
33931 0.233267
33932 0.233267
33933 0.233267
33934 0.233267
33935 0.233267
33936 0.233267
33937 0.233267
33938 0.233267
33939 0.233267
33940 0.233267
33941 0.233267
33942 0.233267
33943 0.233267
33944 0.233267
33945 0.233267
33946 0.233267
33947 0.233267
33948 0.233267
33949 0.233267
33950 0.233267
33951 2.89001
33952 2.89001
33953 2.89001
33954 2.89001
33955 2.89001
33956 2.89001
33957 2.89001
33958 2.89001
33959 2.89001
33960 2.89001
33961 2.89001
33962 2.89001
33963 2.89001
33964 2.89001
33965 2.89001
33966 2.89001
33967 2.89001
33968 2.89001
33969 2.89001
33970 2.89001
33971 2.89001
33972 2.89001
33973 2.89001
33974 2.89001
33975 2.89001
33976 2.89001
33977 2.89001
33978 2.89001
33979 2.89001
33980 2.89001
33981 2.89001
33982 2.89001
33983 2.89001
33984 2.89001
33985 2.89001
33986 2.89001
33987 2.89001
33988 2.89001
33989 2.89001
33990 2.89001
33991 2.89001
33992 2.89001
33993 2.89001
33994 2.89001
33995 2.89001
33996 2.89001
33997 2.89001
33998 2.89001
33999 2.89001
34000 2.89001
34001 6.2231
34002 6.2231
34003 6.2231
34004 6.2231
34005 6.2231
34006 6.2231
34007 6.2231
34008 6.2231
34009 6.2231
34010 6.2231
34011 6.2231
34012 6.2231
34013 6.2231
34014 6.2231
34015 6.2231
34016 6.2231
34017 6.2231
34018 6.2231
34019 6.2231
34020 6.2231
34021 6.2231
34022 6.2231
34023 6.2231
34024 6.2231
34025 6.2231
34026 6.2231
34027 6.2231
34028 6.2231
34029 6.2231
34030 6.2231
34031 6.2231
34032 6.2231
34033 6.2231
34034 6.2231
34035 6.2231
34036 6.2231
34037 6.2231
34038 6.2231
34039 6.2231
34040 6.2231
34041 6.2231
34042 6.2231
34043 6.2231
34044 6.2231
34045 6.2231
34046 6.2231
34047 6.2231
34048 6.2231
34049 6.2231
34050 6.2231
34051 5.86989
34052 5.86989
34053 5.86989
34054 5.86989
34055 5.86989
34056 5.86989
34057 5.86989
34058 5.86989
34059 5.86989
34060 5.86989
34061 5.86989
34062 5.86989
34063 5.86989
34064 5.86989
34065 5.86989
34066 5.86989
34067 5.86989
34068 5.86989
34069 5.86989
34070 5.86989
34071 5.86989
34072 5.86989
34073 5.86989
34074 5.86989
34075 5.86989
34076 5.86989
34077 5.86989
34078 5.86989
34079 5.86989
34080 5.86989
34081 5.86989
34082 5.86989
34083 5.86989
34084 5.86989
34085 5.86989
34086 5.86989
34087 5.86989
34088 5.86989
34089 5.86989
34090 5.86989
34091 5.86989
34092 5.86989
34093 5.86989
34094 5.86989
34095 5.86989
34096 5.86989
34097 5.86989
34098 5.86989
34099 5.86989
34100 5.86989
34101 4.96724
34102 4.96724
34103 4.96724
34104 4.96724
34105 4.96724
34106 4.96724
34107 4.96724
34108 4.96724
34109 4.96724
34110 4.96724
34111 4.96724
34112 4.96724
34113 4.96724
34114 4.96724
34115 4.96724
34116 4.96724
34117 4.96724
34118 4.96724
34119 4.96724
34120 4.96724
34121 4.96724
34122 4.96724
34123 4.96724
34124 4.96724
34125 4.96724
34126 4.96724
34127 4.96724
34128 4.96724
34129 4.96724
34130 4.96724
34131 4.96724
34132 4.96724
34133 4.96724
34134 4.96724
34135 4.96724
34136 4.96724
34137 4.96724
34138 4.96724
34139 4.96724
34140 4.96724
34141 4.96724
34142 4.96724
34143 4.96724
34144 4.96724
34145 4.96724
34146 4.96724
34147 4.96724
34148 4.96724
34149 4.96724
34150 4.96724
34151 0.175577
34152 0.175577
34153 0.175577
34154 0.175577
34155 0.175577
34156 0.175577
34157 0.175577
34158 0.175577
34159 0.175577
34160 0.175577
34161 0.175577
34162 0.175577
34163 0.175577
34164 0.175577
34165 0.175577
34166 0.175577
34167 0.175577
34168 0.175577
34169 0.175577
34170 0.175577
34171 0.175577
34172 0.175577
34173 0.175577
34174 0.175577
34175 0.175577
34176 0.175577
34177 0.175577
34178 0.175577
34179 0.175577
34180 0.175577
34181 0.175577
34182 0.175577
34183 0.175577
34184 0.175577
34185 0.175577
34186 0.175577
34187 0.175577
34188 0.175577
34189 0.175577
34190 0.175577
34191 0.175577
34192 0.175577
34193 0.175577
34194 0.175577
34195 0.175577
34196 0.175577
34197 0.175577
34198 0.175577
34199 0.175577
34200 0.175577
34201 4.75887
34202 4.75887
34203 4.75887
34204 4.75887
34205 4.75887
34206 4.75887
34207 4.75887
34208 4.75887
34209 4.75887
34210 4.75887
34211 4.75887
34212 4.75887
34213 4.75887
34214 4.75887
34215 4.75887
34216 4.75887
34217 4.75887
34218 4.75887
34219 4.75887
34220 4.75887
34221 4.75887
34222 4.75887
34223 4.75887
34224 4.75887
34225 4.75887
34226 4.75887
34227 4.75887
34228 4.75887
34229 4.75887
34230 4.75887
34231 4.75887
34232 4.75887
34233 4.75887
34234 4.75887
34235 4.75887
34236 4.75887
34237 4.75887
34238 4.75887
34239 4.75887
34240 4.75887
34241 4.75887
34242 4.75887
34243 4.75887
34244 4.75887
34245 4.75887
34246 4.75887
34247 4.75887
34248 4.75887
34249 4.75887
34250 4.75887
34251 4.09327
34252 4.09327
34253 4.09327
34254 4.09327
34255 4.09327
34256 4.09327
34257 4.09327
34258 4.09327
34259 4.09327
34260 4.09327
34261 4.09327
34262 4.09327
34263 4.09327
34264 4.09327
34265 4.09327
34266 4.09327
34267 4.09327
34268 4.09327
34269 4.09327
34270 4.09327
34271 4.09327
34272 4.09327
34273 4.09327
34274 4.09327
34275 4.09327
34276 4.09327
34277 4.09327
34278 4.09327
34279 4.09327
34280 4.09327
34281 4.09327
34282 4.09327
34283 4.09327
34284 4.09327
34285 4.09327
34286 4.09327
34287 4.09327
34288 4.09327
34289 4.09327
34290 4.09327
34291 4.09327
34292 4.09327
34293 4.09327
34294 4.09327
34295 4.09327
34296 4.09327
34297 4.09327
34298 4.09327
34299 4.09327
34300 4.09327
34301 0.383188
34302 0.383188
34303 0.383188
34304 0.383188
34305 0.383188
34306 0.383188
34307 0.383188
34308 0.383188
34309 0.383188
34310 0.383188
34311 0.383188
34312 0.383188
34313 0.383188
34314 0.383188
34315 0.383188
34316 0.383188
34317 0.383188
34318 0.383188
34319 0.383188
34320 0.383188
34321 0.383188
34322 0.383188
34323 0.383188
34324 0.383188
34325 0.383188
34326 0.383188
34327 0.383188
34328 0.383188
34329 0.383188
34330 0.383188
34331 0.383188
34332 0.383188
34333 0.383188
34334 0.383188
34335 0.383188
34336 0.383188
34337 0.383188
34338 0.383188
34339 0.383188
34340 0.383188
34341 0.383188
34342 0.383188
34343 0.383188
34344 0.383188
34345 0.383188
34346 0.383188
34347 0.383188
34348 0.383188
34349 0.383188
34350 0.383188
34351 6.1484
34352 6.1484
34353 6.1484
34354 6.1484
34355 6.1484
34356 6.1484
34357 6.1484
34358 6.1484
34359 6.1484
34360 6.1484
34361 6.1484
34362 6.1484
34363 6.1484
34364 6.1484
34365 6.1484
34366 6.1484
34367 6.1484
34368 6.1484
34369 6.1484
34370 6.1484
34371 6.1484
34372 6.1484
34373 6.1484
34374 6.1484
34375 6.1484
34376 6.1484
34377 6.1484
34378 6.1484
34379 6.1484
34380 6.1484
34381 6.1484
34382 6.1484
34383 6.1484
34384 6.1484
34385 6.1484
34386 6.1484
34387 6.1484
34388 6.1484
34389 6.1484
34390 6.1484
34391 6.1484
34392 6.1484
34393 6.1484
34394 6.1484
34395 6.1484
34396 6.1484
34397 6.1484
34398 6.1484
34399 6.1484
34400 6.1484
34401 0.595659
34402 0.595659
34403 0.595659
34404 0.595659
34405 0.595659
34406 0.595659
34407 0.595659
34408 0.595659
34409 0.595659
34410 0.595659
34411 0.595659
34412 0.595659
34413 0.595659
34414 0.595659
34415 0.595659
34416 0.595659
34417 0.595659
34418 0.595659
34419 0.595659
34420 0.595659
34421 0.595659
34422 0.595659
34423 0.595659
34424 0.595659
34425 0.595659
34426 0.595659
34427 0.595659
34428 0.595659
34429 0.595659
34430 0.595659
34431 0.595659
34432 0.595659
34433 0.595659
34434 0.595659
34435 0.595659
34436 0.595659
34437 0.595659
34438 0.595659
34439 0.595659
34440 0.595659
34441 0.595659
34442 0.595659
34443 0.595659
34444 0.595659
34445 0.595659
34446 0.595659
34447 0.595659
34448 0.595659
34449 0.595659
34450 0.595659
34451 6.14681
34452 6.14681
34453 6.14681
34454 6.14681
34455 6.14681
34456 6.14681
34457 6.14681
34458 6.14681
34459 6.14681
34460 6.14681
34461 6.14681
34462 6.14681
34463 6.14681
34464 6.14681
34465 6.14681
34466 6.14681
34467 6.14681
34468 6.14681
34469 6.14681
34470 6.14681
34471 6.14681
34472 6.14681
34473 6.14681
34474 6.14681
34475 6.14681
34476 6.14681
34477 6.14681
34478 6.14681
34479 6.14681
34480 6.14681
34481 6.14681
34482 6.14681
34483 6.14681
34484 6.14681
34485 6.14681
34486 6.14681
34487 6.14681
34488 6.14681
34489 6.14681
34490 6.14681
34491 6.14681
34492 6.14681
34493 6.14681
34494 6.14681
34495 6.14681
34496 6.14681
34497 6.14681
34498 6.14681
34499 6.14681
34500 6.14681
34501 2.4036
34502 2.4036
34503 2.4036
34504 2.4036
34505 2.4036
34506 2.4036
34507 2.4036
34508 2.4036
34509 2.4036
34510 2.4036
34511 2.4036
34512 2.4036
34513 2.4036
34514 2.4036
34515 2.4036
34516 2.4036
34517 2.4036
34518 2.4036
34519 2.4036
34520 2.4036
34521 2.4036
34522 2.4036
34523 2.4036
34524 2.4036
34525 2.4036
34526 2.4036
34527 2.4036
34528 2.4036
34529 2.4036
34530 2.4036
34531 2.4036
34532 2.4036
34533 2.4036
34534 2.4036
34535 2.4036
34536 2.4036
34537 2.4036
34538 2.4036
34539 2.4036
34540 2.4036
34541 2.4036
34542 2.4036
34543 2.4036
34544 2.4036
34545 2.4036
34546 2.4036
34547 2.4036
34548 2.4036
34549 2.4036
34550 2.4036
34551 1.4893
34552 1.4893
34553 1.4893
34554 1.4893
34555 1.4893
34556 1.4893
34557 1.4893
34558 1.4893
34559 1.4893
34560 1.4893
34561 1.4893
34562 1.4893
34563 1.4893
34564 1.4893
34565 1.4893
34566 1.4893
34567 1.4893
34568 1.4893
34569 1.4893
34570 1.4893
34571 1.4893
34572 1.4893
34573 1.4893
34574 1.4893
34575 1.4893
34576 1.4893
34577 1.4893
34578 1.4893
34579 1.4893
34580 1.4893
34581 1.4893
34582 1.4893
34583 1.4893
34584 1.4893
34585 1.4893
34586 1.4893
34587 1.4893
34588 1.4893
34589 1.4893
34590 1.4893
34591 1.4893
34592 1.4893
34593 1.4893
34594 1.4893
34595 1.4893
34596 1.4893
34597 1.4893
34598 1.4893
34599 1.4893
34600 1.4893
34601 6.13356
34602 6.13356
34603 6.13356
34604 6.13356
34605 6.13356
34606 6.13356
34607 6.13356
34608 6.13356
34609 6.13356
34610 6.13356
34611 6.13356
34612 6.13356
34613 6.13356
34614 6.13356
34615 6.13356
34616 6.13356
34617 6.13356
34618 6.13356
34619 6.13356
34620 6.13356
34621 6.13356
34622 6.13356
34623 6.13356
34624 6.13356
34625 6.13356
34626 6.13356
34627 6.13356
34628 6.13356
34629 6.13356
34630 6.13356
34631 6.13356
34632 6.13356
34633 6.13356
34634 6.13356
34635 6.13356
34636 6.13356
34637 6.13356
34638 6.13356
34639 6.13356
34640 6.13356
34641 6.13356
34642 6.13356
34643 6.13356
34644 6.13356
34645 6.13356
34646 6.13356
34647 6.13356
34648 6.13356
34649 6.13356
34650 6.13356
34651 0.319233
34652 0.319233
34653 0.319233
34654 0.319233
34655 0.319233
34656 0.319233
34657 0.319233
34658 0.319233
34659 0.319233
34660 0.319233
34661 0.319233
34662 0.319233
34663 0.319233
34664 0.319233
34665 0.319233
34666 0.319233
34667 0.319233
34668 0.319233
34669 0.319233
34670 0.319233
34671 0.319233
34672 0.319233
34673 0.319233
34674 0.319233
34675 0.319233
34676 0.319233
34677 0.319233
34678 0.319233
34679 0.319233
34680 0.319233
34681 0.319233
34682 0.319233
34683 0.319233
34684 0.319233
34685 0.319233
34686 0.319233
34687 0.319233
34688 0.319233
34689 0.319233
34690 0.319233
34691 0.319233
34692 0.319233
34693 0.319233
34694 0.319233
34695 0.319233
34696 0.319233
34697 0.319233
34698 0.319233
34699 0.319233
34700 0.319233
34701 5.20701
34702 5.20701
34703 5.20701
34704 5.20701
34705 5.20701
34706 5.20701
34707 5.20701
34708 5.20701
34709 5.20701
34710 5.20701
34711 5.20701
34712 5.20701
34713 5.20701
34714 5.20701
34715 5.20701
34716 5.20701
34717 5.20701
34718 5.20701
34719 5.20701
34720 5.20701
34721 5.20701
34722 5.20701
34723 5.20701
34724 5.20701
34725 5.20701
34726 5.20701
34727 5.20701
34728 5.20701
34729 5.20701
34730 5.20701
34731 5.20701
34732 5.20701
34733 5.20701
34734 5.20701
34735 5.20701
34736 5.20701
34737 5.20701
34738 5.20701
34739 5.20701
34740 5.20701
34741 5.20701
34742 5.20701
34743 5.20701
34744 5.20701
34745 5.20701
34746 5.20701
34747 5.20701
34748 5.20701
34749 5.20701
34750 5.20701
34751 5.15985
34752 5.15985
34753 5.15985
34754 5.15985
34755 5.15985
34756 5.15985
34757 5.15985
34758 5.15985
34759 5.15985
34760 5.15985
34761 5.15985
34762 5.15985
34763 5.15985
34764 5.15985
34765 5.15985
34766 5.15985
34767 5.15985
34768 5.15985
34769 5.15985
34770 5.15985
34771 5.15985
34772 5.15985
34773 5.15985
34774 5.15985
34775 5.15985
34776 5.15985
34777 5.15985
34778 5.15985
34779 5.15985
34780 5.15985
34781 5.15985
34782 5.15985
34783 5.15985
34784 5.15985
34785 5.15985
34786 5.15985
34787 5.15985
34788 5.15985
34789 5.15985
34790 5.15985
34791 5.15985
34792 5.15985
34793 5.15985
34794 5.15985
34795 5.15985
34796 5.15985
34797 5.15985
34798 5.15985
34799 5.15985
34800 5.15985
34801 2.54985
34802 2.54985
34803 2.54985
34804 2.54985
34805 2.54985
34806 2.54985
34807 2.54985
34808 2.54985
34809 2.54985
34810 2.54985
34811 2.54985
34812 2.54985
34813 2.54985
34814 2.54985
34815 2.54985
34816 2.54985
34817 2.54985
34818 2.54985
34819 2.54985
34820 2.54985
34821 2.54985
34822 2.54985
34823 2.54985
34824 2.54985
34825 2.54985
34826 2.54985
34827 2.54985
34828 2.54985
34829 2.54985
34830 2.54985
34831 2.54985
34832 2.54985
34833 2.54985
34834 2.54985
34835 2.54985
34836 2.54985
34837 2.54985
34838 2.54985
34839 2.54985
34840 2.54985
34841 2.54985
34842 2.54985
34843 2.54985
34844 2.54985
34845 2.54985
34846 2.54985
34847 2.54985
34848 2.54985
34849 2.54985
34850 2.54985
34851 2.65865
34852 2.65865
34853 2.65865
34854 2.65865
34855 2.65865
34856 2.65865
34857 2.65865
34858 2.65865
34859 2.65865
34860 2.65865
34861 2.65865
34862 2.65865
34863 2.65865
34864 2.65865
34865 2.65865
34866 2.65865
34867 2.65865
34868 2.65865
34869 2.65865
34870 2.65865
34871 2.65865
34872 2.65865
34873 2.65865
34874 2.65865
34875 2.65865
34876 2.65865
34877 2.65865
34878 2.65865
34879 2.65865
34880 2.65865
34881 2.65865
34882 2.65865
34883 2.65865
34884 2.65865
34885 2.65865
34886 2.65865
34887 2.65865
34888 2.65865
34889 2.65865
34890 2.65865
34891 2.65865
34892 2.65865
34893 2.65865
34894 2.65865
34895 2.65865
34896 2.65865
34897 2.65865
34898 2.65865
34899 2.65865
34900 2.65865
34901 5.07833
34902 5.07833
34903 5.07833
34904 5.07833
34905 5.07833
34906 5.07833
34907 5.07833
34908 5.07833
34909 5.07833
34910 5.07833
34911 5.07833
34912 5.07833
34913 5.07833
34914 5.07833
34915 5.07833
34916 5.07833
34917 5.07833
34918 5.07833
34919 5.07833
34920 5.07833
34921 5.07833
34922 5.07833
34923 5.07833
34924 5.07833
34925 5.07833
34926 5.07833
34927 5.07833
34928 5.07833
34929 5.07833
34930 5.07833
34931 5.07833
34932 5.07833
34933 5.07833
34934 5.07833
34935 5.07833
34936 5.07833
34937 5.07833
34938 5.07833
34939 5.07833
34940 5.07833
34941 5.07833
34942 5.07833
34943 5.07833
34944 5.07833
34945 5.07833
34946 5.07833
34947 5.07833
34948 5.07833
34949 5.07833
34950 5.07833
34951 1.55957
34952 1.55957
34953 1.55957
34954 1.55957
34955 1.55957
34956 1.55957
34957 1.55957
34958 1.55957
34959 1.55957
34960 1.55957
34961 1.55957
34962 1.55957
34963 1.55957
34964 1.55957
34965 1.55957
34966 1.55957
34967 1.55957
34968 1.55957
34969 1.55957
34970 1.55957
34971 1.55957
34972 1.55957
34973 1.55957
34974 1.55957
34975 1.55957
34976 1.55957
34977 1.55957
34978 1.55957
34979 1.55957
34980 1.55957
34981 1.55957
34982 1.55957
34983 1.55957
34984 1.55957
34985 1.55957
34986 1.55957
34987 1.55957
34988 1.55957
34989 1.55957
34990 1.55957
34991 1.55957
34992 1.55957
34993 1.55957
34994 1.55957
34995 1.55957
34996 1.55957
34997 1.55957
34998 1.55957
34999 1.55957
35000 1.55957
35001 5.73821
35002 5.73821
35003 5.73821
35004 5.73821
35005 5.73821
35006 5.73821
35007 5.73821
35008 5.73821
35009 5.73821
35010 5.73821
35011 5.73821
35012 5.73821
35013 5.73821
35014 5.73821
35015 5.73821
35016 5.73821
35017 5.73821
35018 5.73821
35019 5.73821
35020 5.73821
35021 5.73821
35022 5.73821
35023 5.73821
35024 5.73821
35025 5.73821
35026 5.73821
35027 5.73821
35028 5.73821
35029 5.73821
35030 5.73821
35031 5.73821
35032 5.73821
35033 5.73821
35034 5.73821
35035 5.73821
35036 5.73821
35037 5.73821
35038 5.73821
35039 5.73821
35040 5.73821
35041 5.73821
35042 5.73821
35043 5.73821
35044 5.73821
35045 5.73821
35046 5.73821
35047 5.73821
35048 5.73821
35049 5.73821
35050 5.73821
35051 3.41911
35052 3.41911
35053 3.41911
35054 3.41911
35055 3.41911
35056 3.41911
35057 3.41911
35058 3.41911
35059 3.41911
35060 3.41911
35061 3.41911
35062 3.41911
35063 3.41911
35064 3.41911
35065 3.41911
35066 3.41911
35067 3.41911
35068 3.41911
35069 3.41911
35070 3.41911
35071 3.41911
35072 3.41911
35073 3.41911
35074 3.41911
35075 3.41911
35076 3.41911
35077 3.41911
35078 3.41911
35079 3.41911
35080 3.41911
35081 3.41911
35082 3.41911
35083 3.41911
35084 3.41911
35085 3.41911
35086 3.41911
35087 3.41911
35088 3.41911
35089 3.41911
35090 3.41911
35091 3.41911
35092 3.41911
35093 3.41911
35094 3.41911
35095 3.41911
35096 3.41911
35097 3.41911
35098 3.41911
35099 3.41911
35100 3.41911
35101 5.47388
35102 5.47388
35103 5.47388
35104 5.47388
35105 5.47388
35106 5.47388
35107 5.47388
35108 5.47388
35109 5.47388
35110 5.47388
35111 5.47388
35112 5.47388
35113 5.47388
35114 5.47388
35115 5.47388
35116 5.47388
35117 5.47388
35118 5.47388
35119 5.47388
35120 5.47388
35121 5.47388
35122 5.47388
35123 5.47388
35124 5.47388
35125 5.47388
35126 5.47388
35127 5.47388
35128 5.47388
35129 5.47388
35130 5.47388
35131 5.47388
35132 5.47388
35133 5.47388
35134 5.47388
35135 5.47388
35136 5.47388
35137 5.47388
35138 5.47388
35139 5.47388
35140 5.47388
35141 5.47388
35142 5.47388
35143 5.47388
35144 5.47388
35145 5.47388
35146 5.47388
35147 5.47388
35148 5.47388
35149 5.47388
35150 5.47388
35151 5.58609
35152 5.58609
35153 5.58609
35154 5.58609
35155 5.58609
35156 5.58609
35157 5.58609
35158 5.58609
35159 5.58609
35160 5.58609
35161 5.58609
35162 5.58609
35163 5.58609
35164 5.58609
35165 5.58609
35166 5.58609
35167 5.58609
35168 5.58609
35169 5.58609
35170 5.58609
35171 5.58609
35172 5.58609
35173 5.58609
35174 5.58609
35175 5.58609
35176 5.58609
35177 5.58609
35178 5.58609
35179 5.58609
35180 5.58609
35181 5.58609
35182 5.58609
35183 5.58609
35184 5.58609
35185 5.58609
35186 5.58609
35187 5.58609
35188 5.58609
35189 5.58609
35190 5.58609
35191 5.58609
35192 5.58609
35193 5.58609
35194 5.58609
35195 5.58609
35196 5.58609
35197 5.58609
35198 5.58609
35199 5.58609
35200 5.58609
35201 5.33227
35202 5.33227
35203 5.33227
35204 5.33227
35205 5.33227
35206 5.33227
35207 5.33227
35208 5.33227
35209 5.33227
35210 5.33227
35211 5.33227
35212 5.33227
35213 5.33227
35214 5.33227
35215 5.33227
35216 5.33227
35217 5.33227
35218 5.33227
35219 5.33227
35220 5.33227
35221 5.33227
35222 5.33227
35223 5.33227
35224 5.33227
35225 5.33227
35226 5.33227
35227 5.33227
35228 5.33227
35229 5.33227
35230 5.33227
35231 5.33227
35232 5.33227
35233 5.33227
35234 5.33227
35235 5.33227
35236 5.33227
35237 5.33227
35238 5.33227
35239 5.33227
35240 5.33227
35241 5.33227
35242 5.33227
35243 5.33227
35244 5.33227
35245 5.33227
35246 5.33227
35247 5.33227
35248 5.33227
35249 5.33227
35250 5.33227
35251 3.22025
35252 3.22025
35253 3.22025
35254 3.22025
35255 3.22025
35256 3.22025
35257 3.22025
35258 3.22025
35259 3.22025
35260 3.22025
35261 3.22025
35262 3.22025
35263 3.22025
35264 3.22025
35265 3.22025
35266 3.22025
35267 3.22025
35268 3.22025
35269 3.22025
35270 3.22025
35271 3.22025
35272 3.22025
35273 3.22025
35274 3.22025
35275 3.22025
35276 3.22025
35277 3.22025
35278 3.22025
35279 3.22025
35280 3.22025
35281 3.22025
35282 3.22025
35283 3.22025
35284 3.22025
35285 3.22025
35286 3.22025
35287 3.22025
35288 3.22025
35289 3.22025
35290 3.22025
35291 3.22025
35292 3.22025
35293 3.22025
35294 3.22025
35295 3.22025
35296 3.22025
35297 3.22025
35298 3.22025
35299 3.22025
35300 3.22025
35301 4.58346
35302 4.58346
35303 4.58346
35304 4.58346
35305 4.58346
35306 4.58346
35307 4.58346
35308 4.58346
35309 4.58346
35310 4.58346
35311 4.58346
35312 4.58346
35313 4.58346
35314 4.58346
35315 4.58346
35316 4.58346
35317 4.58346
35318 4.58346
35319 4.58346
35320 4.58346
35321 4.58346
35322 4.58346
35323 4.58346
35324 4.58346
35325 4.58346
35326 4.58346
35327 4.58346
35328 4.58346
35329 4.58346
35330 4.58346
35331 4.58346
35332 4.58346
35333 4.58346
35334 4.58346
35335 4.58346
35336 4.58346
35337 4.58346
35338 4.58346
35339 4.58346
35340 4.58346
35341 4.58346
35342 4.58346
35343 4.58346
35344 4.58346
35345 4.58346
35346 4.58346
35347 4.58346
35348 4.58346
35349 4.58346
35350 4.58346
35351 2.89167
35352 2.89167
35353 2.89167
35354 2.89167
35355 2.89167
35356 2.89167
35357 2.89167
35358 2.89167
35359 2.89167
35360 2.89167
35361 2.89167
35362 2.89167
35363 2.89167
35364 2.89167
35365 2.89167
35366 2.89167
35367 2.89167
35368 2.89167
35369 2.89167
35370 2.89167
35371 2.89167
35372 2.89167
35373 2.89167
35374 2.89167
35375 2.89167
35376 2.89167
35377 2.89167
35378 2.89167
35379 2.89167
35380 2.89167
35381 2.89167
35382 2.89167
35383 2.89167
35384 2.89167
35385 2.89167
35386 2.89167
35387 2.89167
35388 2.89167
35389 2.89167
35390 2.89167
35391 2.89167
35392 2.89167
35393 2.89167
35394 2.89167
35395 2.89167
35396 2.89167
35397 2.89167
35398 2.89167
35399 2.89167
35400 2.89167
35401 3.44965
35402 3.44965
35403 3.44965
35404 3.44965
35405 3.44965
35406 3.44965
35407 3.44965
35408 3.44965
35409 3.44965
35410 3.44965
35411 3.44965
35412 3.44965
35413 3.44965
35414 3.44965
35415 3.44965
35416 3.44965
35417 3.44965
35418 3.44965
35419 3.44965
35420 3.44965
35421 3.44965
35422 3.44965
35423 3.44965
35424 3.44965
35425 3.44965
35426 3.44965
35427 3.44965
35428 3.44965
35429 3.44965
35430 3.44965
35431 3.44965
35432 3.44965
35433 3.44965
35434 3.44965
35435 3.44965
35436 3.44965
35437 3.44965
35438 3.44965
35439 3.44965
35440 3.44965
35441 3.44965
35442 3.44965
35443 3.44965
35444 3.44965
35445 3.44965
35446 3.44965
35447 3.44965
35448 3.44965
35449 3.44965
35450 3.44965
35451 1.90733
35452 1.90733
35453 1.90733
35454 1.90733
35455 1.90733
35456 1.90733
35457 1.90733
35458 1.90733
35459 1.90733
35460 1.90733
35461 1.90733
35462 1.90733
35463 1.90733
35464 1.90733
35465 1.90733
35466 1.90733
35467 1.90733
35468 1.90733
35469 1.90733
35470 1.90733
35471 1.90733
35472 1.90733
35473 1.90733
35474 1.90733
35475 1.90733
35476 1.90733
35477 1.90733
35478 1.90733
35479 1.90733
35480 1.90733
35481 1.90733
35482 1.90733
35483 1.90733
35484 1.90733
35485 1.90733
35486 1.90733
35487 1.90733
35488 1.90733
35489 1.90733
35490 1.90733
35491 1.90733
35492 1.90733
35493 1.90733
35494 1.90733
35495 1.90733
35496 1.90733
35497 1.90733
35498 1.90733
35499 1.90733
35500 1.90733
35501 2.74864
35502 2.74864
35503 2.74864
35504 2.74864
35505 2.74864
35506 2.74864
35507 2.74864
35508 2.74864
35509 2.74864
35510 2.74864
35511 2.74864
35512 2.74864
35513 2.74864
35514 2.74864
35515 2.74864
35516 2.74864
35517 2.74864
35518 2.74864
35519 2.74864
35520 2.74864
35521 2.74864
35522 2.74864
35523 2.74864
35524 2.74864
35525 2.74864
35526 2.74864
35527 2.74864
35528 2.74864
35529 2.74864
35530 2.74864
35531 2.74864
35532 2.74864
35533 2.74864
35534 2.74864
35535 2.74864
35536 2.74864
35537 2.74864
35538 2.74864
35539 2.74864
35540 2.74864
35541 2.74864
35542 2.74864
35543 2.74864
35544 2.74864
35545 2.74864
35546 2.74864
35547 2.74864
35548 2.74864
35549 2.74864
35550 2.74864
35551 5.95246
35552 5.95246
35553 5.95246
35554 5.95246
35555 5.95246
35556 5.95246
35557 5.95246
35558 5.95246
35559 5.95246
35560 5.95246
35561 5.95246
35562 5.95246
35563 5.95246
35564 5.95246
35565 5.95246
35566 5.95246
35567 5.95246
35568 5.95246
35569 5.95246
35570 5.95246
35571 5.95246
35572 5.95246
35573 5.95246
35574 5.95246
35575 5.95246
35576 5.95246
35577 5.95246
35578 5.95246
35579 5.95246
35580 5.95246
35581 5.95246
35582 5.95246
35583 5.95246
35584 5.95246
35585 5.95246
35586 5.95246
35587 5.95246
35588 5.95246
35589 5.95246
35590 5.95246
35591 5.95246
35592 5.95246
35593 5.95246
35594 5.95246
35595 5.95246
35596 5.95246
35597 5.95246
35598 5.95246
35599 5.95246
35600 5.95246
35601 0.83637
35602 0.83637
35603 0.83637
35604 0.83637
35605 0.83637
35606 0.83637
35607 0.83637
35608 0.83637
35609 0.83637
35610 0.83637
35611 0.83637
35612 0.83637
35613 0.83637
35614 0.83637
35615 0.83637
35616 0.83637
35617 0.83637
35618 0.83637
35619 0.83637
35620 0.83637
35621 0.83637
35622 0.83637
35623 0.83637
35624 0.83637
35625 0.83637
35626 0.83637
35627 0.83637
35628 0.83637
35629 0.83637
35630 0.83637
35631 0.83637
35632 0.83637
35633 0.83637
35634 0.83637
35635 0.83637
35636 0.83637
35637 0.83637
35638 0.83637
35639 0.83637
35640 0.83637
35641 0.83637
35642 0.83637
35643 0.83637
35644 0.83637
35645 0.83637
35646 0.83637
35647 0.83637
35648 0.83637
35649 0.83637
35650 0.83637
35651 3.6142
35652 3.6142
35653 3.6142
35654 3.6142
35655 3.6142
35656 3.6142
35657 3.6142
35658 3.6142
35659 3.6142
35660 3.6142
35661 3.6142
35662 3.6142
35663 3.6142
35664 3.6142
35665 3.6142
35666 3.6142
35667 3.6142
35668 3.6142
35669 3.6142
35670 3.6142
35671 3.6142
35672 3.6142
35673 3.6142
35674 3.6142
35675 3.6142
35676 3.6142
35677 3.6142
35678 3.6142
35679 3.6142
35680 3.6142
35681 3.6142
35682 3.6142
35683 3.6142
35684 3.6142
35685 3.6142
35686 3.6142
35687 3.6142
35688 3.6142
35689 3.6142
35690 3.6142
35691 3.6142
35692 3.6142
35693 3.6142
35694 3.6142
35695 3.6142
35696 3.6142
35697 3.6142
35698 3.6142
35699 3.6142
35700 3.6142
35701 0.210074
35702 0.210074
35703 0.210074
35704 0.210074
35705 0.210074
35706 0.210074
35707 0.210074
35708 0.210074
35709 0.210074
35710 0.210074
35711 0.210074
35712 0.210074
35713 0.210074
35714 0.210074
35715 0.210074
35716 0.210074
35717 0.210074
35718 0.210074
35719 0.210074
35720 0.210074
35721 0.210074
35722 0.210074
35723 0.210074
35724 0.210074
35725 0.210074
35726 0.210074
35727 0.210074
35728 0.210074
35729 0.210074
35730 0.210074
35731 0.210074
35732 0.210074
35733 0.210074
35734 0.210074
35735 0.210074
35736 0.210074
35737 0.210074
35738 0.210074
35739 0.210074
35740 0.210074
35741 0.210074
35742 0.210074
35743 0.210074
35744 0.210074
35745 0.210074
35746 0.210074
35747 0.210074
35748 0.210074
35749 0.210074
35750 0.210074
35751 5.4015
35752 5.4015
35753 5.4015
35754 5.4015
35755 5.4015
35756 5.4015
35757 5.4015
35758 5.4015
35759 5.4015
35760 5.4015
35761 5.4015
35762 5.4015
35763 5.4015
35764 5.4015
35765 5.4015
35766 5.4015
35767 5.4015
35768 5.4015
35769 5.4015
35770 5.4015
35771 5.4015
35772 5.4015
35773 5.4015
35774 5.4015
35775 5.4015
35776 5.4015
35777 5.4015
35778 5.4015
35779 5.4015
35780 5.4015
35781 5.4015
35782 5.4015
35783 5.4015
35784 5.4015
35785 5.4015
35786 5.4015
35787 5.4015
35788 5.4015
35789 5.4015
35790 5.4015
35791 5.4015
35792 5.4015
35793 5.4015
35794 5.4015
35795 5.4015
35796 5.4015
35797 5.4015
35798 5.4015
35799 5.4015
35800 5.4015
35801 0.183415
35802 0.183415
35803 0.183415
35804 0.183415
35805 0.183415
35806 0.183415
35807 0.183415
35808 0.183415
35809 0.183415
35810 0.183415
35811 0.183415
35812 0.183415
35813 0.183415
35814 0.183415
35815 0.183415
35816 0.183415
35817 0.183415
35818 0.183415
35819 0.183415
35820 0.183415
35821 0.183415
35822 0.183415
35823 0.183415
35824 0.183415
35825 0.183415
35826 0.183415
35827 0.183415
35828 0.183415
35829 0.183415
35830 0.183415
35831 0.183415
35832 0.183415
35833 0.183415
35834 0.183415
35835 0.183415
35836 0.183415
35837 0.183415
35838 0.183415
35839 0.183415
35840 0.183415
35841 0.183415
35842 0.183415
35843 0.183415
35844 0.183415
35845 0.183415
35846 0.183415
35847 0.183415
35848 0.183415
35849 0.183415
35850 0.183415
35851 1.09298
35852 1.09298
35853 1.09298
35854 1.09298
35855 1.09298
35856 1.09298
35857 1.09298
35858 1.09298
35859 1.09298
35860 1.09298
35861 1.09298
35862 1.09298
35863 1.09298
35864 1.09298
35865 1.09298
35866 1.09298
35867 1.09298
35868 1.09298
35869 1.09298
35870 1.09298
35871 1.09298
35872 1.09298
35873 1.09298
35874 1.09298
35875 1.09298
35876 1.09298
35877 1.09298
35878 1.09298
35879 1.09298
35880 1.09298
35881 1.09298
35882 1.09298
35883 1.09298
35884 1.09298
35885 1.09298
35886 1.09298
35887 1.09298
35888 1.09298
35889 1.09298
35890 1.09298
35891 1.09298
35892 1.09298
35893 1.09298
35894 1.09298
35895 1.09298
35896 1.09298
35897 1.09298
35898 1.09298
35899 1.09298
35900 1.09298
35901 0.972771
35902 0.972771
35903 0.972771
35904 0.972771
35905 0.972771
35906 0.972771
35907 0.972771
35908 0.972771
35909 0.972771
35910 0.972771
35911 0.972771
35912 0.972771
35913 0.972771
35914 0.972771
35915 0.972771
35916 0.972771
35917 0.972771
35918 0.972771
35919 0.972771
35920 0.972771
35921 0.972771
35922 0.972771
35923 0.972771
35924 0.972771
35925 0.972771
35926 0.972771
35927 0.972771
35928 0.972771
35929 0.972771
35930 0.972771
35931 0.972771
35932 0.972771
35933 0.972771
35934 0.972771
35935 0.972771
35936 0.972771
35937 0.972771
35938 0.972771
35939 0.972771
35940 0.972771
35941 0.972771
35942 0.972771
35943 0.972771
35944 0.972771
35945 0.972771
35946 0.972771
35947 0.972771
35948 0.972771
35949 0.972771
35950 0.972771
35951 0.221171
35952 0.221171
35953 0.221171
35954 0.221171
35955 0.221171
35956 0.221171
35957 0.221171
35958 0.221171
35959 0.221171
35960 0.221171
35961 0.221171
35962 0.221171
35963 0.221171
35964 0.221171
35965 0.221171
35966 0.221171
35967 0.221171
35968 0.221171
35969 0.221171
35970 0.221171
35971 0.221171
35972 0.221171
35973 0.221171
35974 0.221171
35975 0.221171
35976 0.221171
35977 0.221171
35978 0.221171
35979 0.221171
35980 0.221171
35981 0.221171
35982 0.221171
35983 0.221171
35984 0.221171
35985 0.221171
35986 0.221171
35987 0.221171
35988 0.221171
35989 0.221171
35990 0.221171
35991 0.221171
35992 0.221171
35993 0.221171
35994 0.221171
35995 0.221171
35996 0.221171
35997 0.221171
35998 0.221171
35999 0.221171
36000 0.221171
36001 1.97234
36002 1.97234
36003 1.97234
36004 1.97234
36005 1.97234
36006 1.97234
36007 1.97234
36008 1.97234
36009 1.97234
36010 1.97234
36011 1.97234
36012 1.97234
36013 1.97234
36014 1.97234
36015 1.97234
36016 1.97234
36017 1.97234
36018 1.97234
36019 1.97234
36020 1.97234
36021 1.97234
36022 1.97234
36023 1.97234
36024 1.97234
36025 1.97234
36026 1.97234
36027 1.97234
36028 1.97234
36029 1.97234
36030 1.97234
36031 1.97234
36032 1.97234
36033 1.97234
36034 1.97234
36035 1.97234
36036 1.97234
36037 1.97234
36038 1.97234
36039 1.97234
36040 1.97234
36041 1.97234
36042 1.97234
36043 1.97234
36044 1.97234
36045 1.97234
36046 1.97234
36047 1.97234
36048 1.97234
36049 1.97234
36050 1.97234
36051 1.78056
36052 1.78056
36053 1.78056
36054 1.78056
36055 1.78056
36056 1.78056
36057 1.78056
36058 1.78056
36059 1.78056
36060 1.78056
36061 1.78056
36062 1.78056
36063 1.78056
36064 1.78056
36065 1.78056
36066 1.78056
36067 1.78056
36068 1.78056
36069 1.78056
36070 1.78056
36071 1.78056
36072 1.78056
36073 1.78056
36074 1.78056
36075 1.78056
36076 1.78056
36077 1.78056
36078 1.78056
36079 1.78056
36080 1.78056
36081 1.78056
36082 1.78056
36083 1.78056
36084 1.78056
36085 1.78056
36086 1.78056
36087 1.78056
36088 1.78056
36089 1.78056
36090 1.78056
36091 1.78056
36092 1.78056
36093 1.78056
36094 1.78056
36095 1.78056
36096 1.78056
36097 1.78056
36098 1.78056
36099 1.78056
36100 1.78056
36101 4.92282
36102 4.92282
36103 4.92282
36104 4.92282
36105 4.92282
36106 4.92282
36107 4.92282
36108 4.92282
36109 4.92282
36110 4.92282
36111 4.92282
36112 4.92282
36113 4.92282
36114 4.92282
36115 4.92282
36116 4.92282
36117 4.92282
36118 4.92282
36119 4.92282
36120 4.92282
36121 4.92282
36122 4.92282
36123 4.92282
36124 4.92282
36125 4.92282
36126 4.92282
36127 4.92282
36128 4.92282
36129 4.92282
36130 4.92282
36131 4.92282
36132 4.92282
36133 4.92282
36134 4.92282
36135 4.92282
36136 4.92282
36137 4.92282
36138 4.92282
36139 4.92282
36140 4.92282
36141 4.92282
36142 4.92282
36143 4.92282
36144 4.92282
36145 4.92282
36146 4.92282
36147 4.92282
36148 4.92282
36149 4.92282
36150 4.92282
36151 6.13958
36152 6.13958
36153 6.13958
36154 6.13958
36155 6.13958
36156 6.13958
36157 6.13958
36158 6.13958
36159 6.13958
36160 6.13958
36161 6.13958
36162 6.13958
36163 6.13958
36164 6.13958
36165 6.13958
36166 6.13958
36167 6.13958
36168 6.13958
36169 6.13958
36170 6.13958
36171 6.13958
36172 6.13958
36173 6.13958
36174 6.13958
36175 6.13958
36176 6.13958
36177 6.13958
36178 6.13958
36179 6.13958
36180 6.13958
36181 6.13958
36182 6.13958
36183 6.13958
36184 6.13958
36185 6.13958
36186 6.13958
36187 6.13958
36188 6.13958
36189 6.13958
36190 6.13958
36191 6.13958
36192 6.13958
36193 6.13958
36194 6.13958
36195 6.13958
36196 6.13958
36197 6.13958
36198 6.13958
36199 6.13958
36200 6.13958
36201 3.5134
36202 3.5134
36203 3.5134
36204 3.5134
36205 3.5134
36206 3.5134
36207 3.5134
36208 3.5134
36209 3.5134
36210 3.5134
36211 3.5134
36212 3.5134
36213 3.5134
36214 3.5134
36215 3.5134
36216 3.5134
36217 3.5134
36218 3.5134
36219 3.5134
36220 3.5134
36221 3.5134
36222 3.5134
36223 3.5134
36224 3.5134
36225 3.5134
36226 3.5134
36227 3.5134
36228 3.5134
36229 3.5134
36230 3.5134
36231 3.5134
36232 3.5134
36233 3.5134
36234 3.5134
36235 3.5134
36236 3.5134
36237 3.5134
36238 3.5134
36239 3.5134
36240 3.5134
36241 3.5134
36242 3.5134
36243 3.5134
36244 3.5134
36245 3.5134
36246 3.5134
36247 3.5134
36248 3.5134
36249 3.5134
36250 3.5134
36251 4.34099
36252 4.34099
36253 4.34099
36254 4.34099
36255 4.34099
36256 4.34099
36257 4.34099
36258 4.34099
36259 4.34099
36260 4.34099
36261 4.34099
36262 4.34099
36263 4.34099
36264 4.34099
36265 4.34099
36266 4.34099
36267 4.34099
36268 4.34099
36269 4.34099
36270 4.34099
36271 4.34099
36272 4.34099
36273 4.34099
36274 4.34099
36275 4.34099
36276 4.34099
36277 4.34099
36278 4.34099
36279 4.34099
36280 4.34099
36281 4.34099
36282 4.34099
36283 4.34099
36284 4.34099
36285 4.34099
36286 4.34099
36287 4.34099
36288 4.34099
36289 4.34099
36290 4.34099
36291 4.34099
36292 4.34099
36293 4.34099
36294 4.34099
36295 4.34099
36296 4.34099
36297 4.34099
36298 4.34099
36299 4.34099
36300 4.34099
36301 1.52986
36302 1.52986
36303 1.52986
36304 1.52986
36305 1.52986
36306 1.52986
36307 1.52986
36308 1.52986
36309 1.52986
36310 1.52986
36311 1.52986
36312 1.52986
36313 1.52986
36314 1.52986
36315 1.52986
36316 1.52986
36317 1.52986
36318 1.52986
36319 1.52986
36320 1.52986
36321 1.52986
36322 1.52986
36323 1.52986
36324 1.52986
36325 1.52986
36326 1.52986
36327 1.52986
36328 1.52986
36329 1.52986
36330 1.52986
36331 1.52986
36332 1.52986
36333 1.52986
36334 1.52986
36335 1.52986
36336 1.52986
36337 1.52986
36338 1.52986
36339 1.52986
36340 1.52986
36341 1.52986
36342 1.52986
36343 1.52986
36344 1.52986
36345 1.52986
36346 1.52986
36347 1.52986
36348 1.52986
36349 1.52986
36350 1.52986
36351 5.66231
36352 5.66231
36353 5.66231
36354 5.66231
36355 5.66231
36356 5.66231
36357 5.66231
36358 5.66231
36359 5.66231
36360 5.66231
36361 5.66231
36362 5.66231
36363 5.66231
36364 5.66231
36365 5.66231
36366 5.66231
36367 5.66231
36368 5.66231
36369 5.66231
36370 5.66231
36371 5.66231
36372 5.66231
36373 5.66231
36374 5.66231
36375 5.66231
36376 5.66231
36377 5.66231
36378 5.66231
36379 5.66231
36380 5.66231
36381 5.66231
36382 5.66231
36383 5.66231
36384 5.66231
36385 5.66231
36386 5.66231
36387 5.66231
36388 5.66231
36389 5.66231
36390 5.66231
36391 5.66231
36392 5.66231
36393 5.66231
36394 5.66231
36395 5.66231
36396 5.66231
36397 5.66231
36398 5.66231
36399 5.66231
36400 5.66231
36401 3.89743
36402 3.89743
36403 3.89743
36404 3.89743
36405 3.89743
36406 3.89743
36407 3.89743
36408 3.89743
36409 3.89743
36410 3.89743
36411 3.89743
36412 3.89743
36413 3.89743
36414 3.89743
36415 3.89743
36416 3.89743
36417 3.89743
36418 3.89743
36419 3.89743
36420 3.89743
36421 3.89743
36422 3.89743
36423 3.89743
36424 3.89743
36425 3.89743
36426 3.89743
36427 3.89743
36428 3.89743
36429 3.89743
36430 3.89743
36431 3.89743
36432 3.89743
36433 3.89743
36434 3.89743
36435 3.89743
36436 3.89743
36437 3.89743
36438 3.89743
36439 3.89743
36440 3.89743
36441 3.89743
36442 3.89743
36443 3.89743
36444 3.89743
36445 3.89743
36446 3.89743
36447 3.89743
36448 3.89743
36449 3.89743
36450 3.89743
36451 3.47372
36452 3.47372
36453 3.47372
36454 3.47372
36455 3.47372
36456 3.47372
36457 3.47372
36458 3.47372
36459 3.47372
36460 3.47372
36461 3.47372
36462 3.47372
36463 3.47372
36464 3.47372
36465 3.47372
36466 3.47372
36467 3.47372
36468 3.47372
36469 3.47372
36470 3.47372
36471 3.47372
36472 3.47372
36473 3.47372
36474 3.47372
36475 3.47372
36476 3.47372
36477 3.47372
36478 3.47372
36479 3.47372
36480 3.47372
36481 3.47372
36482 3.47372
36483 3.47372
36484 3.47372
36485 3.47372
36486 3.47372
36487 3.47372
36488 3.47372
36489 3.47372
36490 3.47372
36491 3.47372
36492 3.47372
36493 3.47372
36494 3.47372
36495 3.47372
36496 3.47372
36497 3.47372
36498 3.47372
36499 3.47372
36500 3.47372
36501 1.0078
36502 1.0078
36503 1.0078
36504 1.0078
36505 1.0078
36506 1.0078
36507 1.0078
36508 1.0078
36509 1.0078
36510 1.0078
36511 1.0078
36512 1.0078
36513 1.0078
36514 1.0078
36515 1.0078
36516 1.0078
36517 1.0078
36518 1.0078
36519 1.0078
36520 1.0078
36521 1.0078
36522 1.0078
36523 1.0078
36524 1.0078
36525 1.0078
36526 1.0078
36527 1.0078
36528 1.0078
36529 1.0078
36530 1.0078
36531 1.0078
36532 1.0078
36533 1.0078
36534 1.0078
36535 1.0078
36536 1.0078
36537 1.0078
36538 1.0078
36539 1.0078
36540 1.0078
36541 1.0078
36542 1.0078
36543 1.0078
36544 1.0078
36545 1.0078
36546 1.0078
36547 1.0078
36548 1.0078
36549 1.0078
36550 1.0078
36551 0.475355
36552 0.475355
36553 0.475355
36554 0.475355
36555 0.475355
36556 0.475355
36557 0.475355
36558 0.475355
36559 0.475355
36560 0.475355
36561 0.475355
36562 0.475355
36563 0.475355
36564 0.475355
36565 0.475355
36566 0.475355
36567 0.475355
36568 0.475355
36569 0.475355
36570 0.475355
36571 0.475355
36572 0.475355
36573 0.475355
36574 0.475355
36575 0.475355
36576 0.475355
36577 0.475355
36578 0.475355
36579 0.475355
36580 0.475355
36581 0.475355
36582 0.475355
36583 0.475355
36584 0.475355
36585 0.475355
36586 0.475355
36587 0.475355
36588 0.475355
36589 0.475355
36590 0.475355
36591 0.475355
36592 0.475355
36593 0.475355
36594 0.475355
36595 0.475355
36596 0.475355
36597 0.475355
36598 0.475355
36599 0.475355
36600 0.475355
36601 5.57015
36602 5.57015
36603 5.57015
36604 5.57015
36605 5.57015
36606 5.57015
36607 5.57015
36608 5.57015
36609 5.57015
36610 5.57015
36611 5.57015
36612 5.57015
36613 5.57015
36614 5.57015
36615 5.57015
36616 5.57015
36617 5.57015
36618 5.57015
36619 5.57015
36620 5.57015
36621 5.57015
36622 5.57015
36623 5.57015
36624 5.57015
36625 5.57015
36626 5.57015
36627 5.57015
36628 5.57015
36629 5.57015
36630 5.57015
36631 5.57015
36632 5.57015
36633 5.57015
36634 5.57015
36635 5.57015
36636 5.57015
36637 5.57015
36638 5.57015
36639 5.57015
36640 5.57015
36641 5.57015
36642 5.57015
36643 5.57015
36644 5.57015
36645 5.57015
36646 5.57015
36647 5.57015
36648 5.57015
36649 5.57015
36650 5.57015
36651 3.41317
36652 3.41317
36653 3.41317
36654 3.41317
36655 3.41317
36656 3.41317
36657 3.41317
36658 3.41317
36659 3.41317
36660 3.41317
36661 3.41317
36662 3.41317
36663 3.41317
36664 3.41317
36665 3.41317
36666 3.41317
36667 3.41317
36668 3.41317
36669 3.41317
36670 3.41317
36671 3.41317
36672 3.41317
36673 3.41317
36674 3.41317
36675 3.41317
36676 3.41317
36677 3.41317
36678 3.41317
36679 3.41317
36680 3.41317
36681 3.41317
36682 3.41317
36683 3.41317
36684 3.41317
36685 3.41317
36686 3.41317
36687 3.41317
36688 3.41317
36689 3.41317
36690 3.41317
36691 3.41317
36692 3.41317
36693 3.41317
36694 3.41317
36695 3.41317
36696 3.41317
36697 3.41317
36698 3.41317
36699 3.41317
36700 3.41317
36701 2.03379
36702 2.03379
36703 2.03379
36704 2.03379
36705 2.03379
36706 2.03379
36707 2.03379
36708 2.03379
36709 2.03379
36710 2.03379
36711 2.03379
36712 2.03379
36713 2.03379
36714 2.03379
36715 2.03379
36716 2.03379
36717 2.03379
36718 2.03379
36719 2.03379
36720 2.03379
36721 2.03379
36722 2.03379
36723 2.03379
36724 2.03379
36725 2.03379
36726 2.03379
36727 2.03379
36728 2.03379
36729 2.03379
36730 2.03379
36731 2.03379
36732 2.03379
36733 2.03379
36734 2.03379
36735 2.03379
36736 2.03379
36737 2.03379
36738 2.03379
36739 2.03379
36740 2.03379
36741 2.03379
36742 2.03379
36743 2.03379
36744 2.03379
36745 2.03379
36746 2.03379
36747 2.03379
36748 2.03379
36749 2.03379
36750 2.03379
36751 6.05085
36752 6.05085
36753 6.05085
36754 6.05085
36755 6.05085
36756 6.05085
36757 6.05085
36758 6.05085
36759 6.05085
36760 6.05085
36761 6.05085
36762 6.05085
36763 6.05085
36764 6.05085
36765 6.05085
36766 6.05085
36767 6.05085
36768 6.05085
36769 6.05085
36770 6.05085
36771 6.05085
36772 6.05085
36773 6.05085
36774 6.05085
36775 6.05085
36776 6.05085
36777 6.05085
36778 6.05085
36779 6.05085
36780 6.05085
36781 6.05085
36782 6.05085
36783 6.05085
36784 6.05085
36785 6.05085
36786 6.05085
36787 6.05085
36788 6.05085
36789 6.05085
36790 6.05085
36791 6.05085
36792 6.05085
36793 6.05085
36794 6.05085
36795 6.05085
36796 6.05085
36797 6.05085
36798 6.05085
36799 6.05085
36800 6.05085
36801 1.93379
36802 1.93379
36803 1.93379
36804 1.93379
36805 1.93379
36806 1.93379
36807 1.93379
36808 1.93379
36809 1.93379
36810 1.93379
36811 1.93379
36812 1.93379
36813 1.93379
36814 1.93379
36815 1.93379
36816 1.93379
36817 1.93379
36818 1.93379
36819 1.93379
36820 1.93379
36821 1.93379
36822 1.93379
36823 1.93379
36824 1.93379
36825 1.93379
36826 1.93379
36827 1.93379
36828 1.93379
36829 1.93379
36830 1.93379
36831 1.93379
36832 1.93379
36833 1.93379
36834 1.93379
36835 1.93379
36836 1.93379
36837 1.93379
36838 1.93379
36839 1.93379
36840 1.93379
36841 1.93379
36842 1.93379
36843 1.93379
36844 1.93379
36845 1.93379
36846 1.93379
36847 1.93379
36848 1.93379
36849 1.93379
36850 1.93379
36851 5.39073
36852 5.39073
36853 5.39073
36854 5.39073
36855 5.39073
36856 5.39073
36857 5.39073
36858 5.39073
36859 5.39073
36860 5.39073
36861 5.39073
36862 5.39073
36863 5.39073
36864 5.39073
36865 5.39073
36866 5.39073
36867 5.39073
36868 5.39073
36869 5.39073
36870 5.39073
36871 5.39073
36872 5.39073
36873 5.39073
36874 5.39073
36875 5.39073
36876 5.39073
36877 5.39073
36878 5.39073
36879 5.39073
36880 5.39073
36881 5.39073
36882 5.39073
36883 5.39073
36884 5.39073
36885 5.39073
36886 5.39073
36887 5.39073
36888 5.39073
36889 5.39073
36890 5.39073
36891 5.39073
36892 5.39073
36893 5.39073
36894 5.39073
36895 5.39073
36896 5.39073
36897 5.39073
36898 5.39073
36899 5.39073
36900 5.39073
36901 4.31698
36902 4.31698
36903 4.31698
36904 4.31698
36905 4.31698
36906 4.31698
36907 4.31698
36908 4.31698
36909 4.31698
36910 4.31698
36911 4.31698
36912 4.31698
36913 4.31698
36914 4.31698
36915 4.31698
36916 4.31698
36917 4.31698
36918 4.31698
36919 4.31698
36920 4.31698
36921 4.31698
36922 4.31698
36923 4.31698
36924 4.31698
36925 4.31698
36926 4.31698
36927 4.31698
36928 4.31698
36929 4.31698
36930 4.31698
36931 4.31698
36932 4.31698
36933 4.31698
36934 4.31698
36935 4.31698
36936 4.31698
36937 4.31698
36938 4.31698
36939 4.31698
36940 4.31698
36941 4.31698
36942 4.31698
36943 4.31698
36944 4.31698
36945 4.31698
36946 4.31698
36947 4.31698
36948 4.31698
36949 4.31698
36950 4.31698
36951 4.70773
36952 4.70773
36953 4.70773
36954 4.70773
36955 4.70773
36956 4.70773
36957 4.70773
36958 4.70773
36959 4.70773
36960 4.70773
36961 4.70773
36962 4.70773
36963 4.70773
36964 4.70773
36965 4.70773
36966 4.70773
36967 4.70773
36968 4.70773
36969 4.70773
36970 4.70773
36971 4.70773
36972 4.70773
36973 4.70773
36974 4.70773
36975 4.70773
36976 4.70773
36977 4.70773
36978 4.70773
36979 4.70773
36980 4.70773
36981 4.70773
36982 4.70773
36983 4.70773
36984 4.70773
36985 4.70773
36986 4.70773
36987 4.70773
36988 4.70773
36989 4.70773
36990 4.70773
36991 4.70773
36992 4.70773
36993 4.70773
36994 4.70773
36995 4.70773
36996 4.70773
36997 4.70773
36998 4.70773
36999 4.70773
37000 4.70773
37001 6.23888
37002 6.23888
37003 6.23888
37004 6.23888
37005 6.23888
37006 6.23888
37007 6.23888
37008 6.23888
37009 6.23888
37010 6.23888
37011 6.23888
37012 6.23888
37013 6.23888
37014 6.23888
37015 6.23888
37016 6.23888
37017 6.23888
37018 6.23888
37019 6.23888
37020 6.23888
37021 6.23888
37022 6.23888
37023 6.23888
37024 6.23888
37025 6.23888
37026 6.23888
37027 6.23888
37028 6.23888
37029 6.23888
37030 6.23888
37031 6.23888
37032 6.23888
37033 6.23888
37034 6.23888
37035 6.23888
37036 6.23888
37037 6.23888
37038 6.23888
37039 6.23888
37040 6.23888
37041 6.23888
37042 6.23888
37043 6.23888
37044 6.23888
37045 6.23888
37046 6.23888
37047 6.23888
37048 6.23888
37049 6.23888
37050 6.23888
37051 1.0535
37052 1.0535
37053 1.0535
37054 1.0535
37055 1.0535
37056 1.0535
37057 1.0535
37058 1.0535
37059 1.0535
37060 1.0535
37061 1.0535
37062 1.0535
37063 1.0535
37064 1.0535
37065 1.0535
37066 1.0535
37067 1.0535
37068 1.0535
37069 1.0535
37070 1.0535
37071 1.0535
37072 1.0535
37073 1.0535
37074 1.0535
37075 1.0535
37076 1.0535
37077 1.0535
37078 1.0535
37079 1.0535
37080 1.0535
37081 1.0535
37082 1.0535
37083 1.0535
37084 1.0535
37085 1.0535
37086 1.0535
37087 1.0535
37088 1.0535
37089 1.0535
37090 1.0535
37091 1.0535
37092 1.0535
37093 1.0535
37094 1.0535
37095 1.0535
37096 1.0535
37097 1.0535
37098 1.0535
37099 1.0535
37100 1.0535
37101 0.333073
37102 0.333073
37103 0.333073
37104 0.333073
37105 0.333073
37106 0.333073
37107 0.333073
37108 0.333073
37109 0.333073
37110 0.333073
37111 0.333073
37112 0.333073
37113 0.333073
37114 0.333073
37115 0.333073
37116 0.333073
37117 0.333073
37118 0.333073
37119 0.333073
37120 0.333073
37121 0.333073
37122 0.333073
37123 0.333073
37124 0.333073
37125 0.333073
37126 0.333073
37127 0.333073
37128 0.333073
37129 0.333073
37130 0.333073
37131 0.333073
37132 0.333073
37133 0.333073
37134 0.333073
37135 0.333073
37136 0.333073
37137 0.333073
37138 0.333073
37139 0.333073
37140 0.333073
37141 0.333073
37142 0.333073
37143 0.333073
37144 0.333073
37145 0.333073
37146 0.333073
37147 0.333073
37148 0.333073
37149 0.333073
37150 0.333073
37151 2.03845
37152 2.03845
37153 2.03845
37154 2.03845
37155 2.03845
37156 2.03845
37157 2.03845
37158 2.03845
37159 2.03845
37160 2.03845
37161 2.03845
37162 2.03845
37163 2.03845
37164 2.03845
37165 2.03845
37166 2.03845
37167 2.03845
37168 2.03845
37169 2.03845
37170 2.03845
37171 2.03845
37172 2.03845
37173 2.03845
37174 2.03845
37175 2.03845
37176 2.03845
37177 2.03845
37178 2.03845
37179 2.03845
37180 2.03845
37181 2.03845
37182 2.03845
37183 2.03845
37184 2.03845
37185 2.03845
37186 2.03845
37187 2.03845
37188 2.03845
37189 2.03845
37190 2.03845
37191 2.03845
37192 2.03845
37193 2.03845
37194 2.03845
37195 2.03845
37196 2.03845
37197 2.03845
37198 2.03845
37199 2.03845
37200 2.03845
37201 4.8286
37202 4.8286
37203 4.8286
37204 4.8286
37205 4.8286
37206 4.8286
37207 4.8286
37208 4.8286
37209 4.8286
37210 4.8286
37211 4.8286
37212 4.8286
37213 4.8286
37214 4.8286
37215 4.8286
37216 4.8286
37217 4.8286
37218 4.8286
37219 4.8286
37220 4.8286
37221 4.8286
37222 4.8286
37223 4.8286
37224 4.8286
37225 4.8286
37226 4.8286
37227 4.8286
37228 4.8286
37229 4.8286
37230 4.8286
37231 4.8286
37232 4.8286
37233 4.8286
37234 4.8286
37235 4.8286
37236 4.8286
37237 4.8286
37238 4.8286
37239 4.8286
37240 4.8286
37241 4.8286
37242 4.8286
37243 4.8286
37244 4.8286
37245 4.8286
37246 4.8286
37247 4.8286
37248 4.8286
37249 4.8286
37250 4.8286
37251 0.0204925
37252 0.0204925
37253 0.0204925
37254 0.0204925
37255 0.0204925
37256 0.0204925
37257 0.0204925
37258 0.0204925
37259 0.0204925
37260 0.0204925
37261 0.0204925
37262 0.0204925
37263 0.0204925
37264 0.0204925
37265 0.0204925
37266 0.0204925
37267 0.0204925
37268 0.0204925
37269 0.0204925
37270 0.0204925
37271 0.0204925
37272 0.0204925
37273 0.0204925
37274 0.0204925
37275 0.0204925
37276 0.0204925
37277 0.0204925
37278 0.0204925
37279 0.0204925
37280 0.0204925
37281 0.0204925
37282 0.0204925
37283 0.0204925
37284 0.0204925
37285 0.0204925
37286 0.0204925
37287 0.0204925
37288 0.0204925
37289 0.0204925
37290 0.0204925
37291 0.0204925
37292 0.0204925
37293 0.0204925
37294 0.0204925
37295 0.0204925
37296 0.0204925
37297 0.0204925
37298 0.0204925
37299 0.0204925
37300 0.0204925
37301 3.48969
37302 3.48969
37303 3.48969
37304 3.48969
37305 3.48969
37306 3.48969
37307 3.48969
37308 3.48969
37309 3.48969
37310 3.48969
37311 3.48969
37312 3.48969
37313 3.48969
37314 3.48969
37315 3.48969
37316 3.48969
37317 3.48969
37318 3.48969
37319 3.48969
37320 3.48969
37321 3.48969
37322 3.48969
37323 3.48969
37324 3.48969
37325 3.48969
37326 3.48969
37327 3.48969
37328 3.48969
37329 3.48969
37330 3.48969
37331 3.48969
37332 3.48969
37333 3.48969
37334 3.48969
37335 3.48969
37336 3.48969
37337 3.48969
37338 3.48969
37339 3.48969
37340 3.48969
37341 3.48969
37342 3.48969
37343 3.48969
37344 3.48969
37345 3.48969
37346 3.48969
37347 3.48969
37348 3.48969
37349 3.48969
37350 3.48969
37351 0.186573
37352 0.186573
37353 0.186573
37354 0.186573
37355 0.186573
37356 0.186573
37357 0.186573
37358 0.186573
37359 0.186573
37360 0.186573
37361 0.186573
37362 0.186573
37363 0.186573
37364 0.186573
37365 0.186573
37366 0.186573
37367 0.186573
37368 0.186573
37369 0.186573
37370 0.186573
37371 0.186573
37372 0.186573
37373 0.186573
37374 0.186573
37375 0.186573
37376 0.186573
37377 0.186573
37378 0.186573
37379 0.186573
37380 0.186573
37381 0.186573
37382 0.186573
37383 0.186573
37384 0.186573
37385 0.186573
37386 0.186573
37387 0.186573
37388 0.186573
37389 0.186573
37390 0.186573
37391 0.186573
37392 0.186573
37393 0.186573
37394 0.186573
37395 0.186573
37396 0.186573
37397 0.186573
37398 0.186573
37399 0.186573
37400 0.186573
37401 5.47502
37402 5.47502
37403 5.47502
37404 5.47502
37405 5.47502
37406 5.47502
37407 5.47502
37408 5.47502
37409 5.47502
37410 5.47502
37411 5.47502
37412 5.47502
37413 5.47502
37414 5.47502
37415 5.47502
37416 5.47502
37417 5.47502
37418 5.47502
37419 5.47502
37420 5.47502
37421 5.47502
37422 5.47502
37423 5.47502
37424 5.47502
37425 5.47502
37426 5.47502
37427 5.47502
37428 5.47502
37429 5.47502
37430 5.47502
37431 5.47502
37432 5.47502
37433 5.47502
37434 5.47502
37435 5.47502
37436 5.47502
37437 5.47502
37438 5.47502
37439 5.47502
37440 5.47502
37441 5.47502
37442 5.47502
37443 5.47502
37444 5.47502
37445 5.47502
37446 5.47502
37447 5.47502
37448 5.47502
37449 5.47502
37450 5.47502
37451 5.38673
37452 5.38673
37453 5.38673
37454 5.38673
37455 5.38673
37456 5.38673
37457 5.38673
37458 5.38673
37459 5.38673
37460 5.38673
37461 5.38673
37462 5.38673
37463 5.38673
37464 5.38673
37465 5.38673
37466 5.38673
37467 5.38673
37468 5.38673
37469 5.38673
37470 5.38673
37471 5.38673
37472 5.38673
37473 5.38673
37474 5.38673
37475 5.38673
37476 5.38673
37477 5.38673
37478 5.38673
37479 5.38673
37480 5.38673
37481 5.38673
37482 5.38673
37483 5.38673
37484 5.38673
37485 5.38673
37486 5.38673
37487 5.38673
37488 5.38673
37489 5.38673
37490 5.38673
37491 5.38673
37492 5.38673
37493 5.38673
37494 5.38673
37495 5.38673
37496 5.38673
37497 5.38673
37498 5.38673
37499 5.38673
37500 5.38673
37501 5.51275
37502 5.51275
37503 5.51275
37504 5.51275
37505 5.51275
37506 5.51275
37507 5.51275
37508 5.51275
37509 5.51275
37510 5.51275
37511 5.51275
37512 5.51275
37513 5.51275
37514 5.51275
37515 5.51275
37516 5.51275
37517 5.51275
37518 5.51275
37519 5.51275
37520 5.51275
37521 5.51275
37522 5.51275
37523 5.51275
37524 5.51275
37525 5.51275
37526 5.51275
37527 5.51275
37528 5.51275
37529 5.51275
37530 5.51275
37531 5.51275
37532 5.51275
37533 5.51275
37534 5.51275
37535 5.51275
37536 5.51275
37537 5.51275
37538 5.51275
37539 5.51275
37540 5.51275
37541 5.51275
37542 5.51275
37543 5.51275
37544 5.51275
37545 5.51275
37546 5.51275
37547 5.51275
37548 5.51275
37549 5.51275
37550 5.51275
37551 2.20015
37552 2.20015
37553 2.20015
37554 2.20015
37555 2.20015
37556 2.20015
37557 2.20015
37558 2.20015
37559 2.20015
37560 2.20015
37561 2.20015
37562 2.20015
37563 2.20015
37564 2.20015
37565 2.20015
37566 2.20015
37567 2.20015
37568 2.20015
37569 2.20015
37570 2.20015
37571 2.20015
37572 2.20015
37573 2.20015
37574 2.20015
37575 2.20015
37576 2.20015
37577 2.20015
37578 2.20015
37579 2.20015
37580 2.20015
37581 2.20015
37582 2.20015
37583 2.20015
37584 2.20015
37585 2.20015
37586 2.20015
37587 2.20015
37588 2.20015
37589 2.20015
37590 2.20015
37591 2.20015
37592 2.20015
37593 2.20015
37594 2.20015
37595 2.20015
37596 2.20015
37597 2.20015
37598 2.20015
37599 2.20015
37600 2.20015
37601 2.6547
37602 2.6547
37603 2.6547
37604 2.6547
37605 2.6547
37606 2.6547
37607 2.6547
37608 2.6547
37609 2.6547
37610 2.6547
37611 2.6547
37612 2.6547
37613 2.6547
37614 2.6547
37615 2.6547
37616 2.6547
37617 2.6547
37618 2.6547
37619 2.6547
37620 2.6547
37621 2.6547
37622 2.6547
37623 2.6547
37624 2.6547
37625 2.6547
37626 2.6547
37627 2.6547
37628 2.6547
37629 2.6547
37630 2.6547
37631 2.6547
37632 2.6547
37633 2.6547
37634 2.6547
37635 2.6547
37636 2.6547
37637 2.6547
37638 2.6547
37639 2.6547
37640 2.6547
37641 2.6547
37642 2.6547
37643 2.6547
37644 2.6547
37645 2.6547
37646 2.6547
37647 2.6547
37648 2.6547
37649 2.6547
37650 2.6547
37651 3.00922
37652 3.00922
37653 3.00922
37654 3.00922
37655 3.00922
37656 3.00922
37657 3.00922
37658 3.00922
37659 3.00922
37660 3.00922
37661 3.00922
37662 3.00922
37663 3.00922
37664 3.00922
37665 3.00922
37666 3.00922
37667 3.00922
37668 3.00922
37669 3.00922
37670 3.00922
37671 3.00922
37672 3.00922
37673 3.00922
37674 3.00922
37675 3.00922
37676 3.00922
37677 3.00922
37678 3.00922
37679 3.00922
37680 3.00922
37681 3.00922
37682 3.00922
37683 3.00922
37684 3.00922
37685 3.00922
37686 3.00922
37687 3.00922
37688 3.00922
37689 3.00922
37690 3.00922
37691 3.00922
37692 3.00922
37693 3.00922
37694 3.00922
37695 3.00922
37696 3.00922
37697 3.00922
37698 3.00922
37699 3.00922
37700 3.00922
37701 1.88448
37702 1.88448
37703 1.88448
37704 1.88448
37705 1.88448
37706 1.88448
37707 1.88448
37708 1.88448
37709 1.88448
37710 1.88448
37711 1.88448
37712 1.88448
37713 1.88448
37714 1.88448
37715 1.88448
37716 1.88448
37717 1.88448
37718 1.88448
37719 1.88448
37720 1.88448
37721 1.88448
37722 1.88448
37723 1.88448
37724 1.88448
37725 1.88448
37726 1.88448
37727 1.88448
37728 1.88448
37729 1.88448
37730 1.88448
37731 1.88448
37732 1.88448
37733 1.88448
37734 1.88448
37735 1.88448
37736 1.88448
37737 1.88448
37738 1.88448
37739 1.88448
37740 1.88448
37741 1.88448
37742 1.88448
37743 1.88448
37744 1.88448
37745 1.88448
37746 1.88448
37747 1.88448
37748 1.88448
37749 1.88448
37750 1.88448
37751 1.77974
37752 1.77974
37753 1.77974
37754 1.77974
37755 1.77974
37756 1.77974
37757 1.77974
37758 1.77974
37759 1.77974
37760 1.77974
37761 1.77974
37762 1.77974
37763 1.77974
37764 1.77974
37765 1.77974
37766 1.77974
37767 1.77974
37768 1.77974
37769 1.77974
37770 1.77974
37771 1.77974
37772 1.77974
37773 1.77974
37774 1.77974
37775 1.77974
37776 1.77974
37777 1.77974
37778 1.77974
37779 1.77974
37780 1.77974
37781 1.77974
37782 1.77974
37783 1.77974
37784 1.77974
37785 1.77974
37786 1.77974
37787 1.77974
37788 1.77974
37789 1.77974
37790 1.77974
37791 1.77974
37792 1.77974
37793 1.77974
37794 1.77974
37795 1.77974
37796 1.77974
37797 1.77974
37798 1.77974
37799 1.77974
37800 1.77974
37801 5.14664
37802 5.14664
37803 5.14664
37804 5.14664
37805 5.14664
37806 5.14664
37807 5.14664
37808 5.14664
37809 5.14664
37810 5.14664
37811 5.14664
37812 5.14664
37813 5.14664
37814 5.14664
37815 5.14664
37816 5.14664
37817 5.14664
37818 5.14664
37819 5.14664
37820 5.14664
37821 5.14664
37822 5.14664
37823 5.14664
37824 5.14664
37825 5.14664
37826 5.14664
37827 5.14664
37828 5.14664
37829 5.14664
37830 5.14664
37831 5.14664
37832 5.14664
37833 5.14664
37834 5.14664
37835 5.14664
37836 5.14664
37837 5.14664
37838 5.14664
37839 5.14664
37840 5.14664
37841 5.14664
37842 5.14664
37843 5.14664
37844 5.14664
37845 5.14664
37846 5.14664
37847 5.14664
37848 5.14664
37849 5.14664
37850 5.14664
37851 1.71295
37852 1.71295
37853 1.71295
37854 1.71295
37855 1.71295
37856 1.71295
37857 1.71295
37858 1.71295
37859 1.71295
37860 1.71295
37861 1.71295
37862 1.71295
37863 1.71295
37864 1.71295
37865 1.71295
37866 1.71295
37867 1.71295
37868 1.71295
37869 1.71295
37870 1.71295
37871 1.71295
37872 1.71295
37873 1.71295
37874 1.71295
37875 1.71295
37876 1.71295
37877 1.71295
37878 1.71295
37879 1.71295
37880 1.71295
37881 1.71295
37882 1.71295
37883 1.71295
37884 1.71295
37885 1.71295
37886 1.71295
37887 1.71295
37888 1.71295
37889 1.71295
37890 1.71295
37891 1.71295
37892 1.71295
37893 1.71295
37894 1.71295
37895 1.71295
37896 1.71295
37897 1.71295
37898 1.71295
37899 1.71295
37900 1.71295
37901 3.99355
37902 3.99355
37903 3.99355
37904 3.99355
37905 3.99355
37906 3.99355
37907 3.99355
37908 3.99355
37909 3.99355
37910 3.99355
37911 3.99355
37912 3.99355
37913 3.99355
37914 3.99355
37915 3.99355
37916 3.99355
37917 3.99355
37918 3.99355
37919 3.99355
37920 3.99355
37921 3.99355
37922 3.99355
37923 3.99355
37924 3.99355
37925 3.99355
37926 3.99355
37927 3.99355
37928 3.99355
37929 3.99355
37930 3.99355
37931 3.99355
37932 3.99355
37933 3.99355
37934 3.99355
37935 3.99355
37936 3.99355
37937 3.99355
37938 3.99355
37939 3.99355
37940 3.99355
37941 3.99355
37942 3.99355
37943 3.99355
37944 3.99355
37945 3.99355
37946 3.99355
37947 3.99355
37948 3.99355
37949 3.99355
37950 3.99355
37951 3.16869
37952 3.16869
37953 3.16869
37954 3.16869
37955 3.16869
37956 3.16869
37957 3.16869
37958 3.16869
37959 3.16869
37960 3.16869
37961 3.16869
37962 3.16869
37963 3.16869
37964 3.16869
37965 3.16869
37966 3.16869
37967 3.16869
37968 3.16869
37969 3.16869
37970 3.16869
37971 3.16869
37972 3.16869
37973 3.16869
37974 3.16869
37975 3.16869
37976 3.16869
37977 3.16869
37978 3.16869
37979 3.16869
37980 3.16869
37981 3.16869
37982 3.16869
37983 3.16869
37984 3.16869
37985 3.16869
37986 3.16869
37987 3.16869
37988 3.16869
37989 3.16869
37990 3.16869
37991 3.16869
37992 3.16869
37993 3.16869
37994 3.16869
37995 3.16869
37996 3.16869
37997 3.16869
37998 3.16869
37999 3.16869
38000 3.16869
38001 0.496221
38002 0.496221
38003 0.496221
38004 0.496221
38005 0.496221
38006 0.496221
38007 0.496221
38008 0.496221
38009 0.496221
38010 0.496221
38011 0.496221
38012 0.496221
38013 0.496221
38014 0.496221
38015 0.496221
38016 0.496221
38017 0.496221
38018 0.496221
38019 0.496221
38020 0.496221
38021 0.496221
38022 0.496221
38023 0.496221
38024 0.496221
38025 0.496221
38026 0.496221
38027 0.496221
38028 0.496221
38029 0.496221
38030 0.496221
38031 0.496221
38032 0.496221
38033 0.496221
38034 0.496221
38035 0.496221
38036 0.496221
38037 0.496221
38038 0.496221
38039 0.496221
38040 0.496221
38041 0.496221
38042 0.496221
38043 0.496221
38044 0.496221
38045 0.496221
38046 0.496221
38047 0.496221
38048 0.496221
38049 0.496221
38050 0.496221
38051 1.15637
38052 1.15637
38053 1.15637
38054 1.15637
38055 1.15637
38056 1.15637
38057 1.15637
38058 1.15637
38059 1.15637
38060 1.15637
38061 1.15637
38062 1.15637
38063 1.15637
38064 1.15637
38065 1.15637
38066 1.15637
38067 1.15637
38068 1.15637
38069 1.15637
38070 1.15637
38071 1.15637
38072 1.15637
38073 1.15637
38074 1.15637
38075 1.15637
38076 1.15637
38077 1.15637
38078 1.15637
38079 1.15637
38080 1.15637
38081 1.15637
38082 1.15637
38083 1.15637
38084 1.15637
38085 1.15637
38086 1.15637
38087 1.15637
38088 1.15637
38089 1.15637
38090 1.15637
38091 1.15637
38092 1.15637
38093 1.15637
38094 1.15637
38095 1.15637
38096 1.15637
38097 1.15637
38098 1.15637
38099 1.15637
38100 1.15637
38101 0.705218
38102 0.705218
38103 0.705218
38104 0.705218
38105 0.705218
38106 0.705218
38107 0.705218
38108 0.705218
38109 0.705218
38110 0.705218
38111 0.705218
38112 0.705218
38113 0.705218
38114 0.705218
38115 0.705218
38116 0.705218
38117 0.705218
38118 0.705218
38119 0.705218
38120 0.705218
38121 0.705218
38122 0.705218
38123 0.705218
38124 0.705218
38125 0.705218
38126 0.705218
38127 0.705218
38128 0.705218
38129 0.705218
38130 0.705218
38131 0.705218
38132 0.705218
38133 0.705218
38134 0.705218
38135 0.705218
38136 0.705218
38137 0.705218
38138 0.705218
38139 0.705218
38140 0.705218
38141 0.705218
38142 0.705218
38143 0.705218
38144 0.705218
38145 0.705218
38146 0.705218
38147 0.705218
38148 0.705218
38149 0.705218
38150 0.705218
38151 2.92595
38152 2.92595
38153 2.92595
38154 2.92595
38155 2.92595
38156 2.92595
38157 2.92595
38158 2.92595
38159 2.92595
38160 2.92595
38161 2.92595
38162 2.92595
38163 2.92595
38164 2.92595
38165 2.92595
38166 2.92595
38167 2.92595
38168 2.92595
38169 2.92595
38170 2.92595
38171 2.92595
38172 2.92595
38173 2.92595
38174 2.92595
38175 2.92595
38176 2.92595
38177 2.92595
38178 2.92595
38179 2.92595
38180 2.92595
38181 2.92595
38182 2.92595
38183 2.92595
38184 2.92595
38185 2.92595
38186 2.92595
38187 2.92595
38188 2.92595
38189 2.92595
38190 2.92595
38191 2.92595
38192 2.92595
38193 2.92595
38194 2.92595
38195 2.92595
38196 2.92595
38197 2.92595
38198 2.92595
38199 2.92595
38200 2.92595
38201 0.149143
38202 0.149143
38203 0.149143
38204 0.149143
38205 0.149143
38206 0.149143
38207 0.149143
38208 0.149143
38209 0.149143
38210 0.149143
38211 0.149143
38212 0.149143
38213 0.149143
38214 0.149143
38215 0.149143
38216 0.149143
38217 0.149143
38218 0.149143
38219 0.149143
38220 0.149143
38221 0.149143
38222 0.149143
38223 0.149143
38224 0.149143
38225 0.149143
38226 0.149143
38227 0.149143
38228 0.149143
38229 0.149143
38230 0.149143
38231 0.149143
38232 0.149143
38233 0.149143
38234 0.149143
38235 0.149143
38236 0.149143
38237 0.149143
38238 0.149143
38239 0.149143
38240 0.149143
38241 0.149143
38242 0.149143
38243 0.149143
38244 0.149143
38245 0.149143
38246 0.149143
38247 0.149143
38248 0.149143
38249 0.149143
38250 0.149143
38251 0.639725
38252 0.639725
38253 0.639725
38254 0.639725
38255 0.639725
38256 0.639725
38257 0.639725
38258 0.639725
38259 0.639725
38260 0.639725
38261 0.639725
38262 0.639725
38263 0.639725
38264 0.639725
38265 0.639725
38266 0.639725
38267 0.639725
38268 0.639725
38269 0.639725
38270 0.639725
38271 0.639725
38272 0.639725
38273 0.639725
38274 0.639725
38275 0.639725
38276 0.639725
38277 0.639725
38278 0.639725
38279 0.639725
38280 0.639725
38281 0.639725
38282 0.639725
38283 0.639725
38284 0.639725
38285 0.639725
38286 0.639725
38287 0.639725
38288 0.639725
38289 0.639725
38290 0.639725
38291 0.639725
38292 0.639725
38293 0.639725
38294 0.639725
38295 0.639725
38296 0.639725
38297 0.639725
38298 0.639725
38299 0.639725
38300 0.639725
38301 0.00513045
38302 0.00513045
38303 0.00513045
38304 0.00513045
38305 0.00513045
38306 0.00513045
38307 0.00513045
38308 0.00513045
38309 0.00513045
38310 0.00513045
38311 0.00513045
38312 0.00513045
38313 0.00513045
38314 0.00513045
38315 0.00513045
38316 0.00513045
38317 0.00513045
38318 0.00513045
38319 0.00513045
38320 0.00513045
38321 0.00513045
38322 0.00513045
38323 0.00513045
38324 0.00513045
38325 0.00513045
38326 0.00513045
38327 0.00513045
38328 0.00513045
38329 0.00513045
38330 0.00513045
38331 0.00513045
38332 0.00513045
38333 0.00513045
38334 0.00513045
38335 0.00513045
38336 0.00513045
38337 0.00513045
38338 0.00513045
38339 0.00513045
38340 0.00513045
38341 0.00513045
38342 0.00513045
38343 0.00513045
38344 0.00513045
38345 0.00513045
38346 0.00513045
38347 0.00513045
38348 0.00513045
38349 0.00513045
38350 0.00513045
38351 2.9392
38352 2.9392
38353 2.9392
38354 2.9392
38355 2.9392
38356 2.9392
38357 2.9392
38358 2.9392
38359 2.9392
38360 2.9392
38361 2.9392
38362 2.9392
38363 2.9392
38364 2.9392
38365 2.9392
38366 2.9392
38367 2.9392
38368 2.9392
38369 2.9392
38370 2.9392
38371 2.9392
38372 2.9392
38373 2.9392
38374 2.9392
38375 2.9392
38376 2.9392
38377 2.9392
38378 2.9392
38379 2.9392
38380 2.9392
38381 2.9392
38382 2.9392
38383 2.9392
38384 2.9392
38385 2.9392
38386 2.9392
38387 2.9392
38388 2.9392
38389 2.9392
38390 2.9392
38391 2.9392
38392 2.9392
38393 2.9392
38394 2.9392
38395 2.9392
38396 2.9392
38397 2.9392
38398 2.9392
38399 2.9392
38400 2.9392
38401 5.64222
38402 5.64222
38403 5.64222
38404 5.64222
38405 5.64222
38406 5.64222
38407 5.64222
38408 5.64222
38409 5.64222
38410 5.64222
38411 5.64222
38412 5.64222
38413 5.64222
38414 5.64222
38415 5.64222
38416 5.64222
38417 5.64222
38418 5.64222
38419 5.64222
38420 5.64222
38421 5.64222
38422 5.64222
38423 5.64222
38424 5.64222
38425 5.64222
38426 5.64222
38427 5.64222
38428 5.64222
38429 5.64222
38430 5.64222
38431 5.64222
38432 5.64222
38433 5.64222
38434 5.64222
38435 5.64222
38436 5.64222
38437 5.64222
38438 5.64222
38439 5.64222
38440 5.64222
38441 5.64222
38442 5.64222
38443 5.64222
38444 5.64222
38445 5.64222
38446 5.64222
38447 5.64222
38448 5.64222
38449 5.64222
38450 5.64222
38451 2.23744
38452 2.23744
38453 2.23744
38454 2.23744
38455 2.23744
38456 2.23744
38457 2.23744
38458 2.23744
38459 2.23744
38460 2.23744
38461 2.23744
38462 2.23744
38463 2.23744
38464 2.23744
38465 2.23744
38466 2.23744
38467 2.23744
38468 2.23744
38469 2.23744
38470 2.23744
38471 2.23744
38472 2.23744
38473 2.23744
38474 2.23744
38475 2.23744
38476 2.23744
38477 2.23744
38478 2.23744
38479 2.23744
38480 2.23744
38481 2.23744
38482 2.23744
38483 2.23744
38484 2.23744
38485 2.23744
38486 2.23744
38487 2.23744
38488 2.23744
38489 2.23744
38490 2.23744
38491 2.23744
38492 2.23744
38493 2.23744
38494 2.23744
38495 2.23744
38496 2.23744
38497 2.23744
38498 2.23744
38499 2.23744
38500 2.23744
38501 1.85105
38502 1.85105
38503 1.85105
38504 1.85105
38505 1.85105
38506 1.85105
38507 1.85105
38508 1.85105
38509 1.85105
38510 1.85105
38511 1.85105
38512 1.85105
38513 1.85105
38514 1.85105
38515 1.85105
38516 1.85105
38517 1.85105
38518 1.85105
38519 1.85105
38520 1.85105
38521 1.85105
38522 1.85105
38523 1.85105
38524 1.85105
38525 1.85105
38526 1.85105
38527 1.85105
38528 1.85105
38529 1.85105
38530 1.85105
38531 1.85105
38532 1.85105
38533 1.85105
38534 1.85105
38535 1.85105
38536 1.85105
38537 1.85105
38538 1.85105
38539 1.85105
38540 1.85105
38541 1.85105
38542 1.85105
38543 1.85105
38544 1.85105
38545 1.85105
38546 1.85105
38547 1.85105
38548 1.85105
38549 1.85105
38550 1.85105
38551 0.569376
38552 0.569376
38553 0.569376
38554 0.569376
38555 0.569376
38556 0.569376
38557 0.569376
38558 0.569376
38559 0.569376
38560 0.569376
38561 0.569376
38562 0.569376
38563 0.569376
38564 0.569376
38565 0.569376
38566 0.569376
38567 0.569376
38568 0.569376
38569 0.569376
38570 0.569376
38571 0.569376
38572 0.569376
38573 0.569376
38574 0.569376
38575 0.569376
38576 0.569376
38577 0.569376
38578 0.569376
38579 0.569376
38580 0.569376
38581 0.569376
38582 0.569376
38583 0.569376
38584 0.569376
38585 0.569376
38586 0.569376
38587 0.569376
38588 0.569376
38589 0.569376
38590 0.569376
38591 0.569376
38592 0.569376
38593 0.569376
38594 0.569376
38595 0.569376
38596 0.569376
38597 0.569376
38598 0.569376
38599 0.569376
38600 0.569376
38601 0.946451
38602 0.946451
38603 0.946451
38604 0.946451
38605 0.946451
38606 0.946451
38607 0.946451
38608 0.946451
38609 0.946451
38610 0.946451
38611 0.946451
38612 0.946451
38613 0.946451
38614 0.946451
38615 0.946451
38616 0.946451
38617 0.946451
38618 0.946451
38619 0.946451
38620 0.946451
38621 0.946451
38622 0.946451
38623 0.946451
38624 0.946451
38625 0.946451
38626 0.946451
38627 0.946451
38628 0.946451
38629 0.946451
38630 0.946451
38631 0.946451
38632 0.946451
38633 0.946451
38634 0.946451
38635 0.946451
38636 0.946451
38637 0.946451
38638 0.946451
38639 0.946451
38640 0.946451
38641 0.946451
38642 0.946451
38643 0.946451
38644 0.946451
38645 0.946451
38646 0.946451
38647 0.946451
38648 0.946451
38649 0.946451
38650 0.946451
38651 2.71553
38652 2.71553
38653 2.71553
38654 2.71553
38655 2.71553
38656 2.71553
38657 2.71553
38658 2.71553
38659 2.71553
38660 2.71553
38661 2.71553
38662 2.71553
38663 2.71553
38664 2.71553
38665 2.71553
38666 2.71553
38667 2.71553
38668 2.71553
38669 2.71553
38670 2.71553
38671 2.71553
38672 2.71553
38673 2.71553
38674 2.71553
38675 2.71553
38676 2.71553
38677 2.71553
38678 2.71553
38679 2.71553
38680 2.71553
38681 2.71553
38682 2.71553
38683 2.71553
38684 2.71553
38685 2.71553
38686 2.71553
38687 2.71553
38688 2.71553
38689 2.71553
38690 2.71553
38691 2.71553
38692 2.71553
38693 2.71553
38694 2.71553
38695 2.71553
38696 2.71553
38697 2.71553
38698 2.71553
38699 2.71553
38700 2.71553
38701 6.05212
38702 6.05212
38703 6.05212
38704 6.05212
38705 6.05212
38706 6.05212
38707 6.05212
38708 6.05212
38709 6.05212
38710 6.05212
38711 6.05212
38712 6.05212
38713 6.05212
38714 6.05212
38715 6.05212
38716 6.05212
38717 6.05212
38718 6.05212
38719 6.05212
38720 6.05212
38721 6.05212
38722 6.05212
38723 6.05212
38724 6.05212
38725 6.05212
38726 6.05212
38727 6.05212
38728 6.05212
38729 6.05212
38730 6.05212
38731 6.05212
38732 6.05212
38733 6.05212
38734 6.05212
38735 6.05212
38736 6.05212
38737 6.05212
38738 6.05212
38739 6.05212
38740 6.05212
38741 6.05212
38742 6.05212
38743 6.05212
38744 6.05212
38745 6.05212
38746 6.05212
38747 6.05212
38748 6.05212
38749 6.05212
38750 6.05212
38751 2.51406
38752 2.51406
38753 2.51406
38754 2.51406
38755 2.51406
38756 2.51406
38757 2.51406
38758 2.51406
38759 2.51406
38760 2.51406
38761 2.51406
38762 2.51406
38763 2.51406
38764 2.51406
38765 2.51406
38766 2.51406
38767 2.51406
38768 2.51406
38769 2.51406
38770 2.51406
38771 2.51406
38772 2.51406
38773 2.51406
38774 2.51406
38775 2.51406
38776 2.51406
38777 2.51406
38778 2.51406
38779 2.51406
38780 2.51406
38781 2.51406
38782 2.51406
38783 2.51406
38784 2.51406
38785 2.51406
38786 2.51406
38787 2.51406
38788 2.51406
38789 2.51406
38790 2.51406
38791 2.51406
38792 2.51406
38793 2.51406
38794 2.51406
38795 2.51406
38796 2.51406
38797 2.51406
38798 2.51406
38799 2.51406
38800 2.51406
38801 3.16757
38802 3.16757
38803 3.16757
38804 3.16757
38805 3.16757
38806 3.16757
38807 3.16757
38808 3.16757
38809 3.16757
38810 3.16757
38811 3.16757
38812 3.16757
38813 3.16757
38814 3.16757
38815 3.16757
38816 3.16757
38817 3.16757
38818 3.16757
38819 3.16757
38820 3.16757
38821 3.16757
38822 3.16757
38823 3.16757
38824 3.16757
38825 3.16757
38826 3.16757
38827 3.16757
38828 3.16757
38829 3.16757
38830 3.16757
38831 3.16757
38832 3.16757
38833 3.16757
38834 3.16757
38835 3.16757
38836 3.16757
38837 3.16757
38838 3.16757
38839 3.16757
38840 3.16757
38841 3.16757
38842 3.16757
38843 3.16757
38844 3.16757
38845 3.16757
38846 3.16757
38847 3.16757
38848 3.16757
38849 3.16757
38850 3.16757
38851 5.52824
38852 5.52824
38853 5.52824
38854 5.52824
38855 5.52824
38856 5.52824
38857 5.52824
38858 5.52824
38859 5.52824
38860 5.52824
38861 5.52824
38862 5.52824
38863 5.52824
38864 5.52824
38865 5.52824
38866 5.52824
38867 5.52824
38868 5.52824
38869 5.52824
38870 5.52824
38871 5.52824
38872 5.52824
38873 5.52824
38874 5.52824
38875 5.52824
38876 5.52824
38877 5.52824
38878 5.52824
38879 5.52824
38880 5.52824
38881 5.52824
38882 5.52824
38883 5.52824
38884 5.52824
38885 5.52824
38886 5.52824
38887 5.52824
38888 5.52824
38889 5.52824
38890 5.52824
38891 5.52824
38892 5.52824
38893 5.52824
38894 5.52824
38895 5.52824
38896 5.52824
38897 5.52824
38898 5.52824
38899 5.52824
38900 5.52824
38901 0.357756
38902 0.357756
38903 0.357756
38904 0.357756
38905 0.357756
38906 0.357756
38907 0.357756
38908 0.357756
38909 0.357756
38910 0.357756
38911 0.357756
38912 0.357756
38913 0.357756
38914 0.357756
38915 0.357756
38916 0.357756
38917 0.357756
38918 0.357756
38919 0.357756
38920 0.357756
38921 0.357756
38922 0.357756
38923 0.357756
38924 0.357756
38925 0.357756
38926 0.357756
38927 0.357756
38928 0.357756
38929 0.357756
38930 0.357756
38931 0.357756
38932 0.357756
38933 0.357756
38934 0.357756
38935 0.357756
38936 0.357756
38937 0.357756
38938 0.357756
38939 0.357756
38940 0.357756
38941 0.357756
38942 0.357756
38943 0.357756
38944 0.357756
38945 0.357756
38946 0.357756
38947 0.357756
38948 0.357756
38949 0.357756
38950 0.357756
38951 3.26644
38952 3.26644
38953 3.26644
38954 3.26644
38955 3.26644
38956 3.26644
38957 3.26644
38958 3.26644
38959 3.26644
38960 3.26644
38961 3.26644
38962 3.26644
38963 3.26644
38964 3.26644
38965 3.26644
38966 3.26644
38967 3.26644
38968 3.26644
38969 3.26644
38970 3.26644
38971 3.26644
38972 3.26644
38973 3.26644
38974 3.26644
38975 3.26644
38976 3.26644
38977 3.26644
38978 3.26644
38979 3.26644
38980 3.26644
38981 3.26644
38982 3.26644
38983 3.26644
38984 3.26644
38985 3.26644
38986 3.26644
38987 3.26644
38988 3.26644
38989 3.26644
38990 3.26644
38991 3.26644
38992 3.26644
38993 3.26644
38994 3.26644
38995 3.26644
38996 3.26644
38997 3.26644
38998 3.26644
38999 3.26644
39000 3.26644
39001 1.7155
39002 1.7155
39003 1.7155
39004 1.7155
39005 1.7155
39006 1.7155
39007 1.7155
39008 1.7155
39009 1.7155
39010 1.7155
39011 1.7155
39012 1.7155
39013 1.7155
39014 1.7155
39015 1.7155
39016 1.7155
39017 1.7155
39018 1.7155
39019 1.7155
39020 1.7155
39021 1.7155
39022 1.7155
39023 1.7155
39024 1.7155
39025 1.7155
39026 1.7155
39027 1.7155
39028 1.7155
39029 1.7155
39030 1.7155
39031 1.7155
39032 1.7155
39033 1.7155
39034 1.7155
39035 1.7155
39036 1.7155
39037 1.7155
39038 1.7155
39039 1.7155
39040 1.7155
39041 1.7155
39042 1.7155
39043 1.7155
39044 1.7155
39045 1.7155
39046 1.7155
39047 1.7155
39048 1.7155
39049 1.7155
39050 1.7155
39051 5.20959
39052 5.20959
39053 5.20959
39054 5.20959
39055 5.20959
39056 5.20959
39057 5.20959
39058 5.20959
39059 5.20959
39060 5.20959
39061 5.20959
39062 5.20959
39063 5.20959
39064 5.20959
39065 5.20959
39066 5.20959
39067 5.20959
39068 5.20959
39069 5.20959
39070 5.20959
39071 5.20959
39072 5.20959
39073 5.20959
39074 5.20959
39075 5.20959
39076 5.20959
39077 5.20959
39078 5.20959
39079 5.20959
39080 5.20959
39081 5.20959
39082 5.20959
39083 5.20959
39084 5.20959
39085 5.20959
39086 5.20959
39087 5.20959
39088 5.20959
39089 5.20959
39090 5.20959
39091 5.20959
39092 5.20959
39093 5.20959
39094 5.20959
39095 5.20959
39096 5.20959
39097 5.20959
39098 5.20959
39099 5.20959
39100 5.20959
39101 4.75727
39102 4.75727
39103 4.75727
39104 4.75727
39105 4.75727
39106 4.75727
39107 4.75727
39108 4.75727
39109 4.75727
39110 4.75727
39111 4.75727
39112 4.75727
39113 4.75727
39114 4.75727
39115 4.75727
39116 4.75727
39117 4.75727
39118 4.75727
39119 4.75727
39120 4.75727
39121 4.75727
39122 4.75727
39123 4.75727
39124 4.75727
39125 4.75727
39126 4.75727
39127 4.75727
39128 4.75727
39129 4.75727
39130 4.75727
39131 4.75727
39132 4.75727
39133 4.75727
39134 4.75727
39135 4.75727
39136 4.75727
39137 4.75727
39138 4.75727
39139 4.75727
39140 4.75727
39141 4.75727
39142 4.75727
39143 4.75727
39144 4.75727
39145 4.75727
39146 4.75727
39147 4.75727
39148 4.75727
39149 4.75727
39150 4.75727
39151 3.71902
39152 3.71902
39153 3.71902
39154 3.71902
39155 3.71902
39156 3.71902
39157 3.71902
39158 3.71902
39159 3.71902
39160 3.71902
39161 3.71902
39162 3.71902
39163 3.71902
39164 3.71902
39165 3.71902
39166 3.71902
39167 3.71902
39168 3.71902
39169 3.71902
39170 3.71902
39171 3.71902
39172 3.71902
39173 3.71902
39174 3.71902
39175 3.71902
39176 3.71902
39177 3.71902
39178 3.71902
39179 3.71902
39180 3.71902
39181 3.71902
39182 3.71902
39183 3.71902
39184 3.71902
39185 3.71902
39186 3.71902
39187 3.71902
39188 3.71902
39189 3.71902
39190 3.71902
39191 3.71902
39192 3.71902
39193 3.71902
39194 3.71902
39195 3.71902
39196 3.71902
39197 3.71902
39198 3.71902
39199 3.71902
39200 3.71902
39201 1.38625
39202 1.38625
39203 1.38625
39204 1.38625
39205 1.38625
39206 1.38625
39207 1.38625
39208 1.38625
39209 1.38625
39210 1.38625
39211 1.38625
39212 1.38625
39213 1.38625
39214 1.38625
39215 1.38625
39216 1.38625
39217 1.38625
39218 1.38625
39219 1.38625
39220 1.38625
39221 1.38625
39222 1.38625
39223 1.38625
39224 1.38625
39225 1.38625
39226 1.38625
39227 1.38625
39228 1.38625
39229 1.38625
39230 1.38625
39231 1.38625
39232 1.38625
39233 1.38625
39234 1.38625
39235 1.38625
39236 1.38625
39237 1.38625
39238 1.38625
39239 1.38625
39240 1.38625
39241 1.38625
39242 1.38625
39243 1.38625
39244 1.38625
39245 1.38625
39246 1.38625
39247 1.38625
39248 1.38625
39249 1.38625
39250 1.38625
39251 4.46787
39252 4.46787
39253 4.46787
39254 4.46787
39255 4.46787
39256 4.46787
39257 4.46787
39258 4.46787
39259 4.46787
39260 4.46787
39261 4.46787
39262 4.46787
39263 4.46787
39264 4.46787
39265 4.46787
39266 4.46787
39267 4.46787
39268 4.46787
39269 4.46787
39270 4.46787
39271 4.46787
39272 4.46787
39273 4.46787
39274 4.46787
39275 4.46787
39276 4.46787
39277 4.46787
39278 4.46787
39279 4.46787
39280 4.46787
39281 4.46787
39282 4.46787
39283 4.46787
39284 4.46787
39285 4.46787
39286 4.46787
39287 4.46787
39288 4.46787
39289 4.46787
39290 4.46787
39291 4.46787
39292 4.46787
39293 4.46787
39294 4.46787
39295 4.46787
39296 4.46787
39297 4.46787
39298 4.46787
39299 4.46787
39300 4.46787
39301 1.42496
39302 1.42496
39303 1.42496
39304 1.42496
39305 1.42496
39306 1.42496
39307 1.42496
39308 1.42496
39309 1.42496
39310 1.42496
39311 1.42496
39312 1.42496
39313 1.42496
39314 1.42496
39315 1.42496
39316 1.42496
39317 1.42496
39318 1.42496
39319 1.42496
39320 1.42496
39321 1.42496
39322 1.42496
39323 1.42496
39324 1.42496
39325 1.42496
39326 1.42496
39327 1.42496
39328 1.42496
39329 1.42496
39330 1.42496
39331 1.42496
39332 1.42496
39333 1.42496
39334 1.42496
39335 1.42496
39336 1.42496
39337 1.42496
39338 1.42496
39339 1.42496
39340 1.42496
39341 1.42496
39342 1.42496
39343 1.42496
39344 1.42496
39345 1.42496
39346 1.42496
39347 1.42496
39348 1.42496
39349 1.42496
39350 1.42496
39351 2.67964
39352 2.67964
39353 2.67964
39354 2.67964
39355 2.67964
39356 2.67964
39357 2.67964
39358 2.67964
39359 2.67964
39360 2.67964
39361 2.67964
39362 2.67964
39363 2.67964
39364 2.67964
39365 2.67964
39366 2.67964
39367 2.67964
39368 2.67964
39369 2.67964
39370 2.67964
39371 2.67964
39372 2.67964
39373 2.67964
39374 2.67964
39375 2.67964
39376 2.67964
39377 2.67964
39378 2.67964
39379 2.67964
39380 2.67964
39381 2.67964
39382 2.67964
39383 2.67964
39384 2.67964
39385 2.67964
39386 2.67964
39387 2.67964
39388 2.67964
39389 2.67964
39390 2.67964
39391 2.67964
39392 2.67964
39393 2.67964
39394 2.67964
39395 2.67964
39396 2.67964
39397 2.67964
39398 2.67964
39399 2.67964
39400 2.67964
39401 1.50787
39402 1.50787
39403 1.50787
39404 1.50787
39405 1.50787
39406 1.50787
39407 1.50787
39408 1.50787
39409 1.50787
39410 1.50787
39411 1.50787
39412 1.50787
39413 1.50787
39414 1.50787
39415 1.50787
39416 1.50787
39417 1.50787
39418 1.50787
39419 1.50787
39420 1.50787
39421 1.50787
39422 1.50787
39423 1.50787
39424 1.50787
39425 1.50787
39426 1.50787
39427 1.50787
39428 1.50787
39429 1.50787
39430 1.50787
39431 1.50787
39432 1.50787
39433 1.50787
39434 1.50787
39435 1.50787
39436 1.50787
39437 1.50787
39438 1.50787
39439 1.50787
39440 1.50787
39441 1.50787
39442 1.50787
39443 1.50787
39444 1.50787
39445 1.50787
39446 1.50787
39447 1.50787
39448 1.50787
39449 1.50787
39450 1.50787
39451 5.69254
39452 5.69254
39453 5.69254
39454 5.69254
39455 5.69254
39456 5.69254
39457 5.69254
39458 5.69254
39459 5.69254
39460 5.69254
39461 5.69254
39462 5.69254
39463 5.69254
39464 5.69254
39465 5.69254
39466 5.69254
39467 5.69254
39468 5.69254
39469 5.69254
39470 5.69254
39471 5.69254
39472 5.69254
39473 5.69254
39474 5.69254
39475 5.69254
39476 5.69254
39477 5.69254
39478 5.69254
39479 5.69254
39480 5.69254
39481 5.69254
39482 5.69254
39483 5.69254
39484 5.69254
39485 5.69254
39486 5.69254
39487 5.69254
39488 5.69254
39489 5.69254
39490 5.69254
39491 5.69254
39492 5.69254
39493 5.69254
39494 5.69254
39495 5.69254
39496 5.69254
39497 5.69254
39498 5.69254
39499 5.69254
39500 5.69254
39501 3.95146
39502 3.95146
39503 3.95146
39504 3.95146
39505 3.95146
39506 3.95146
39507 3.95146
39508 3.95146
39509 3.95146
39510 3.95146
39511 3.95146
39512 3.95146
39513 3.95146
39514 3.95146
39515 3.95146
39516 3.95146
39517 3.95146
39518 3.95146
39519 3.95146
39520 3.95146
39521 3.95146
39522 3.95146
39523 3.95146
39524 3.95146
39525 3.95146
39526 3.95146
39527 3.95146
39528 3.95146
39529 3.95146
39530 3.95146
39531 3.95146
39532 3.95146
39533 3.95146
39534 3.95146
39535 3.95146
39536 3.95146
39537 3.95146
39538 3.95146
39539 3.95146
39540 3.95146
39541 3.95146
39542 3.95146
39543 3.95146
39544 3.95146
39545 3.95146
39546 3.95146
39547 3.95146
39548 3.95146
39549 3.95146
39550 3.95146
39551 1.4101
39552 1.4101
39553 1.4101
39554 1.4101
39555 1.4101
39556 1.4101
39557 1.4101
39558 1.4101
39559 1.4101
39560 1.4101
39561 1.4101
39562 1.4101
39563 1.4101
39564 1.4101
39565 1.4101
39566 1.4101
39567 1.4101
39568 1.4101
39569 1.4101
39570 1.4101
39571 1.4101
39572 1.4101
39573 1.4101
39574 1.4101
39575 1.4101
39576 1.4101
39577 1.4101
39578 1.4101
39579 1.4101
39580 1.4101
39581 1.4101
39582 1.4101
39583 1.4101
39584 1.4101
39585 1.4101
39586 1.4101
39587 1.4101
39588 1.4101
39589 1.4101
39590 1.4101
39591 1.4101
39592 1.4101
39593 1.4101
39594 1.4101
39595 1.4101
39596 1.4101
39597 1.4101
39598 1.4101
39599 1.4101
39600 1.4101
39601 0.862057
39602 0.862057
39603 0.862057
39604 0.862057
39605 0.862057
39606 0.862057
39607 0.862057
39608 0.862057
39609 0.862057
39610 0.862057
39611 0.862057
39612 0.862057
39613 0.862057
39614 0.862057
39615 0.862057
39616 0.862057
39617 0.862057
39618 0.862057
39619 0.862057
39620 0.862057
39621 0.862057
39622 0.862057
39623 0.862057
39624 0.862057
39625 0.862057
39626 0.862057
39627 0.862057
39628 0.862057
39629 0.862057
39630 0.862057
39631 0.862057
39632 0.862057
39633 0.862057
39634 0.862057
39635 0.862057
39636 0.862057
39637 0.862057
39638 0.862057
39639 0.862057
39640 0.862057
39641 0.862057
39642 0.862057
39643 0.862057
39644 0.862057
39645 0.862057
39646 0.862057
39647 0.862057
39648 0.862057
39649 0.862057
39650 0.862057
39651 5.98152
39652 5.98152
39653 5.98152
39654 5.98152
39655 5.98152
39656 5.98152
39657 5.98152
39658 5.98152
39659 5.98152
39660 5.98152
39661 5.98152
39662 5.98152
39663 5.98152
39664 5.98152
39665 5.98152
39666 5.98152
39667 5.98152
39668 5.98152
39669 5.98152
39670 5.98152
39671 5.98152
39672 5.98152
39673 5.98152
39674 5.98152
39675 5.98152
39676 5.98152
39677 5.98152
39678 5.98152
39679 5.98152
39680 5.98152
39681 5.98152
39682 5.98152
39683 5.98152
39684 5.98152
39685 5.98152
39686 5.98152
39687 5.98152
39688 5.98152
39689 5.98152
39690 5.98152
39691 5.98152
39692 5.98152
39693 5.98152
39694 5.98152
39695 5.98152
39696 5.98152
39697 5.98152
39698 5.98152
39699 5.98152
39700 5.98152
39701 2.74777
39702 2.74777
39703 2.74777
39704 2.74777
39705 2.74777
39706 2.74777
39707 2.74777
39708 2.74777
39709 2.74777
39710 2.74777
39711 2.74777
39712 2.74777
39713 2.74777
39714 2.74777
39715 2.74777
39716 2.74777
39717 2.74777
39718 2.74777
39719 2.74777
39720 2.74777
39721 2.74777
39722 2.74777
39723 2.74777
39724 2.74777
39725 2.74777
39726 2.74777
39727 2.74777
39728 2.74777
39729 2.74777
39730 2.74777
39731 2.74777
39732 2.74777
39733 2.74777
39734 2.74777
39735 2.74777
39736 2.74777
39737 2.74777
39738 2.74777
39739 2.74777
39740 2.74777
39741 2.74777
39742 2.74777
39743 2.74777
39744 2.74777
39745 2.74777
39746 2.74777
39747 2.74777
39748 2.74777
39749 2.74777
39750 2.74777
39751 3.78854
39752 3.78854
39753 3.78854
39754 3.78854
39755 3.78854
39756 3.78854
39757 3.78854
39758 3.78854
39759 3.78854
39760 3.78854
39761 3.78854
39762 3.78854
39763 3.78854
39764 3.78854
39765 3.78854
39766 3.78854
39767 3.78854
39768 3.78854
39769 3.78854
39770 3.78854
39771 3.78854
39772 3.78854
39773 3.78854
39774 3.78854
39775 3.78854
39776 3.78854
39777 3.78854
39778 3.78854
39779 3.78854
39780 3.78854
39781 3.78854
39782 3.78854
39783 3.78854
39784 3.78854
39785 3.78854
39786 3.78854
39787 3.78854
39788 3.78854
39789 3.78854
39790 3.78854
39791 3.78854
39792 3.78854
39793 3.78854
39794 3.78854
39795 3.78854
39796 3.78854
39797 3.78854
39798 3.78854
39799 3.78854
39800 3.78854
39801 1.20319
39802 1.20319
39803 1.20319
39804 1.20319
39805 1.20319
39806 1.20319
39807 1.20319
39808 1.20319
39809 1.20319
39810 1.20319
39811 1.20319
39812 1.20319
39813 1.20319
39814 1.20319
39815 1.20319
39816 1.20319
39817 1.20319
39818 1.20319
39819 1.20319
39820 1.20319
39821 1.20319
39822 1.20319
39823 1.20319
39824 1.20319
39825 1.20319
39826 1.20319
39827 1.20319
39828 1.20319
39829 1.20319
39830 1.20319
39831 1.20319
39832 1.20319
39833 1.20319
39834 1.20319
39835 1.20319
39836 1.20319
39837 1.20319
39838 1.20319
39839 1.20319
39840 1.20319
39841 1.20319
39842 1.20319
39843 1.20319
39844 1.20319
39845 1.20319
39846 1.20319
39847 1.20319
39848 1.20319
39849 1.20319
39850 1.20319
39851 0.596845
39852 0.596845
39853 0.596845
39854 0.596845
39855 0.596845
39856 0.596845
39857 0.596845
39858 0.596845
39859 0.596845
39860 0.596845
39861 0.596845
39862 0.596845
39863 0.596845
39864 0.596845
39865 0.596845
39866 0.596845
39867 0.596845
39868 0.596845
39869 0.596845
39870 0.596845
39871 0.596845
39872 0.596845
39873 0.596845
39874 0.596845
39875 0.596845
39876 0.596845
39877 0.596845
39878 0.596845
39879 0.596845
39880 0.596845
39881 0.596845
39882 0.596845
39883 0.596845
39884 0.596845
39885 0.596845
39886 0.596845
39887 0.596845
39888 0.596845
39889 0.596845
39890 0.596845
39891 0.596845
39892 0.596845
39893 0.596845
39894 0.596845
39895 0.596845
39896 0.596845
39897 0.596845
39898 0.596845
39899 0.596845
39900 0.596845
39901 1.59794
39902 1.59794
39903 1.59794
39904 1.59794
39905 1.59794
39906 1.59794
39907 1.59794
39908 1.59794
39909 1.59794
39910 1.59794
39911 1.59794
39912 1.59794
39913 1.59794
39914 1.59794
39915 1.59794
39916 1.59794
39917 1.59794
39918 1.59794
39919 1.59794
39920 1.59794
39921 1.59794
39922 1.59794
39923 1.59794
39924 1.59794
39925 1.59794
39926 1.59794
39927 1.59794
39928 1.59794
39929 1.59794
39930 1.59794
39931 1.59794
39932 1.59794
39933 1.59794
39934 1.59794
39935 1.59794
39936 1.59794
39937 1.59794
39938 1.59794
39939 1.59794
39940 1.59794
39941 1.59794
39942 1.59794
39943 1.59794
39944 1.59794
39945 1.59794
39946 1.59794
39947 1.59794
39948 1.59794
39949 1.59794
39950 1.59794
39951 3.96871
39952 3.96871
39953 3.96871
39954 3.96871
39955 3.96871
39956 3.96871
39957 3.96871
39958 3.96871
39959 3.96871
39960 3.96871
39961 3.96871
39962 3.96871
39963 3.96871
39964 3.96871
39965 3.96871
39966 3.96871
39967 3.96871
39968 3.96871
39969 3.96871
39970 3.96871
39971 3.96871
39972 3.96871
39973 3.96871
39974 3.96871
39975 3.96871
39976 3.96871
39977 3.96871
39978 3.96871
39979 3.96871
39980 3.96871
39981 3.96871
39982 3.96871
39983 3.96871
39984 3.96871
39985 3.96871
39986 3.96871
39987 3.96871
39988 3.96871
39989 3.96871
39990 3.96871
39991 3.96871
39992 3.96871
39993 3.96871
39994 3.96871
39995 3.96871
39996 3.96871
39997 3.96871
39998 3.96871
39999 3.96871
40000 3.96871
40001 2.75904
40002 2.75904
40003 2.75904
40004 2.75904
40005 2.75904
40006 2.75904
40007 2.75904
40008 2.75904
40009 2.75904
40010 2.75904
40011 2.75904
40012 2.75904
40013 2.75904
40014 2.75904
40015 2.75904
40016 2.75904
40017 2.75904
40018 2.75904
40019 2.75904
40020 2.75904
40021 2.75904
40022 2.75904
40023 2.75904
40024 2.75904
40025 2.75904
40026 2.75904
40027 2.75904
40028 2.75904
40029 2.75904
40030 2.75904
40031 2.75904
40032 2.75904
40033 2.75904
40034 2.75904
40035 2.75904
40036 2.75904
40037 2.75904
40038 2.75904
40039 2.75904
40040 2.75904
40041 2.75904
40042 2.75904
40043 2.75904
40044 2.75904
40045 2.75904
40046 2.75904
40047 2.75904
40048 2.75904
40049 2.75904
40050 2.75904
40051 1.41468
40052 1.41468
40053 1.41468
40054 1.41468
40055 1.41468
40056 1.41468
40057 1.41468
40058 1.41468
40059 1.41468
40060 1.41468
40061 1.41468
40062 1.41468
40063 1.41468
40064 1.41468
40065 1.41468
40066 1.41468
40067 1.41468
40068 1.41468
40069 1.41468
40070 1.41468
40071 1.41468
40072 1.41468
40073 1.41468
40074 1.41468
40075 1.41468
40076 1.41468
40077 1.41468
40078 1.41468
40079 1.41468
40080 1.41468
40081 1.41468
40082 1.41468
40083 1.41468
40084 1.41468
40085 1.41468
40086 1.41468
40087 1.41468
40088 1.41468
40089 1.41468
40090 1.41468
40091 1.41468
40092 1.41468
40093 1.41468
40094 1.41468
40095 1.41468
40096 1.41468
40097 1.41468
40098 1.41468
40099 1.41468
40100 1.41468
40101 4.82092
40102 4.82092
40103 4.82092
40104 4.82092
40105 4.82092
40106 4.82092
40107 4.82092
40108 4.82092
40109 4.82092
40110 4.82092
40111 4.82092
40112 4.82092
40113 4.82092
40114 4.82092
40115 4.82092
40116 4.82092
40117 4.82092
40118 4.82092
40119 4.82092
40120 4.82092
40121 4.82092
40122 4.82092
40123 4.82092
40124 4.82092
40125 4.82092
40126 4.82092
40127 4.82092
40128 4.82092
40129 4.82092
40130 4.82092
40131 4.82092
40132 4.82092
40133 4.82092
40134 4.82092
40135 4.82092
40136 4.82092
40137 4.82092
40138 4.82092
40139 4.82092
40140 4.82092
40141 4.82092
40142 4.82092
40143 4.82092
40144 4.82092
40145 4.82092
40146 4.82092
40147 4.82092
40148 4.82092
40149 4.82092
40150 4.82092
40151 2.11476
40152 2.11476
40153 2.11476
40154 2.11476
40155 2.11476
40156 2.11476
40157 2.11476
40158 2.11476
40159 2.11476
40160 2.11476
40161 2.11476
40162 2.11476
40163 2.11476
40164 2.11476
40165 2.11476
40166 2.11476
40167 2.11476
40168 2.11476
40169 2.11476
40170 2.11476
40171 2.11476
40172 2.11476
40173 2.11476
40174 2.11476
40175 2.11476
40176 2.11476
40177 2.11476
40178 2.11476
40179 2.11476
40180 2.11476
40181 2.11476
40182 2.11476
40183 2.11476
40184 2.11476
40185 2.11476
40186 2.11476
40187 2.11476
40188 2.11476
40189 2.11476
40190 2.11476
40191 2.11476
40192 2.11476
40193 2.11476
40194 2.11476
40195 2.11476
40196 2.11476
40197 2.11476
40198 2.11476
40199 2.11476
40200 2.11476
40201 2.83899
40202 2.83899
40203 2.83899
40204 2.83899
40205 2.83899
40206 2.83899
40207 2.83899
40208 2.83899
40209 2.83899
40210 2.83899
40211 2.83899
40212 2.83899
40213 2.83899
40214 2.83899
40215 2.83899
40216 2.83899
40217 2.83899
40218 2.83899
40219 2.83899
40220 2.83899
40221 2.83899
40222 2.83899
40223 2.83899
40224 2.83899
40225 2.83899
40226 2.83899
40227 2.83899
40228 2.83899
40229 2.83899
40230 2.83899
40231 2.83899
40232 2.83899
40233 2.83899
40234 2.83899
40235 2.83899
40236 2.83899
40237 2.83899
40238 2.83899
40239 2.83899
40240 2.83899
40241 2.83899
40242 2.83899
40243 2.83899
40244 2.83899
40245 2.83899
40246 2.83899
40247 2.83899
40248 2.83899
40249 2.83899
40250 2.83899
40251 1.57779
40252 1.57779
40253 1.57779
40254 1.57779
40255 1.57779
40256 1.57779
40257 1.57779
40258 1.57779
40259 1.57779
40260 1.57779
40261 1.57779
40262 1.57779
40263 1.57779
40264 1.57779
40265 1.57779
40266 1.57779
40267 1.57779
40268 1.57779
40269 1.57779
40270 1.57779
40271 1.57779
40272 1.57779
40273 1.57779
40274 1.57779
40275 1.57779
40276 1.57779
40277 1.57779
40278 1.57779
40279 1.57779
40280 1.57779
40281 1.57779
40282 1.57779
40283 1.57779
40284 1.57779
40285 1.57779
40286 1.57779
40287 1.57779
40288 1.57779
40289 1.57779
40290 1.57779
40291 1.57779
40292 1.57779
40293 1.57779
40294 1.57779
40295 1.57779
40296 1.57779
40297 1.57779
40298 1.57779
40299 1.57779
40300 1.57779
40301 5.57688
40302 5.57688
40303 5.57688
40304 5.57688
40305 5.57688
40306 5.57688
40307 5.57688
40308 5.57688
40309 5.57688
40310 5.57688
40311 5.57688
40312 5.57688
40313 5.57688
40314 5.57688
40315 5.57688
40316 5.57688
40317 5.57688
40318 5.57688
40319 5.57688
40320 5.57688
40321 5.57688
40322 5.57688
40323 5.57688
40324 5.57688
40325 5.57688
40326 5.57688
40327 5.57688
40328 5.57688
40329 5.57688
40330 5.57688
40331 5.57688
40332 5.57688
40333 5.57688
40334 5.57688
40335 5.57688
40336 5.57688
40337 5.57688
40338 5.57688
40339 5.57688
40340 5.57688
40341 5.57688
40342 5.57688
40343 5.57688
40344 5.57688
40345 5.57688
40346 5.57688
40347 5.57688
40348 5.57688
40349 5.57688
40350 5.57688
40351 0.170976
40352 0.170976
40353 0.170976
40354 0.170976
40355 0.170976
40356 0.170976
40357 0.170976
40358 0.170976
40359 0.170976
40360 0.170976
40361 0.170976
40362 0.170976
40363 0.170976
40364 0.170976
40365 0.170976
40366 0.170976
40367 0.170976
40368 0.170976
40369 0.170976
40370 0.170976
40371 0.170976
40372 0.170976
40373 0.170976
40374 0.170976
40375 0.170976
40376 0.170976
40377 0.170976
40378 0.170976
40379 0.170976
40380 0.170976
40381 0.170976
40382 0.170976
40383 0.170976
40384 0.170976
40385 0.170976
40386 0.170976
40387 0.170976
40388 0.170976
40389 0.170976
40390 0.170976
40391 0.170976
40392 0.170976
40393 0.170976
40394 0.170976
40395 0.170976
40396 0.170976
40397 0.170976
40398 0.170976
40399 0.170976
40400 0.170976
40401 0.397647
40402 0.397647
40403 0.397647
40404 0.397647
40405 0.397647
40406 0.397647
40407 0.397647
40408 0.397647
40409 0.397647
40410 0.397647
40411 0.397647
40412 0.397647
40413 0.397647
40414 0.397647
40415 0.397647
40416 0.397647
40417 0.397647
40418 0.397647
40419 0.397647
40420 0.397647
40421 0.397647
40422 0.397647
40423 0.397647
40424 0.397647
40425 0.397647
40426 0.397647
40427 0.397647
40428 0.397647
40429 0.397647
40430 0.397647
40431 0.397647
40432 0.397647
40433 0.397647
40434 0.397647
40435 0.397647
40436 0.397647
40437 0.397647
40438 0.397647
40439 0.397647
40440 0.397647
40441 0.397647
40442 0.397647
40443 0.397647
40444 0.397647
40445 0.397647
40446 0.397647
40447 0.397647
40448 0.397647
40449 0.397647
40450 0.397647
40451 3.45078
40452 3.45078
40453 3.45078
40454 3.45078
40455 3.45078
40456 3.45078
40457 3.45078
40458 3.45078
40459 3.45078
40460 3.45078
40461 3.45078
40462 3.45078
40463 3.45078
40464 3.45078
40465 3.45078
40466 3.45078
40467 3.45078
40468 3.45078
40469 3.45078
40470 3.45078
40471 3.45078
40472 3.45078
40473 3.45078
40474 3.45078
40475 3.45078
40476 3.45078
40477 3.45078
40478 3.45078
40479 3.45078
40480 3.45078
40481 3.45078
40482 3.45078
40483 3.45078
40484 3.45078
40485 3.45078
40486 3.45078
40487 3.45078
40488 3.45078
40489 3.45078
40490 3.45078
40491 3.45078
40492 3.45078
40493 3.45078
40494 3.45078
40495 3.45078
40496 3.45078
40497 3.45078
40498 3.45078
40499 3.45078
40500 3.45078
40501 1.41263
40502 1.41263
40503 1.41263
40504 1.41263
40505 1.41263
40506 1.41263
40507 1.41263
40508 1.41263
40509 1.41263
40510 1.41263
40511 1.41263
40512 1.41263
40513 1.41263
40514 1.41263
40515 1.41263
40516 1.41263
40517 1.41263
40518 1.41263
40519 1.41263
40520 1.41263
40521 1.41263
40522 1.41263
40523 1.41263
40524 1.41263
40525 1.41263
40526 1.41263
40527 1.41263
40528 1.41263
40529 1.41263
40530 1.41263
40531 1.41263
40532 1.41263
40533 1.41263
40534 1.41263
40535 1.41263
40536 1.41263
40537 1.41263
40538 1.41263
40539 1.41263
40540 1.41263
40541 1.41263
40542 1.41263
40543 1.41263
40544 1.41263
40545 1.41263
40546 1.41263
40547 1.41263
40548 1.41263
40549 1.41263
40550 1.41263
40551 3.5478
40552 3.5478
40553 3.5478
40554 3.5478
40555 3.5478
40556 3.5478
40557 3.5478
40558 3.5478
40559 3.5478
40560 3.5478
40561 3.5478
40562 3.5478
40563 3.5478
40564 3.5478
40565 3.5478
40566 3.5478
40567 3.5478
40568 3.5478
40569 3.5478
40570 3.5478
40571 3.5478
40572 3.5478
40573 3.5478
40574 3.5478
40575 3.5478
40576 3.5478
40577 3.5478
40578 3.5478
40579 3.5478
40580 3.5478
40581 3.5478
40582 3.5478
40583 3.5478
40584 3.5478
40585 3.5478
40586 3.5478
40587 3.5478
40588 3.5478
40589 3.5478
40590 3.5478
40591 3.5478
40592 3.5478
40593 3.5478
40594 3.5478
40595 3.5478
40596 3.5478
40597 3.5478
40598 3.5478
40599 3.5478
40600 3.5478
40601 5.17323
40602 5.17323
40603 5.17323
40604 5.17323
40605 5.17323
40606 5.17323
40607 5.17323
40608 5.17323
40609 5.17323
40610 5.17323
40611 5.17323
40612 5.17323
40613 5.17323
40614 5.17323
40615 5.17323
40616 5.17323
40617 5.17323
40618 5.17323
40619 5.17323
40620 5.17323
40621 5.17323
40622 5.17323
40623 5.17323
40624 5.17323
40625 5.17323
40626 5.17323
40627 5.17323
40628 5.17323
40629 5.17323
40630 5.17323
40631 5.17323
40632 5.17323
40633 5.17323
40634 5.17323
40635 5.17323
40636 5.17323
40637 5.17323
40638 5.17323
40639 5.17323
40640 5.17323
40641 5.17323
40642 5.17323
40643 5.17323
40644 5.17323
40645 5.17323
40646 5.17323
40647 5.17323
40648 5.17323
40649 5.17323
40650 5.17323
40651 3.47867
40652 3.47867
40653 3.47867
40654 3.47867
40655 3.47867
40656 3.47867
40657 3.47867
40658 3.47867
40659 3.47867
40660 3.47867
40661 3.47867
40662 3.47867
40663 3.47867
40664 3.47867
40665 3.47867
40666 3.47867
40667 3.47867
40668 3.47867
40669 3.47867
40670 3.47867
40671 3.47867
40672 3.47867
40673 3.47867
40674 3.47867
40675 3.47867
40676 3.47867
40677 3.47867
40678 3.47867
40679 3.47867
40680 3.47867
40681 3.47867
40682 3.47867
40683 3.47867
40684 3.47867
40685 3.47867
40686 3.47867
40687 3.47867
40688 3.47867
40689 3.47867
40690 3.47867
40691 3.47867
40692 3.47867
40693 3.47867
40694 3.47867
40695 3.47867
40696 3.47867
40697 3.47867
40698 3.47867
40699 3.47867
40700 3.47867
40701 4.44253
40702 4.44253
40703 4.44253
40704 4.44253
40705 4.44253
40706 4.44253
40707 4.44253
40708 4.44253
40709 4.44253
40710 4.44253
40711 4.44253
40712 4.44253
40713 4.44253
40714 4.44253
40715 4.44253
40716 4.44253
40717 4.44253
40718 4.44253
40719 4.44253
40720 4.44253
40721 4.44253
40722 4.44253
40723 4.44253
40724 4.44253
40725 4.44253
40726 4.44253
40727 4.44253
40728 4.44253
40729 4.44253
40730 4.44253
40731 4.44253
40732 4.44253
40733 4.44253
40734 4.44253
40735 4.44253
40736 4.44253
40737 4.44253
40738 4.44253
40739 4.44253
40740 4.44253
40741 4.44253
40742 4.44253
40743 4.44253
40744 4.44253
40745 4.44253
40746 4.44253
40747 4.44253
40748 4.44253
40749 4.44253
40750 4.44253
40751 2.27238
40752 2.27238
40753 2.27238
40754 2.27238
40755 2.27238
40756 2.27238
40757 2.27238
40758 2.27238
40759 2.27238
40760 2.27238
40761 2.27238
40762 2.27238
40763 2.27238
40764 2.27238
40765 2.27238
40766 2.27238
40767 2.27238
40768 2.27238
40769 2.27238
40770 2.27238
40771 2.27238
40772 2.27238
40773 2.27238
40774 2.27238
40775 2.27238
40776 2.27238
40777 2.27238
40778 2.27238
40779 2.27238
40780 2.27238
40781 2.27238
40782 2.27238
40783 2.27238
40784 2.27238
40785 2.27238
40786 2.27238
40787 2.27238
40788 2.27238
40789 2.27238
40790 2.27238
40791 2.27238
40792 2.27238
40793 2.27238
40794 2.27238
40795 2.27238
40796 2.27238
40797 2.27238
40798 2.27238
40799 2.27238
40800 2.27238
40801 3.6339
40802 3.6339
40803 3.6339
40804 3.6339
40805 3.6339
40806 3.6339
40807 3.6339
40808 3.6339
40809 3.6339
40810 3.6339
40811 3.6339
40812 3.6339
40813 3.6339
40814 3.6339
40815 3.6339
40816 3.6339
40817 3.6339
40818 3.6339
40819 3.6339
40820 3.6339
40821 3.6339
40822 3.6339
40823 3.6339
40824 3.6339
40825 3.6339
40826 3.6339
40827 3.6339
40828 3.6339
40829 3.6339
40830 3.6339
40831 3.6339
40832 3.6339
40833 3.6339
40834 3.6339
40835 3.6339
40836 3.6339
40837 3.6339
40838 3.6339
40839 3.6339
40840 3.6339
40841 3.6339
40842 3.6339
40843 3.6339
40844 3.6339
40845 3.6339
40846 3.6339
40847 3.6339
40848 3.6339
40849 3.6339
40850 3.6339
40851 0.733513
40852 0.733513
40853 0.733513
40854 0.733513
40855 0.733513
40856 0.733513
40857 0.733513
40858 0.733513
40859 0.733513
40860 0.733513
40861 0.733513
40862 0.733513
40863 0.733513
40864 0.733513
40865 0.733513
40866 0.733513
40867 0.733513
40868 0.733513
40869 0.733513
40870 0.733513
40871 0.733513
40872 0.733513
40873 0.733513
40874 0.733513
40875 0.733513
40876 0.733513
40877 0.733513
40878 0.733513
40879 0.733513
40880 0.733513
40881 0.733513
40882 0.733513
40883 0.733513
40884 0.733513
40885 0.733513
40886 0.733513
40887 0.733513
40888 0.733513
40889 0.733513
40890 0.733513
40891 0.733513
40892 0.733513
40893 0.733513
40894 0.733513
40895 0.733513
40896 0.733513
40897 0.733513
40898 0.733513
40899 0.733513
40900 0.733513
40901 1.90126
40902 1.90126
40903 1.90126
40904 1.90126
40905 1.90126
40906 1.90126
40907 1.90126
40908 1.90126
40909 1.90126
40910 1.90126
40911 1.90126
40912 1.90126
40913 1.90126
40914 1.90126
40915 1.90126
40916 1.90126
40917 1.90126
40918 1.90126
40919 1.90126
40920 1.90126
40921 1.90126
40922 1.90126
40923 1.90126
40924 1.90126
40925 1.90126
40926 1.90126
40927 1.90126
40928 1.90126
40929 1.90126
40930 1.90126
40931 1.90126
40932 1.90126
40933 1.90126
40934 1.90126
40935 1.90126
40936 1.90126
40937 1.90126
40938 1.90126
40939 1.90126
40940 1.90126
40941 1.90126
40942 1.90126
40943 1.90126
40944 1.90126
40945 1.90126
40946 1.90126
40947 1.90126
40948 1.90126
40949 1.90126
40950 1.90126
40951 4.59433
40952 4.59433
40953 4.59433
40954 4.59433
40955 4.59433
40956 4.59433
40957 4.59433
40958 4.59433
40959 4.59433
40960 4.59433
40961 4.59433
40962 4.59433
40963 4.59433
40964 4.59433
40965 4.59433
40966 4.59433
40967 4.59433
40968 4.59433
40969 4.59433
40970 4.59433
40971 4.59433
40972 4.59433
40973 4.59433
40974 4.59433
40975 4.59433
40976 4.59433
40977 4.59433
40978 4.59433
40979 4.59433
40980 4.59433
40981 4.59433
40982 4.59433
40983 4.59433
40984 4.59433
40985 4.59433
40986 4.59433
40987 4.59433
40988 4.59433
40989 4.59433
40990 4.59433
40991 4.59433
40992 4.59433
40993 4.59433
40994 4.59433
40995 4.59433
40996 4.59433
40997 4.59433
40998 4.59433
40999 4.59433
41000 4.59433
41001 0.233281
41002 0.233281
41003 0.233281
41004 0.233281
41005 0.233281
41006 0.233281
41007 0.233281
41008 0.233281
41009 0.233281
41010 0.233281
41011 0.233281
41012 0.233281
41013 0.233281
41014 0.233281
41015 0.233281
41016 0.233281
41017 0.233281
41018 0.233281
41019 0.233281
41020 0.233281
41021 0.233281
41022 0.233281
41023 0.233281
41024 0.233281
41025 0.233281
41026 0.233281
41027 0.233281
41028 0.233281
41029 0.233281
41030 0.233281
41031 0.233281
41032 0.233281
41033 0.233281
41034 0.233281
41035 0.233281
41036 0.233281
41037 0.233281
41038 0.233281
41039 0.233281
41040 0.233281
41041 0.233281
41042 0.233281
41043 0.233281
41044 0.233281
41045 0.233281
41046 0.233281
41047 0.233281
41048 0.233281
41049 0.233281
41050 0.233281
41051 5.60202
41052 5.60202
41053 5.60202
41054 5.60202
41055 5.60202
41056 5.60202
41057 5.60202
41058 5.60202
41059 5.60202
41060 5.60202
41061 5.60202
41062 5.60202
41063 5.60202
41064 5.60202
41065 5.60202
41066 5.60202
41067 5.60202
41068 5.60202
41069 5.60202
41070 5.60202
41071 5.60202
41072 5.60202
41073 5.60202
41074 5.60202
41075 5.60202
41076 5.60202
41077 5.60202
41078 5.60202
41079 5.60202
41080 5.60202
41081 5.60202
41082 5.60202
41083 5.60202
41084 5.60202
41085 5.60202
41086 5.60202
41087 5.60202
41088 5.60202
41089 5.60202
41090 5.60202
41091 5.60202
41092 5.60202
41093 5.60202
41094 5.60202
41095 5.60202
41096 5.60202
41097 5.60202
41098 5.60202
41099 5.60202
41100 5.60202
41101 2.4144
41102 2.4144
41103 2.4144
41104 2.4144
41105 2.4144
41106 2.4144
41107 2.4144
41108 2.4144
41109 2.4144
41110 2.4144
41111 2.4144
41112 2.4144
41113 2.4144
41114 2.4144
41115 2.4144
41116 2.4144
41117 2.4144
41118 2.4144
41119 2.4144
41120 2.4144
41121 2.4144
41122 2.4144
41123 2.4144
41124 2.4144
41125 2.4144
41126 2.4144
41127 2.4144
41128 2.4144
41129 2.4144
41130 2.4144
41131 2.4144
41132 2.4144
41133 2.4144
41134 2.4144
41135 2.4144
41136 2.4144
41137 2.4144
41138 2.4144
41139 2.4144
41140 2.4144
41141 2.4144
41142 2.4144
41143 2.4144
41144 2.4144
41145 2.4144
41146 2.4144
41147 2.4144
41148 2.4144
41149 2.4144
41150 2.4144
41151 3.87544
41152 3.87544
41153 3.87544
41154 3.87544
41155 3.87544
41156 3.87544
41157 3.87544
41158 3.87544
41159 3.87544
41160 3.87544
41161 3.87544
41162 3.87544
41163 3.87544
41164 3.87544
41165 3.87544
41166 3.87544
41167 3.87544
41168 3.87544
41169 3.87544
41170 3.87544
41171 3.87544
41172 3.87544
41173 3.87544
41174 3.87544
41175 3.87544
41176 3.87544
41177 3.87544
41178 3.87544
41179 3.87544
41180 3.87544
41181 3.87544
41182 3.87544
41183 3.87544
41184 3.87544
41185 3.87544
41186 3.87544
41187 3.87544
41188 3.87544
41189 3.87544
41190 3.87544
41191 3.87544
41192 3.87544
41193 3.87544
41194 3.87544
41195 3.87544
41196 3.87544
41197 3.87544
41198 3.87544
41199 3.87544
41200 3.87544
41201 4.95565
41202 4.95565
41203 4.95565
41204 4.95565
41205 4.95565
41206 4.95565
41207 4.95565
41208 4.95565
41209 4.95565
41210 4.95565
41211 4.95565
41212 4.95565
41213 4.95565
41214 4.95565
41215 4.95565
41216 4.95565
41217 4.95565
41218 4.95565
41219 4.95565
41220 4.95565
41221 4.95565
41222 4.95565
41223 4.95565
41224 4.95565
41225 4.95565
41226 4.95565
41227 4.95565
41228 4.95565
41229 4.95565
41230 4.95565
41231 4.95565
41232 4.95565
41233 4.95565
41234 4.95565
41235 4.95565
41236 4.95565
41237 4.95565
41238 4.95565
41239 4.95565
41240 4.95565
41241 4.95565
41242 4.95565
41243 4.95565
41244 4.95565
41245 4.95565
41246 4.95565
41247 4.95565
41248 4.95565
41249 4.95565
41250 4.95565
41251 2.98402
41252 2.98402
41253 2.98402
41254 2.98402
41255 2.98402
41256 2.98402
41257 2.98402
41258 2.98402
41259 2.98402
41260 2.98402
41261 2.98402
41262 2.98402
41263 2.98402
41264 2.98402
41265 2.98402
41266 2.98402
41267 2.98402
41268 2.98402
41269 2.98402
41270 2.98402
41271 2.98402
41272 2.98402
41273 2.98402
41274 2.98402
41275 2.98402
41276 2.98402
41277 2.98402
41278 2.98402
41279 2.98402
41280 2.98402
41281 2.98402
41282 2.98402
41283 2.98402
41284 2.98402
41285 2.98402
41286 2.98402
41287 2.98402
41288 2.98402
41289 2.98402
41290 2.98402
41291 2.98402
41292 2.98402
41293 2.98402
41294 2.98402
41295 2.98402
41296 2.98402
41297 2.98402
41298 2.98402
41299 2.98402
41300 2.98402
41301 1.91155
41302 1.91155
41303 1.91155
41304 1.91155
41305 1.91155
41306 1.91155
41307 1.91155
41308 1.91155
41309 1.91155
41310 1.91155
41311 1.91155
41312 1.91155
41313 1.91155
41314 1.91155
41315 1.91155
41316 1.91155
41317 1.91155
41318 1.91155
41319 1.91155
41320 1.91155
41321 1.91155
41322 1.91155
41323 1.91155
41324 1.91155
41325 1.91155
41326 1.91155
41327 1.91155
41328 1.91155
41329 1.91155
41330 1.91155
41331 1.91155
41332 1.91155
41333 1.91155
41334 1.91155
41335 1.91155
41336 1.91155
41337 1.91155
41338 1.91155
41339 1.91155
41340 1.91155
41341 1.91155
41342 1.91155
41343 1.91155
41344 1.91155
41345 1.91155
41346 1.91155
41347 1.91155
41348 1.91155
41349 1.91155
41350 1.91155
41351 0.179871
41352 0.179871
41353 0.179871
41354 0.179871
41355 0.179871
41356 0.179871
41357 0.179871
41358 0.179871
41359 0.179871
41360 0.179871
41361 0.179871
41362 0.179871
41363 0.179871
41364 0.179871
41365 0.179871
41366 0.179871
41367 0.179871
41368 0.179871
41369 0.179871
41370 0.179871
41371 0.179871
41372 0.179871
41373 0.179871
41374 0.179871
41375 0.179871
41376 0.179871
41377 0.179871
41378 0.179871
41379 0.179871
41380 0.179871
41381 0.179871
41382 0.179871
41383 0.179871
41384 0.179871
41385 0.179871
41386 0.179871
41387 0.179871
41388 0.179871
41389 0.179871
41390 0.179871
41391 0.179871
41392 0.179871
41393 0.179871
41394 0.179871
41395 0.179871
41396 0.179871
41397 0.179871
41398 0.179871
41399 0.179871
41400 0.179871
41401 4.90881
41402 4.90881
41403 4.90881
41404 4.90881
41405 4.90881
41406 4.90881
41407 4.90881
41408 4.90881
41409 4.90881
41410 4.90881
41411 4.90881
41412 4.90881
41413 4.90881
41414 4.90881
41415 4.90881
41416 4.90881
41417 4.90881
41418 4.90881
41419 4.90881
41420 4.90881
41421 4.90881
41422 4.90881
41423 4.90881
41424 4.90881
41425 4.90881
41426 4.90881
41427 4.90881
41428 4.90881
41429 4.90881
41430 4.90881
41431 4.90881
41432 4.90881
41433 4.90881
41434 4.90881
41435 4.90881
41436 4.90881
41437 4.90881
41438 4.90881
41439 4.90881
41440 4.90881
41441 4.90881
41442 4.90881
41443 4.90881
41444 4.90881
41445 4.90881
41446 4.90881
41447 4.90881
41448 4.90881
41449 4.90881
41450 4.90881
41451 3.58964
41452 3.58964
41453 3.58964
41454 3.58964
41455 3.58964
41456 3.58964
41457 3.58964
41458 3.58964
41459 3.58964
41460 3.58964
41461 3.58964
41462 3.58964
41463 3.58964
41464 3.58964
41465 3.58964
41466 3.58964
41467 3.58964
41468 3.58964
41469 3.58964
41470 3.58964
41471 3.58964
41472 3.58964
41473 3.58964
41474 3.58964
41475 3.58964
41476 3.58964
41477 3.58964
41478 3.58964
41479 3.58964
41480 3.58964
41481 3.58964
41482 3.58964
41483 3.58964
41484 3.58964
41485 3.58964
41486 3.58964
41487 3.58964
41488 3.58964
41489 3.58964
41490 3.58964
41491 3.58964
41492 3.58964
41493 3.58964
41494 3.58964
41495 3.58964
41496 3.58964
41497 3.58964
41498 3.58964
41499 3.58964
41500 3.58964
41501 3.23914
41502 3.23914
41503 3.23914
41504 3.23914
41505 3.23914
41506 3.23914
41507 3.23914
41508 3.23914
41509 3.23914
41510 3.23914
41511 3.23914
41512 3.23914
41513 3.23914
41514 3.23914
41515 3.23914
41516 3.23914
41517 3.23914
41518 3.23914
41519 3.23914
41520 3.23914
41521 3.23914
41522 3.23914
41523 3.23914
41524 3.23914
41525 3.23914
41526 3.23914
41527 3.23914
41528 3.23914
41529 3.23914
41530 3.23914
41531 3.23914
41532 3.23914
41533 3.23914
41534 3.23914
41535 3.23914
41536 3.23914
41537 3.23914
41538 3.23914
41539 3.23914
41540 3.23914
41541 3.23914
41542 3.23914
41543 3.23914
41544 3.23914
41545 3.23914
41546 3.23914
41547 3.23914
41548 3.23914
41549 3.23914
41550 3.23914
41551 5.00554
41552 5.00554
41553 5.00554
41554 5.00554
41555 5.00554
41556 5.00554
41557 5.00554
41558 5.00554
41559 5.00554
41560 5.00554
41561 5.00554
41562 5.00554
41563 5.00554
41564 5.00554
41565 5.00554
41566 5.00554
41567 5.00554
41568 5.00554
41569 5.00554
41570 5.00554
41571 5.00554
41572 5.00554
41573 5.00554
41574 5.00554
41575 5.00554
41576 5.00554
41577 5.00554
41578 5.00554
41579 5.00554
41580 5.00554
41581 5.00554
41582 5.00554
41583 5.00554
41584 5.00554
41585 5.00554
41586 5.00554
41587 5.00554
41588 5.00554
41589 5.00554
41590 5.00554
41591 5.00554
41592 5.00554
41593 5.00554
41594 5.00554
41595 5.00554
41596 5.00554
41597 5.00554
41598 5.00554
41599 5.00554
41600 5.00554
41601 5.21876
41602 5.21876
41603 5.21876
41604 5.21876
41605 5.21876
41606 5.21876
41607 5.21876
41608 5.21876
41609 5.21876
41610 5.21876
41611 5.21876
41612 5.21876
41613 5.21876
41614 5.21876
41615 5.21876
41616 5.21876
41617 5.21876
41618 5.21876
41619 5.21876
41620 5.21876
41621 5.21876
41622 5.21876
41623 5.21876
41624 5.21876
41625 5.21876
41626 5.21876
41627 5.21876
41628 5.21876
41629 5.21876
41630 5.21876
41631 5.21876
41632 5.21876
41633 5.21876
41634 5.21876
41635 5.21876
41636 5.21876
41637 5.21876
41638 5.21876
41639 5.21876
41640 5.21876
41641 5.21876
41642 5.21876
41643 5.21876
41644 5.21876
41645 5.21876
41646 5.21876
41647 5.21876
41648 5.21876
41649 5.21876
41650 5.21876
41651 5.86308
41652 5.86308
41653 5.86308
41654 5.86308
41655 5.86308
41656 5.86308
41657 5.86308
41658 5.86308
41659 5.86308
41660 5.86308
41661 5.86308
41662 5.86308
41663 5.86308
41664 5.86308
41665 5.86308
41666 5.86308
41667 5.86308
41668 5.86308
41669 5.86308
41670 5.86308
41671 5.86308
41672 5.86308
41673 5.86308
41674 5.86308
41675 5.86308
41676 5.86308
41677 5.86308
41678 5.86308
41679 5.86308
41680 5.86308
41681 5.86308
41682 5.86308
41683 5.86308
41684 5.86308
41685 5.86308
41686 5.86308
41687 5.86308
41688 5.86308
41689 5.86308
41690 5.86308
41691 5.86308
41692 5.86308
41693 5.86308
41694 5.86308
41695 5.86308
41696 5.86308
41697 5.86308
41698 5.86308
41699 5.86308
41700 5.86308
41701 1.80743
41702 1.80743
41703 1.80743
41704 1.80743
41705 1.80743
41706 1.80743
41707 1.80743
41708 1.80743
41709 1.80743
41710 1.80743
41711 1.80743
41712 1.80743
41713 1.80743
41714 1.80743
41715 1.80743
41716 1.80743
41717 1.80743
41718 1.80743
41719 1.80743
41720 1.80743
41721 1.80743
41722 1.80743
41723 1.80743
41724 1.80743
41725 1.80743
41726 1.80743
41727 1.80743
41728 1.80743
41729 1.80743
41730 1.80743
41731 1.80743
41732 1.80743
41733 1.80743
41734 1.80743
41735 1.80743
41736 1.80743
41737 1.80743
41738 1.80743
41739 1.80743
41740 1.80743
41741 1.80743
41742 1.80743
41743 1.80743
41744 1.80743
41745 1.80743
41746 1.80743
41747 1.80743
41748 1.80743
41749 1.80743
41750 1.80743
41751 2.67754
41752 2.67754
41753 2.67754
41754 2.67754
41755 2.67754
41756 2.67754
41757 2.67754
41758 2.67754
41759 2.67754
41760 2.67754
41761 2.67754
41762 2.67754
41763 2.67754
41764 2.67754
41765 2.67754
41766 2.67754
41767 2.67754
41768 2.67754
41769 2.67754
41770 2.67754
41771 2.67754
41772 2.67754
41773 2.67754
41774 2.67754
41775 2.67754
41776 2.67754
41777 2.67754
41778 2.67754
41779 2.67754
41780 2.67754
41781 2.67754
41782 2.67754
41783 2.67754
41784 2.67754
41785 2.67754
41786 2.67754
41787 2.67754
41788 2.67754
41789 2.67754
41790 2.67754
41791 2.67754
41792 2.67754
41793 2.67754
41794 2.67754
41795 2.67754
41796 2.67754
41797 2.67754
41798 2.67754
41799 2.67754
41800 2.67754
41801 3.88896
41802 3.88896
41803 3.88896
41804 3.88896
41805 3.88896
41806 3.88896
41807 3.88896
41808 3.88896
41809 3.88896
41810 3.88896
41811 3.88896
41812 3.88896
41813 3.88896
41814 3.88896
41815 3.88896
41816 3.88896
41817 3.88896
41818 3.88896
41819 3.88896
41820 3.88896
41821 3.88896
41822 3.88896
41823 3.88896
41824 3.88896
41825 3.88896
41826 3.88896
41827 3.88896
41828 3.88896
41829 3.88896
41830 3.88896
41831 3.88896
41832 3.88896
41833 3.88896
41834 3.88896
41835 3.88896
41836 3.88896
41837 3.88896
41838 3.88896
41839 3.88896
41840 3.88896
41841 3.88896
41842 3.88896
41843 3.88896
41844 3.88896
41845 3.88896
41846 3.88896
41847 3.88896
41848 3.88896
41849 3.88896
41850 3.88896
41851 5.46977
41852 5.46977
41853 5.46977
41854 5.46977
41855 5.46977
41856 5.46977
41857 5.46977
41858 5.46977
41859 5.46977
41860 5.46977
41861 5.46977
41862 5.46977
41863 5.46977
41864 5.46977
41865 5.46977
41866 5.46977
41867 5.46977
41868 5.46977
41869 5.46977
41870 5.46977
41871 5.46977
41872 5.46977
41873 5.46977
41874 5.46977
41875 5.46977
41876 5.46977
41877 5.46977
41878 5.46977
41879 5.46977
41880 5.46977
41881 5.46977
41882 5.46977
41883 5.46977
41884 5.46977
41885 5.46977
41886 5.46977
41887 5.46977
41888 5.46977
41889 5.46977
41890 5.46977
41891 5.46977
41892 5.46977
41893 5.46977
41894 5.46977
41895 5.46977
41896 5.46977
41897 5.46977
41898 5.46977
41899 5.46977
41900 5.46977
41901 5.72532
41902 5.72532
41903 5.72532
41904 5.72532
41905 5.72532
41906 5.72532
41907 5.72532
41908 5.72532
41909 5.72532
41910 5.72532
41911 5.72532
41912 5.72532
41913 5.72532
41914 5.72532
41915 5.72532
41916 5.72532
41917 5.72532
41918 5.72532
41919 5.72532
41920 5.72532
41921 5.72532
41922 5.72532
41923 5.72532
41924 5.72532
41925 5.72532
41926 5.72532
41927 5.72532
41928 5.72532
41929 5.72532
41930 5.72532
41931 5.72532
41932 5.72532
41933 5.72532
41934 5.72532
41935 5.72532
41936 5.72532
41937 5.72532
41938 5.72532
41939 5.72532
41940 5.72532
41941 5.72532
41942 5.72532
41943 5.72532
41944 5.72532
41945 5.72532
41946 5.72532
41947 5.72532
41948 5.72532
41949 5.72532
41950 5.72532
41951 0.424291
41952 0.424291
41953 0.424291
41954 0.424291
41955 0.424291
41956 0.424291
41957 0.424291
41958 0.424291
41959 0.424291
41960 0.424291
41961 0.424291
41962 0.424291
41963 0.424291
41964 0.424291
41965 0.424291
41966 0.424291
41967 0.424291
41968 0.424291
41969 0.424291
41970 0.424291
41971 0.424291
41972 0.424291
41973 0.424291
41974 0.424291
41975 0.424291
41976 0.424291
41977 0.424291
41978 0.424291
41979 0.424291
41980 0.424291
41981 0.424291
41982 0.424291
41983 0.424291
41984 0.424291
41985 0.424291
41986 0.424291
41987 0.424291
41988 0.424291
41989 0.424291
41990 0.424291
41991 0.424291
41992 0.424291
41993 0.424291
41994 0.424291
41995 0.424291
41996 0.424291
41997 0.424291
41998 0.424291
41999 0.424291
42000 0.424291
42001 4.18463
42002 4.18463
42003 4.18463
42004 4.18463
42005 4.18463
42006 4.18463
42007 4.18463
42008 4.18463
42009 4.18463
42010 4.18463
42011 4.18463
42012 4.18463
42013 4.18463
42014 4.18463
42015 4.18463
42016 4.18463
42017 4.18463
42018 4.18463
42019 4.18463
42020 4.18463
42021 4.18463
42022 4.18463
42023 4.18463
42024 4.18463
42025 4.18463
42026 4.18463
42027 4.18463
42028 4.18463
42029 4.18463
42030 4.18463
42031 4.18463
42032 4.18463
42033 4.18463
42034 4.18463
42035 4.18463
42036 4.18463
42037 4.18463
42038 4.18463
42039 4.18463
42040 4.18463
42041 4.18463
42042 4.18463
42043 4.18463
42044 4.18463
42045 4.18463
42046 4.18463
42047 4.18463
42048 4.18463
42049 4.18463
42050 4.18463
42051 5.9996
42052 5.9996
42053 5.9996
42054 5.9996
42055 5.9996
42056 5.9996
42057 5.9996
42058 5.9996
42059 5.9996
42060 5.9996
42061 5.9996
42062 5.9996
42063 5.9996
42064 5.9996
42065 5.9996
42066 5.9996
42067 5.9996
42068 5.9996
42069 5.9996
42070 5.9996
42071 5.9996
42072 5.9996
42073 5.9996
42074 5.9996
42075 5.9996
42076 5.9996
42077 5.9996
42078 5.9996
42079 5.9996
42080 5.9996
42081 5.9996
42082 5.9996
42083 5.9996
42084 5.9996
42085 5.9996
42086 5.9996
42087 5.9996
42088 5.9996
42089 5.9996
42090 5.9996
42091 5.9996
42092 5.9996
42093 5.9996
42094 5.9996
42095 5.9996
42096 5.9996
42097 5.9996
42098 5.9996
42099 5.9996
42100 5.9996
42101 0.824889
42102 0.824889
42103 0.824889
42104 0.824889
42105 0.824889
42106 0.824889
42107 0.824889
42108 0.824889
42109 0.824889
42110 0.824889
42111 0.824889
42112 0.824889
42113 0.824889
42114 0.824889
42115 0.824889
42116 0.824889
42117 0.824889
42118 0.824889
42119 0.824889
42120 0.824889
42121 0.824889
42122 0.824889
42123 0.824889
42124 0.824889
42125 0.824889
42126 0.824889
42127 0.824889
42128 0.824889
42129 0.824889
42130 0.824889
42131 0.824889
42132 0.824889
42133 0.824889
42134 0.824889
42135 0.824889
42136 0.824889
42137 0.824889
42138 0.824889
42139 0.824889
42140 0.824889
42141 0.824889
42142 0.824889
42143 0.824889
42144 0.824889
42145 0.824889
42146 0.824889
42147 0.824889
42148 0.824889
42149 0.824889
42150 0.824889
42151 0.144244
42152 0.144244
42153 0.144244
42154 0.144244
42155 0.144244
42156 0.144244
42157 0.144244
42158 0.144244
42159 0.144244
42160 0.144244
42161 0.144244
42162 0.144244
42163 0.144244
42164 0.144244
42165 0.144244
42166 0.144244
42167 0.144244
42168 0.144244
42169 0.144244
42170 0.144244
42171 0.144244
42172 0.144244
42173 0.144244
42174 0.144244
42175 0.144244
42176 0.144244
42177 0.144244
42178 0.144244
42179 0.144244
42180 0.144244
42181 0.144244
42182 0.144244
42183 0.144244
42184 0.144244
42185 0.144244
42186 0.144244
42187 0.144244
42188 0.144244
42189 0.144244
42190 0.144244
42191 0.144244
42192 0.144244
42193 0.144244
42194 0.144244
42195 0.144244
42196 0.144244
42197 0.144244
42198 0.144244
42199 0.144244
42200 0.144244
42201 5.28502
42202 5.28502
42203 5.28502
42204 5.28502
42205 5.28502
42206 5.28502
42207 5.28502
42208 5.28502
42209 5.28502
42210 5.28502
42211 5.28502
42212 5.28502
42213 5.28502
42214 5.28502
42215 5.28502
42216 5.28502
42217 5.28502
42218 5.28502
42219 5.28502
42220 5.28502
42221 5.28502
42222 5.28502
42223 5.28502
42224 5.28502
42225 5.28502
42226 5.28502
42227 5.28502
42228 5.28502
42229 5.28502
42230 5.28502
42231 5.28502
42232 5.28502
42233 5.28502
42234 5.28502
42235 5.28502
42236 5.28502
42237 5.28502
42238 5.28502
42239 5.28502
42240 5.28502
42241 5.28502
42242 5.28502
42243 5.28502
42244 5.28502
42245 5.28502
42246 5.28502
42247 5.28502
42248 5.28502
42249 5.28502
42250 5.28502
42251 5.32998
42252 5.32998
42253 5.32998
42254 5.32998
42255 5.32998
42256 5.32998
42257 5.32998
42258 5.32998
42259 5.32998
42260 5.32998
42261 5.32998
42262 5.32998
42263 5.32998
42264 5.32998
42265 5.32998
42266 5.32998
42267 5.32998
42268 5.32998
42269 5.32998
42270 5.32998
42271 5.32998
42272 5.32998
42273 5.32998
42274 5.32998
42275 5.32998
42276 5.32998
42277 5.32998
42278 5.32998
42279 5.32998
42280 5.32998
42281 5.32998
42282 5.32998
42283 5.32998
42284 5.32998
42285 5.32998
42286 5.32998
42287 5.32998
42288 5.32998
42289 5.32998
42290 5.32998
42291 5.32998
42292 5.32998
42293 5.32998
42294 5.32998
42295 5.32998
42296 5.32998
42297 5.32998
42298 5.32998
42299 5.32998
42300 5.32998
42301 2.12607
42302 2.12607
42303 2.12607
42304 2.12607
42305 2.12607
42306 2.12607
42307 2.12607
42308 2.12607
42309 2.12607
42310 2.12607
42311 2.12607
42312 2.12607
42313 2.12607
42314 2.12607
42315 2.12607
42316 2.12607
42317 2.12607
42318 2.12607
42319 2.12607
42320 2.12607
42321 2.12607
42322 2.12607
42323 2.12607
42324 2.12607
42325 2.12607
42326 2.12607
42327 2.12607
42328 2.12607
42329 2.12607
42330 2.12607
42331 2.12607
42332 2.12607
42333 2.12607
42334 2.12607
42335 2.12607
42336 2.12607
42337 2.12607
42338 2.12607
42339 2.12607
42340 2.12607
42341 2.12607
42342 2.12607
42343 2.12607
42344 2.12607
42345 2.12607
42346 2.12607
42347 2.12607
42348 2.12607
42349 2.12607
42350 2.12607
42351 2.69036
42352 2.69036
42353 2.69036
42354 2.69036
42355 2.69036
42356 2.69036
42357 2.69036
42358 2.69036
42359 2.69036
42360 2.69036
42361 2.69036
42362 2.69036
42363 2.69036
42364 2.69036
42365 2.69036
42366 2.69036
42367 2.69036
42368 2.69036
42369 2.69036
42370 2.69036
42371 2.69036
42372 2.69036
42373 2.69036
42374 2.69036
42375 2.69036
42376 2.69036
42377 2.69036
42378 2.69036
42379 2.69036
42380 2.69036
42381 2.69036
42382 2.69036
42383 2.69036
42384 2.69036
42385 2.69036
42386 2.69036
42387 2.69036
42388 2.69036
42389 2.69036
42390 2.69036
42391 2.69036
42392 2.69036
42393 2.69036
42394 2.69036
42395 2.69036
42396 2.69036
42397 2.69036
42398 2.69036
42399 2.69036
42400 2.69036
42401 2.55198
42402 2.55198
42403 2.55198
42404 2.55198
42405 2.55198
42406 2.55198
42407 2.55198
42408 2.55198
42409 2.55198
42410 2.55198
42411 2.55198
42412 2.55198
42413 2.55198
42414 2.55198
42415 2.55198
42416 2.55198
42417 2.55198
42418 2.55198
42419 2.55198
42420 2.55198
42421 2.55198
42422 2.55198
42423 2.55198
42424 2.55198
42425 2.55198
42426 2.55198
42427 2.55198
42428 2.55198
42429 2.55198
42430 2.55198
42431 2.55198
42432 2.55198
42433 2.55198
42434 2.55198
42435 2.55198
42436 2.55198
42437 2.55198
42438 2.55198
42439 2.55198
42440 2.55198
42441 2.55198
42442 2.55198
42443 2.55198
42444 2.55198
42445 2.55198
42446 2.55198
42447 2.55198
42448 2.55198
42449 2.55198
42450 2.55198
42451 1.75917
42452 1.75917
42453 1.75917
42454 1.75917
42455 1.75917
42456 1.75917
42457 1.75917
42458 1.75917
42459 1.75917
42460 1.75917
42461 1.75917
42462 1.75917
42463 1.75917
42464 1.75917
42465 1.75917
42466 1.75917
42467 1.75917
42468 1.75917
42469 1.75917
42470 1.75917
42471 1.75917
42472 1.75917
42473 1.75917
42474 1.75917
42475 1.75917
42476 1.75917
42477 1.75917
42478 1.75917
42479 1.75917
42480 1.75917
42481 1.75917
42482 1.75917
42483 1.75917
42484 1.75917
42485 1.75917
42486 1.75917
42487 1.75917
42488 1.75917
42489 1.75917
42490 1.75917
42491 1.75917
42492 1.75917
42493 1.75917
42494 1.75917
42495 1.75917
42496 1.75917
42497 1.75917
42498 1.75917
42499 1.75917
42500 1.75917
42501 0.415301
42502 0.415301
42503 0.415301
42504 0.415301
42505 0.415301
42506 0.415301
42507 0.415301
42508 0.415301
42509 0.415301
42510 0.415301
42511 0.415301
42512 0.415301
42513 0.415301
42514 0.415301
42515 0.415301
42516 0.415301
42517 0.415301
42518 0.415301
42519 0.415301
42520 0.415301
42521 0.415301
42522 0.415301
42523 0.415301
42524 0.415301
42525 0.415301
42526 0.415301
42527 0.415301
42528 0.415301
42529 0.415301
42530 0.415301
42531 0.415301
42532 0.415301
42533 0.415301
42534 0.415301
42535 0.415301
42536 0.415301
42537 0.415301
42538 0.415301
42539 0.415301
42540 0.415301
42541 0.415301
42542 0.415301
42543 0.415301
42544 0.415301
42545 0.415301
42546 0.415301
42547 0.415301
42548 0.415301
42549 0.415301
42550 0.415301
42551 5.29623
42552 5.29623
42553 5.29623
42554 5.29623
42555 5.29623
42556 5.29623
42557 5.29623
42558 5.29623
42559 5.29623
42560 5.29623
42561 5.29623
42562 5.29623
42563 5.29623
42564 5.29623
42565 5.29623
42566 5.29623
42567 5.29623
42568 5.29623
42569 5.29623
42570 5.29623
42571 5.29623
42572 5.29623
42573 5.29623
42574 5.29623
42575 5.29623
42576 5.29623
42577 5.29623
42578 5.29623
42579 5.29623
42580 5.29623
42581 5.29623
42582 5.29623
42583 5.29623
42584 5.29623
42585 5.29623
42586 5.29623
42587 5.29623
42588 5.29623
42589 5.29623
42590 5.29623
42591 5.29623
42592 5.29623
42593 5.29623
42594 5.29623
42595 5.29623
42596 5.29623
42597 5.29623
42598 5.29623
42599 5.29623
42600 5.29623
42601 4.98504
42602 4.98504
42603 4.98504
42604 4.98504
42605 4.98504
42606 4.98504
42607 4.98504
42608 4.98504
42609 4.98504
42610 4.98504
42611 4.98504
42612 4.98504
42613 4.98504
42614 4.98504
42615 4.98504
42616 4.98504
42617 4.98504
42618 4.98504
42619 4.98504
42620 4.98504
42621 4.98504
42622 4.98504
42623 4.98504
42624 4.98504
42625 4.98504
42626 4.98504
42627 4.98504
42628 4.98504
42629 4.98504
42630 4.98504
42631 4.98504
42632 4.98504
42633 4.98504
42634 4.98504
42635 4.98504
42636 4.98504
42637 4.98504
42638 4.98504
42639 4.98504
42640 4.98504
42641 4.98504
42642 4.98504
42643 4.98504
42644 4.98504
42645 4.98504
42646 4.98504
42647 4.98504
42648 4.98504
42649 4.98504
42650 4.98504
42651 0.842556
42652 0.842556
42653 0.842556
42654 0.842556
42655 0.842556
42656 0.842556
42657 0.842556
42658 0.842556
42659 0.842556
42660 0.842556
42661 0.842556
42662 0.842556
42663 0.842556
42664 0.842556
42665 0.842556
42666 0.842556
42667 0.842556
42668 0.842556
42669 0.842556
42670 0.842556
42671 0.842556
42672 0.842556
42673 0.842556
42674 0.842556
42675 0.842556
42676 0.842556
42677 0.842556
42678 0.842556
42679 0.842556
42680 0.842556
42681 0.842556
42682 0.842556
42683 0.842556
42684 0.842556
42685 0.842556
42686 0.842556
42687 0.842556
42688 0.842556
42689 0.842556
42690 0.842556
42691 0.842556
42692 0.842556
42693 0.842556
42694 0.842556
42695 0.842556
42696 0.842556
42697 0.842556
42698 0.842556
42699 0.842556
42700 0.842556
42701 2.96096
42702 2.96096
42703 2.96096
42704 2.96096
42705 2.96096
42706 2.96096
42707 2.96096
42708 2.96096
42709 2.96096
42710 2.96096
42711 2.96096
42712 2.96096
42713 2.96096
42714 2.96096
42715 2.96096
42716 2.96096
42717 2.96096
42718 2.96096
42719 2.96096
42720 2.96096
42721 2.96096
42722 2.96096
42723 2.96096
42724 2.96096
42725 2.96096
42726 2.96096
42727 2.96096
42728 2.96096
42729 2.96096
42730 2.96096
42731 2.96096
42732 2.96096
42733 2.96096
42734 2.96096
42735 2.96096
42736 2.96096
42737 2.96096
42738 2.96096
42739 2.96096
42740 2.96096
42741 2.96096
42742 2.96096
42743 2.96096
42744 2.96096
42745 2.96096
42746 2.96096
42747 2.96096
42748 2.96096
42749 2.96096
42750 2.96096
42751 0.077682
42752 0.077682
42753 0.077682
42754 0.077682
42755 0.077682
42756 0.077682
42757 0.077682
42758 0.077682
42759 0.077682
42760 0.077682
42761 0.077682
42762 0.077682
42763 0.077682
42764 0.077682
42765 0.077682
42766 0.077682
42767 0.077682
42768 0.077682
42769 0.077682
42770 0.077682
42771 0.077682
42772 0.077682
42773 0.077682
42774 0.077682
42775 0.077682
42776 0.077682
42777 0.077682
42778 0.077682
42779 0.077682
42780 0.077682
42781 0.077682
42782 0.077682
42783 0.077682
42784 0.077682
42785 0.077682
42786 0.077682
42787 0.077682
42788 0.077682
42789 0.077682
42790 0.077682
42791 0.077682
42792 0.077682
42793 0.077682
42794 0.077682
42795 0.077682
42796 0.077682
42797 0.077682
42798 0.077682
42799 0.077682
42800 0.077682
42801 4.01278
42802 4.01278
42803 4.01278
42804 4.01278
42805 4.01278
42806 4.01278
42807 4.01278
42808 4.01278
42809 4.01278
42810 4.01278
42811 4.01278
42812 4.01278
42813 4.01278
42814 4.01278
42815 4.01278
42816 4.01278
42817 4.01278
42818 4.01278
42819 4.01278
42820 4.01278
42821 4.01278
42822 4.01278
42823 4.01278
42824 4.01278
42825 4.01278
42826 4.01278
42827 4.01278
42828 4.01278
42829 4.01278
42830 4.01278
42831 4.01278
42832 4.01278
42833 4.01278
42834 4.01278
42835 4.01278
42836 4.01278
42837 4.01278
42838 4.01278
42839 4.01278
42840 4.01278
42841 4.01278
42842 4.01278
42843 4.01278
42844 4.01278
42845 4.01278
42846 4.01278
42847 4.01278
42848 4.01278
42849 4.01278
42850 4.01278
42851 0.495269
42852 0.495269
42853 0.495269
42854 0.495269
42855 0.495269
42856 0.495269
42857 0.495269
42858 0.495269
42859 0.495269
42860 0.495269
42861 0.495269
42862 0.495269
42863 0.495269
42864 0.495269
42865 0.495269
42866 0.495269
42867 0.495269
42868 0.495269
42869 0.495269
42870 0.495269
42871 0.495269
42872 0.495269
42873 0.495269
42874 0.495269
42875 0.495269
42876 0.495269
42877 0.495269
42878 0.495269
42879 0.495269
42880 0.495269
42881 0.495269
42882 0.495269
42883 0.495269
42884 0.495269
42885 0.495269
42886 0.495269
42887 0.495269
42888 0.495269
42889 0.495269
42890 0.495269
42891 0.495269
42892 0.495269
42893 0.495269
42894 0.495269
42895 0.495269
42896 0.495269
42897 0.495269
42898 0.495269
42899 0.495269
42900 0.495269
42901 3.13445
42902 3.13445
42903 3.13445
42904 3.13445
42905 3.13445
42906 3.13445
42907 3.13445
42908 3.13445
42909 3.13445
42910 3.13445
42911 3.13445
42912 3.13445
42913 3.13445
42914 3.13445
42915 3.13445
42916 3.13445
42917 3.13445
42918 3.13445
42919 3.13445
42920 3.13445
42921 3.13445
42922 3.13445
42923 3.13445
42924 3.13445
42925 3.13445
42926 3.13445
42927 3.13445
42928 3.13445
42929 3.13445
42930 3.13445
42931 3.13445
42932 3.13445
42933 3.13445
42934 3.13445
42935 3.13445
42936 3.13445
42937 3.13445
42938 3.13445
42939 3.13445
42940 3.13445
42941 3.13445
42942 3.13445
42943 3.13445
42944 3.13445
42945 3.13445
42946 3.13445
42947 3.13445
42948 3.13445
42949 3.13445
42950 3.13445
42951 5.01776
42952 5.01776
42953 5.01776
42954 5.01776
42955 5.01776
42956 5.01776
42957 5.01776
42958 5.01776
42959 5.01776
42960 5.01776
42961 5.01776
42962 5.01776
42963 5.01776
42964 5.01776
42965 5.01776
42966 5.01776
42967 5.01776
42968 5.01776
42969 5.01776
42970 5.01776
42971 5.01776
42972 5.01776
42973 5.01776
42974 5.01776
42975 5.01776
42976 5.01776
42977 5.01776
42978 5.01776
42979 5.01776
42980 5.01776
42981 5.01776
42982 5.01776
42983 5.01776
42984 5.01776
42985 5.01776
42986 5.01776
42987 5.01776
42988 5.01776
42989 5.01776
42990 5.01776
42991 5.01776
42992 5.01776
42993 5.01776
42994 5.01776
42995 5.01776
42996 5.01776
42997 5.01776
42998 5.01776
42999 5.01776
43000 5.01776
43001 4.47306
43002 4.47306
43003 4.47306
43004 4.47306
43005 4.47306
43006 4.47306
43007 4.47306
43008 4.47306
43009 4.47306
43010 4.47306
43011 4.47306
43012 4.47306
43013 4.47306
43014 4.47306
43015 4.47306
43016 4.47306
43017 4.47306
43018 4.47306
43019 4.47306
43020 4.47306
43021 4.47306
43022 4.47306
43023 4.47306
43024 4.47306
43025 4.47306
43026 4.47306
43027 4.47306
43028 4.47306
43029 4.47306
43030 4.47306
43031 4.47306
43032 4.47306
43033 4.47306
43034 4.47306
43035 4.47306
43036 4.47306
43037 4.47306
43038 4.47306
43039 4.47306
43040 4.47306
43041 4.47306
43042 4.47306
43043 4.47306
43044 4.47306
43045 4.47306
43046 4.47306
43047 4.47306
43048 4.47306
43049 4.47306
43050 4.47306
43051 2.84709
43052 2.84709
43053 2.84709
43054 2.84709
43055 2.84709
43056 2.84709
43057 2.84709
43058 2.84709
43059 2.84709
43060 2.84709
43061 2.84709
43062 2.84709
43063 2.84709
43064 2.84709
43065 2.84709
43066 2.84709
43067 2.84709
43068 2.84709
43069 2.84709
43070 2.84709
43071 2.84709
43072 2.84709
43073 2.84709
43074 2.84709
43075 2.84709
43076 2.84709
43077 2.84709
43078 2.84709
43079 2.84709
43080 2.84709
43081 2.84709
43082 2.84709
43083 2.84709
43084 2.84709
43085 2.84709
43086 2.84709
43087 2.84709
43088 2.84709
43089 2.84709
43090 2.84709
43091 2.84709
43092 2.84709
43093 2.84709
43094 2.84709
43095 2.84709
43096 2.84709
43097 2.84709
43098 2.84709
43099 2.84709
43100 2.84709
43101 4.08044
43102 4.08044
43103 4.08044
43104 4.08044
43105 4.08044
43106 4.08044
43107 4.08044
43108 4.08044
43109 4.08044
43110 4.08044
43111 4.08044
43112 4.08044
43113 4.08044
43114 4.08044
43115 4.08044
43116 4.08044
43117 4.08044
43118 4.08044
43119 4.08044
43120 4.08044
43121 4.08044
43122 4.08044
43123 4.08044
43124 4.08044
43125 4.08044
43126 4.08044
43127 4.08044
43128 4.08044
43129 4.08044
43130 4.08044
43131 4.08044
43132 4.08044
43133 4.08044
43134 4.08044
43135 4.08044
43136 4.08044
43137 4.08044
43138 4.08044
43139 4.08044
43140 4.08044
43141 4.08044
43142 4.08044
43143 4.08044
43144 4.08044
43145 4.08044
43146 4.08044
43147 4.08044
43148 4.08044
43149 4.08044
43150 4.08044
43151 1.61682
43152 1.61682
43153 1.61682
43154 1.61682
43155 1.61682
43156 1.61682
43157 1.61682
43158 1.61682
43159 1.61682
43160 1.61682
43161 1.61682
43162 1.61682
43163 1.61682
43164 1.61682
43165 1.61682
43166 1.61682
43167 1.61682
43168 1.61682
43169 1.61682
43170 1.61682
43171 1.61682
43172 1.61682
43173 1.61682
43174 1.61682
43175 1.61682
43176 1.61682
43177 1.61682
43178 1.61682
43179 1.61682
43180 1.61682
43181 1.61682
43182 1.61682
43183 1.61682
43184 1.61682
43185 1.61682
43186 1.61682
43187 1.61682
43188 1.61682
43189 1.61682
43190 1.61682
43191 1.61682
43192 1.61682
43193 1.61682
43194 1.61682
43195 1.61682
43196 1.61682
43197 1.61682
43198 1.61682
43199 1.61682
43200 1.61682
43201 0.227305
43202 0.227305
43203 0.227305
43204 0.227305
43205 0.227305
43206 0.227305
43207 0.227305
43208 0.227305
43209 0.227305
43210 0.227305
43211 0.227305
43212 0.227305
43213 0.227305
43214 0.227305
43215 0.227305
43216 0.227305
43217 0.227305
43218 0.227305
43219 0.227305
43220 0.227305
43221 0.227305
43222 0.227305
43223 0.227305
43224 0.227305
43225 0.227305
43226 0.227305
43227 0.227305
43228 0.227305
43229 0.227305
43230 0.227305
43231 0.227305
43232 0.227305
43233 0.227305
43234 0.227305
43235 0.227305
43236 0.227305
43237 0.227305
43238 0.227305
43239 0.227305
43240 0.227305
43241 0.227305
43242 0.227305
43243 0.227305
43244 0.227305
43245 0.227305
43246 0.227305
43247 0.227305
43248 0.227305
43249 0.227305
43250 0.227305
43251 0.83332
43252 0.83332
43253 0.83332
43254 0.83332
43255 0.83332
43256 0.83332
43257 0.83332
43258 0.83332
43259 0.83332
43260 0.83332
43261 0.83332
43262 0.83332
43263 0.83332
43264 0.83332
43265 0.83332
43266 0.83332
43267 0.83332
43268 0.83332
43269 0.83332
43270 0.83332
43271 0.83332
43272 0.83332
43273 0.83332
43274 0.83332
43275 0.83332
43276 0.83332
43277 0.83332
43278 0.83332
43279 0.83332
43280 0.83332
43281 0.83332
43282 0.83332
43283 0.83332
43284 0.83332
43285 0.83332
43286 0.83332
43287 0.83332
43288 0.83332
43289 0.83332
43290 0.83332
43291 0.83332
43292 0.83332
43293 0.83332
43294 0.83332
43295 0.83332
43296 0.83332
43297 0.83332
43298 0.83332
43299 0.83332
43300 0.83332
43301 2.28036
43302 2.28036
43303 2.28036
43304 2.28036
43305 2.28036
43306 2.28036
43307 2.28036
43308 2.28036
43309 2.28036
43310 2.28036
43311 2.28036
43312 2.28036
43313 2.28036
43314 2.28036
43315 2.28036
43316 2.28036
43317 2.28036
43318 2.28036
43319 2.28036
43320 2.28036
43321 2.28036
43322 2.28036
43323 2.28036
43324 2.28036
43325 2.28036
43326 2.28036
43327 2.28036
43328 2.28036
43329 2.28036
43330 2.28036
43331 2.28036
43332 2.28036
43333 2.28036
43334 2.28036
43335 2.28036
43336 2.28036
43337 2.28036
43338 2.28036
43339 2.28036
43340 2.28036
43341 2.28036
43342 2.28036
43343 2.28036
43344 2.28036
43345 2.28036
43346 2.28036
43347 2.28036
43348 2.28036
43349 2.28036
43350 2.28036
43351 2.16622
43352 2.16622
43353 2.16622
43354 2.16622
43355 2.16622
43356 2.16622
43357 2.16622
43358 2.16622
43359 2.16622
43360 2.16622
43361 2.16622
43362 2.16622
43363 2.16622
43364 2.16622
43365 2.16622
43366 2.16622
43367 2.16622
43368 2.16622
43369 2.16622
43370 2.16622
43371 2.16622
43372 2.16622
43373 2.16622
43374 2.16622
43375 2.16622
43376 2.16622
43377 2.16622
43378 2.16622
43379 2.16622
43380 2.16622
43381 2.16622
43382 2.16622
43383 2.16622
43384 2.16622
43385 2.16622
43386 2.16622
43387 2.16622
43388 2.16622
43389 2.16622
43390 2.16622
43391 2.16622
43392 2.16622
43393 2.16622
43394 2.16622
43395 2.16622
43396 2.16622
43397 2.16622
43398 2.16622
43399 2.16622
43400 2.16622
43401 0.926089
43402 0.926089
43403 0.926089
43404 0.926089
43405 0.926089
43406 0.926089
43407 0.926089
43408 0.926089
43409 0.926089
43410 0.926089
43411 0.926089
43412 0.926089
43413 0.926089
43414 0.926089
43415 0.926089
43416 0.926089
43417 0.926089
43418 0.926089
43419 0.926089
43420 0.926089
43421 0.926089
43422 0.926089
43423 0.926089
43424 0.926089
43425 0.926089
43426 0.926089
43427 0.926089
43428 0.926089
43429 0.926089
43430 0.926089
43431 0.926089
43432 0.926089
43433 0.926089
43434 0.926089
43435 0.926089
43436 0.926089
43437 0.926089
43438 0.926089
43439 0.926089
43440 0.926089
43441 0.926089
43442 0.926089
43443 0.926089
43444 0.926089
43445 0.926089
43446 0.926089
43447 0.926089
43448 0.926089
43449 0.926089
43450 0.926089
43451 4.70991
43452 4.70991
43453 4.70991
43454 4.70991
43455 4.70991
43456 4.70991
43457 4.70991
43458 4.70991
43459 4.70991
43460 4.70991
43461 4.70991
43462 4.70991
43463 4.70991
43464 4.70991
43465 4.70991
43466 4.70991
43467 4.70991
43468 4.70991
43469 4.70991
43470 4.70991
43471 4.70991
43472 4.70991
43473 4.70991
43474 4.70991
43475 4.70991
43476 4.70991
43477 4.70991
43478 4.70991
43479 4.70991
43480 4.70991
43481 4.70991
43482 4.70991
43483 4.70991
43484 4.70991
43485 4.70991
43486 4.70991
43487 4.70991
43488 4.70991
43489 4.70991
43490 4.70991
43491 4.70991
43492 4.70991
43493 4.70991
43494 4.70991
43495 4.70991
43496 4.70991
43497 4.70991
43498 4.70991
43499 4.70991
43500 4.70991
43501 3.22669
43502 3.22669
43503 3.22669
43504 3.22669
43505 3.22669
43506 3.22669
43507 3.22669
43508 3.22669
43509 3.22669
43510 3.22669
43511 3.22669
43512 3.22669
43513 3.22669
43514 3.22669
43515 3.22669
43516 3.22669
43517 3.22669
43518 3.22669
43519 3.22669
43520 3.22669
43521 3.22669
43522 3.22669
43523 3.22669
43524 3.22669
43525 3.22669
43526 3.22669
43527 3.22669
43528 3.22669
43529 3.22669
43530 3.22669
43531 3.22669
43532 3.22669
43533 3.22669
43534 3.22669
43535 3.22669
43536 3.22669
43537 3.22669
43538 3.22669
43539 3.22669
43540 3.22669
43541 3.22669
43542 3.22669
43543 3.22669
43544 3.22669
43545 3.22669
43546 3.22669
43547 3.22669
43548 3.22669
43549 3.22669
43550 3.22669
43551 5.63712
43552 5.63712
43553 5.63712
43554 5.63712
43555 5.63712
43556 5.63712
43557 5.63712
43558 5.63712
43559 5.63712
43560 5.63712
43561 5.63712
43562 5.63712
43563 5.63712
43564 5.63712
43565 5.63712
43566 5.63712
43567 5.63712
43568 5.63712
43569 5.63712
43570 5.63712
43571 5.63712
43572 5.63712
43573 5.63712
43574 5.63712
43575 5.63712
43576 5.63712
43577 5.63712
43578 5.63712
43579 5.63712
43580 5.63712
43581 5.63712
43582 5.63712
43583 5.63712
43584 5.63712
43585 5.63712
43586 5.63712
43587 5.63712
43588 5.63712
43589 5.63712
43590 5.63712
43591 5.63712
43592 5.63712
43593 5.63712
43594 5.63712
43595 5.63712
43596 5.63712
43597 5.63712
43598 5.63712
43599 5.63712
43600 5.63712
43601 2.78261
43602 2.78261
43603 2.78261
43604 2.78261
43605 2.78261
43606 2.78261
43607 2.78261
43608 2.78261
43609 2.78261
43610 2.78261
43611 2.78261
43612 2.78261
43613 2.78261
43614 2.78261
43615 2.78261
43616 2.78261
43617 2.78261
43618 2.78261
43619 2.78261
43620 2.78261
43621 2.78261
43622 2.78261
43623 2.78261
43624 2.78261
43625 2.78261
43626 2.78261
43627 2.78261
43628 2.78261
43629 2.78261
43630 2.78261
43631 2.78261
43632 2.78261
43633 2.78261
43634 2.78261
43635 2.78261
43636 2.78261
43637 2.78261
43638 2.78261
43639 2.78261
43640 2.78261
43641 2.78261
43642 2.78261
43643 2.78261
43644 2.78261
43645 2.78261
43646 2.78261
43647 2.78261
43648 2.78261
43649 2.78261
43650 2.78261
43651 3.14886
43652 3.14886
43653 3.14886
43654 3.14886
43655 3.14886
43656 3.14886
43657 3.14886
43658 3.14886
43659 3.14886
43660 3.14886
43661 3.14886
43662 3.14886
43663 3.14886
43664 3.14886
43665 3.14886
43666 3.14886
43667 3.14886
43668 3.14886
43669 3.14886
43670 3.14886
43671 3.14886
43672 3.14886
43673 3.14886
43674 3.14886
43675 3.14886
43676 3.14886
43677 3.14886
43678 3.14886
43679 3.14886
43680 3.14886
43681 3.14886
43682 3.14886
43683 3.14886
43684 3.14886
43685 3.14886
43686 3.14886
43687 3.14886
43688 3.14886
43689 3.14886
43690 3.14886
43691 3.14886
43692 3.14886
43693 3.14886
43694 3.14886
43695 3.14886
43696 3.14886
43697 3.14886
43698 3.14886
43699 3.14886
43700 3.14886
43701 4.20505
43702 4.20505
43703 4.20505
43704 4.20505
43705 4.20505
43706 4.20505
43707 4.20505
43708 4.20505
43709 4.20505
43710 4.20505
43711 4.20505
43712 4.20505
43713 4.20505
43714 4.20505
43715 4.20505
43716 4.20505
43717 4.20505
43718 4.20505
43719 4.20505
43720 4.20505
43721 4.20505
43722 4.20505
43723 4.20505
43724 4.20505
43725 4.20505
43726 4.20505
43727 4.20505
43728 4.20505
43729 4.20505
43730 4.20505
43731 4.20505
43732 4.20505
43733 4.20505
43734 4.20505
43735 4.20505
43736 4.20505
43737 4.20505
43738 4.20505
43739 4.20505
43740 4.20505
43741 4.20505
43742 4.20505
43743 4.20505
43744 4.20505
43745 4.20505
43746 4.20505
43747 4.20505
43748 4.20505
43749 4.20505
43750 4.20505
43751 0.178295
43752 0.178295
43753 0.178295
43754 0.178295
43755 0.178295
43756 0.178295
43757 0.178295
43758 0.178295
43759 0.178295
43760 0.178295
43761 0.178295
43762 0.178295
43763 0.178295
43764 0.178295
43765 0.178295
43766 0.178295
43767 0.178295
43768 0.178295
43769 0.178295
43770 0.178295
43771 0.178295
43772 0.178295
43773 0.178295
43774 0.178295
43775 0.178295
43776 0.178295
43777 0.178295
43778 0.178295
43779 0.178295
43780 0.178295
43781 0.178295
43782 0.178295
43783 0.178295
43784 0.178295
43785 0.178295
43786 0.178295
43787 0.178295
43788 0.178295
43789 0.178295
43790 0.178295
43791 0.178295
43792 0.178295
43793 0.178295
43794 0.178295
43795 0.178295
43796 0.178295
43797 0.178295
43798 0.178295
43799 0.178295
43800 0.178295
43801 3.20025
43802 3.20025
43803 3.20025
43804 3.20025
43805 3.20025
43806 3.20025
43807 3.20025
43808 3.20025
43809 3.20025
43810 3.20025
43811 3.20025
43812 3.20025
43813 3.20025
43814 3.20025
43815 3.20025
43816 3.20025
43817 3.20025
43818 3.20025
43819 3.20025
43820 3.20025
43821 3.20025
43822 3.20025
43823 3.20025
43824 3.20025
43825 3.20025
43826 3.20025
43827 3.20025
43828 3.20025
43829 3.20025
43830 3.20025
43831 3.20025
43832 3.20025
43833 3.20025
43834 3.20025
43835 3.20025
43836 3.20025
43837 3.20025
43838 3.20025
43839 3.20025
43840 3.20025
43841 3.20025
43842 3.20025
43843 3.20025
43844 3.20025
43845 3.20025
43846 3.20025
43847 3.20025
43848 3.20025
43849 3.20025
43850 3.20025
43851 2.29766
43852 2.29766
43853 2.29766
43854 2.29766
43855 2.29766
43856 2.29766
43857 2.29766
43858 2.29766
43859 2.29766
43860 2.29766
43861 2.29766
43862 2.29766
43863 2.29766
43864 2.29766
43865 2.29766
43866 2.29766
43867 2.29766
43868 2.29766
43869 2.29766
43870 2.29766
43871 2.29766
43872 2.29766
43873 2.29766
43874 2.29766
43875 2.29766
43876 2.29766
43877 2.29766
43878 2.29766
43879 2.29766
43880 2.29766
43881 2.29766
43882 2.29766
43883 2.29766
43884 2.29766
43885 2.29766
43886 2.29766
43887 2.29766
43888 2.29766
43889 2.29766
43890 2.29766
43891 2.29766
43892 2.29766
43893 2.29766
43894 2.29766
43895 2.29766
43896 2.29766
43897 2.29766
43898 2.29766
43899 2.29766
43900 2.29766
43901 2.74138
43902 2.74138
43903 2.74138
43904 2.74138
43905 2.74138
43906 2.74138
43907 2.74138
43908 2.74138
43909 2.74138
43910 2.74138
43911 2.74138
43912 2.74138
43913 2.74138
43914 2.74138
43915 2.74138
43916 2.74138
43917 2.74138
43918 2.74138
43919 2.74138
43920 2.74138
43921 2.74138
43922 2.74138
43923 2.74138
43924 2.74138
43925 2.74138
43926 2.74138
43927 2.74138
43928 2.74138
43929 2.74138
43930 2.74138
43931 2.74138
43932 2.74138
43933 2.74138
43934 2.74138
43935 2.74138
43936 2.74138
43937 2.74138
43938 2.74138
43939 2.74138
43940 2.74138
43941 2.74138
43942 2.74138
43943 2.74138
43944 2.74138
43945 2.74138
43946 2.74138
43947 2.74138
43948 2.74138
43949 2.74138
43950 2.74138
43951 5.03506
43952 5.03506
43953 5.03506
43954 5.03506
43955 5.03506
43956 5.03506
43957 5.03506
43958 5.03506
43959 5.03506
43960 5.03506
43961 5.03506
43962 5.03506
43963 5.03506
43964 5.03506
43965 5.03506
43966 5.03506
43967 5.03506
43968 5.03506
43969 5.03506
43970 5.03506
43971 5.03506
43972 5.03506
43973 5.03506
43974 5.03506
43975 5.03506
43976 5.03506
43977 5.03506
43978 5.03506
43979 5.03506
43980 5.03506
43981 5.03506
43982 5.03506
43983 5.03506
43984 5.03506
43985 5.03506
43986 5.03506
43987 5.03506
43988 5.03506
43989 5.03506
43990 5.03506
43991 5.03506
43992 5.03506
43993 5.03506
43994 5.03506
43995 5.03506
43996 5.03506
43997 5.03506
43998 5.03506
43999 5.03506
44000 5.03506
44001 0.852608
44002 0.852608
44003 0.852608
44004 0.852608
44005 0.852608
44006 0.852608
44007 0.852608
44008 0.852608
44009 0.852608
44010 0.852608
44011 0.852608
44012 0.852608
44013 0.852608
44014 0.852608
44015 0.852608
44016 0.852608
44017 0.852608
44018 0.852608
44019 0.852608
44020 0.852608
44021 0.852608
44022 0.852608
44023 0.852608
44024 0.852608
44025 0.852608
44026 0.852608
44027 0.852608
44028 0.852608
44029 0.852608
44030 0.852608
44031 0.852608
44032 0.852608
44033 0.852608
44034 0.852608
44035 0.852608
44036 0.852608
44037 0.852608
44038 0.852608
44039 0.852608
44040 0.852608
44041 0.852608
44042 0.852608
44043 0.852608
44044 0.852608
44045 0.852608
44046 0.852608
44047 0.852608
44048 0.852608
44049 0.852608
44050 0.852608
44051 0.471768
44052 0.471768
44053 0.471768
44054 0.471768
44055 0.471768
44056 0.471768
44057 0.471768
44058 0.471768
44059 0.471768
44060 0.471768
44061 0.471768
44062 0.471768
44063 0.471768
44064 0.471768
44065 0.471768
44066 0.471768
44067 0.471768
44068 0.471768
44069 0.471768
44070 0.471768
44071 0.471768
44072 0.471768
44073 0.471768
44074 0.471768
44075 0.471768
44076 0.471768
44077 0.471768
44078 0.471768
44079 0.471768
44080 0.471768
44081 0.471768
44082 0.471768
44083 0.471768
44084 0.471768
44085 0.471768
44086 0.471768
44087 0.471768
44088 0.471768
44089 0.471768
44090 0.471768
44091 0.471768
44092 0.471768
44093 0.471768
44094 0.471768
44095 0.471768
44096 0.471768
44097 0.471768
44098 0.471768
44099 0.471768
44100 0.471768
44101 1.87983
44102 1.87983
44103 1.87983
44104 1.87983
44105 1.87983
44106 1.87983
44107 1.87983
44108 1.87983
44109 1.87983
44110 1.87983
44111 1.87983
44112 1.87983
44113 1.87983
44114 1.87983
44115 1.87983
44116 1.87983
44117 1.87983
44118 1.87983
44119 1.87983
44120 1.87983
44121 1.87983
44122 1.87983
44123 1.87983
44124 1.87983
44125 1.87983
44126 1.87983
44127 1.87983
44128 1.87983
44129 1.87983
44130 1.87983
44131 1.87983
44132 1.87983
44133 1.87983
44134 1.87983
44135 1.87983
44136 1.87983
44137 1.87983
44138 1.87983
44139 1.87983
44140 1.87983
44141 1.87983
44142 1.87983
44143 1.87983
44144 1.87983
44145 1.87983
44146 1.87983
44147 1.87983
44148 1.87983
44149 1.87983
44150 1.87983
44151 6.27752
44152 6.27752
44153 6.27752
44154 6.27752
44155 6.27752
44156 6.27752
44157 6.27752
44158 6.27752
44159 6.27752
44160 6.27752
44161 6.27752
44162 6.27752
44163 6.27752
44164 6.27752
44165 6.27752
44166 6.27752
44167 6.27752
44168 6.27752
44169 6.27752
44170 6.27752
44171 6.27752
44172 6.27752
44173 6.27752
44174 6.27752
44175 6.27752
44176 6.27752
44177 6.27752
44178 6.27752
44179 6.27752
44180 6.27752
44181 6.27752
44182 6.27752
44183 6.27752
44184 6.27752
44185 6.27752
44186 6.27752
44187 6.27752
44188 6.27752
44189 6.27752
44190 6.27752
44191 6.27752
44192 6.27752
44193 6.27752
44194 6.27752
44195 6.27752
44196 6.27752
44197 6.27752
44198 6.27752
44199 6.27752
44200 6.27752
44201 1.88939
44202 1.88939
44203 1.88939
44204 1.88939
44205 1.88939
44206 1.88939
44207 1.88939
44208 1.88939
44209 1.88939
44210 1.88939
44211 1.88939
44212 1.88939
44213 1.88939
44214 1.88939
44215 1.88939
44216 1.88939
44217 1.88939
44218 1.88939
44219 1.88939
44220 1.88939
44221 1.88939
44222 1.88939
44223 1.88939
44224 1.88939
44225 1.88939
44226 1.88939
44227 1.88939
44228 1.88939
44229 1.88939
44230 1.88939
44231 1.88939
44232 1.88939
44233 1.88939
44234 1.88939
44235 1.88939
44236 1.88939
44237 1.88939
44238 1.88939
44239 1.88939
44240 1.88939
44241 1.88939
44242 1.88939
44243 1.88939
44244 1.88939
44245 1.88939
44246 1.88939
44247 1.88939
44248 1.88939
44249 1.88939
44250 1.88939
44251 1.85425
44252 1.85425
44253 1.85425
44254 1.85425
44255 1.85425
44256 1.85425
44257 1.85425
44258 1.85425
44259 1.85425
44260 1.85425
44261 1.85425
44262 1.85425
44263 1.85425
44264 1.85425
44265 1.85425
44266 1.85425
44267 1.85425
44268 1.85425
44269 1.85425
44270 1.85425
44271 1.85425
44272 1.85425
44273 1.85425
44274 1.85425
44275 1.85425
44276 1.85425
44277 1.85425
44278 1.85425
44279 1.85425
44280 1.85425
44281 1.85425
44282 1.85425
44283 1.85425
44284 1.85425
44285 1.85425
44286 1.85425
44287 1.85425
44288 1.85425
44289 1.85425
44290 1.85425
44291 1.85425
44292 1.85425
44293 1.85425
44294 1.85425
44295 1.85425
44296 1.85425
44297 1.85425
44298 1.85425
44299 1.85425
44300 1.85425
44301 2.86166
44302 2.86166
44303 2.86166
44304 2.86166
44305 2.86166
44306 2.86166
44307 2.86166
44308 2.86166
44309 2.86166
44310 2.86166
44311 2.86166
44312 2.86166
44313 2.86166
44314 2.86166
44315 2.86166
44316 2.86166
44317 2.86166
44318 2.86166
44319 2.86166
44320 2.86166
44321 2.86166
44322 2.86166
44323 2.86166
44324 2.86166
44325 2.86166
44326 2.86166
44327 2.86166
44328 2.86166
44329 2.86166
44330 2.86166
44331 2.86166
44332 2.86166
44333 2.86166
44334 2.86166
44335 2.86166
44336 2.86166
44337 2.86166
44338 2.86166
44339 2.86166
44340 2.86166
44341 2.86166
44342 2.86166
44343 2.86166
44344 2.86166
44345 2.86166
44346 2.86166
44347 2.86166
44348 2.86166
44349 2.86166
44350 2.86166
44351 2.41308
44352 2.41308
44353 2.41308
44354 2.41308
44355 2.41308
44356 2.41308
44357 2.41308
44358 2.41308
44359 2.41308
44360 2.41308
44361 2.41308
44362 2.41308
44363 2.41308
44364 2.41308
44365 2.41308
44366 2.41308
44367 2.41308
44368 2.41308
44369 2.41308
44370 2.41308
44371 2.41308
44372 2.41308
44373 2.41308
44374 2.41308
44375 2.41308
44376 2.41308
44377 2.41308
44378 2.41308
44379 2.41308
44380 2.41308
44381 2.41308
44382 2.41308
44383 2.41308
44384 2.41308
44385 2.41308
44386 2.41308
44387 2.41308
44388 2.41308
44389 2.41308
44390 2.41308
44391 2.41308
44392 2.41308
44393 2.41308
44394 2.41308
44395 2.41308
44396 2.41308
44397 2.41308
44398 2.41308
44399 2.41308
44400 2.41308
44401 0.769924
44402 0.769924
44403 0.769924
44404 0.769924
44405 0.769924
44406 0.769924
44407 0.769924
44408 0.769924
44409 0.769924
44410 0.769924
44411 0.769924
44412 0.769924
44413 0.769924
44414 0.769924
44415 0.769924
44416 0.769924
44417 0.769924
44418 0.769924
44419 0.769924
44420 0.769924
44421 0.769924
44422 0.769924
44423 0.769924
44424 0.769924
44425 0.769924
44426 0.769924
44427 0.769924
44428 0.769924
44429 0.769924
44430 0.769924
44431 0.769924
44432 0.769924
44433 0.769924
44434 0.769924
44435 0.769924
44436 0.769924
44437 0.769924
44438 0.769924
44439 0.769924
44440 0.769924
44441 0.769924
44442 0.769924
44443 0.769924
44444 0.769924
44445 0.769924
44446 0.769924
44447 0.769924
44448 0.769924
44449 0.769924
44450 0.769924
44451 3.62633
44452 3.62633
44453 3.62633
44454 3.62633
44455 3.62633
44456 3.62633
44457 3.62633
44458 3.62633
44459 3.62633
44460 3.62633
44461 3.62633
44462 3.62633
44463 3.62633
44464 3.62633
44465 3.62633
44466 3.62633
44467 3.62633
44468 3.62633
44469 3.62633
44470 3.62633
44471 3.62633
44472 3.62633
44473 3.62633
44474 3.62633
44475 3.62633
44476 3.62633
44477 3.62633
44478 3.62633
44479 3.62633
44480 3.62633
44481 3.62633
44482 3.62633
44483 3.62633
44484 3.62633
44485 3.62633
44486 3.62633
44487 3.62633
44488 3.62633
44489 3.62633
44490 3.62633
44491 3.62633
44492 3.62633
44493 3.62633
44494 3.62633
44495 3.62633
44496 3.62633
44497 3.62633
44498 3.62633
44499 3.62633
44500 3.62633
44501 0.648496
44502 0.648496
44503 0.648496
44504 0.648496
44505 0.648496
44506 0.648496
44507 0.648496
44508 0.648496
44509 0.648496
44510 0.648496
44511 0.648496
44512 0.648496
44513 0.648496
44514 0.648496
44515 0.648496
44516 0.648496
44517 0.648496
44518 0.648496
44519 0.648496
44520 0.648496
44521 0.648496
44522 0.648496
44523 0.648496
44524 0.648496
44525 0.648496
44526 0.648496
44527 0.648496
44528 0.648496
44529 0.648496
44530 0.648496
44531 0.648496
44532 0.648496
44533 0.648496
44534 0.648496
44535 0.648496
44536 0.648496
44537 0.648496
44538 0.648496
44539 0.648496
44540 0.648496
44541 0.648496
44542 0.648496
44543 0.648496
44544 0.648496
44545 0.648496
44546 0.648496
44547 0.648496
44548 0.648496
44549 0.648496
44550 0.648496
44551 2.57038
44552 2.57038
44553 2.57038
44554 2.57038
44555 2.57038
44556 2.57038
44557 2.57038
44558 2.57038
44559 2.57038
44560 2.57038
44561 2.57038
44562 2.57038
44563 2.57038
44564 2.57038
44565 2.57038
44566 2.57038
44567 2.57038
44568 2.57038
44569 2.57038
44570 2.57038
44571 2.57038
44572 2.57038
44573 2.57038
44574 2.57038
44575 2.57038
44576 2.57038
44577 2.57038
44578 2.57038
44579 2.57038
44580 2.57038
44581 2.57038
44582 2.57038
44583 2.57038
44584 2.57038
44585 2.57038
44586 2.57038
44587 2.57038
44588 2.57038
44589 2.57038
44590 2.57038
44591 2.57038
44592 2.57038
44593 2.57038
44594 2.57038
44595 2.57038
44596 2.57038
44597 2.57038
44598 2.57038
44599 2.57038
44600 2.57038
44601 4.52904
44602 4.52904
44603 4.52904
44604 4.52904
44605 4.52904
44606 4.52904
44607 4.52904
44608 4.52904
44609 4.52904
44610 4.52904
44611 4.52904
44612 4.52904
44613 4.52904
44614 4.52904
44615 4.52904
44616 4.52904
44617 4.52904
44618 4.52904
44619 4.52904
44620 4.52904
44621 4.52904
44622 4.52904
44623 4.52904
44624 4.52904
44625 4.52904
44626 4.52904
44627 4.52904
44628 4.52904
44629 4.52904
44630 4.52904
44631 4.52904
44632 4.52904
44633 4.52904
44634 4.52904
44635 4.52904
44636 4.52904
44637 4.52904
44638 4.52904
44639 4.52904
44640 4.52904
44641 4.52904
44642 4.52904
44643 4.52904
44644 4.52904
44645 4.52904
44646 4.52904
44647 4.52904
44648 4.52904
44649 4.52904
44650 4.52904
44651 3.77889
44652 3.77889
44653 3.77889
44654 3.77889
44655 3.77889
44656 3.77889
44657 3.77889
44658 3.77889
44659 3.77889
44660 3.77889
44661 3.77889
44662 3.77889
44663 3.77889
44664 3.77889
44665 3.77889
44666 3.77889
44667 3.77889
44668 3.77889
44669 3.77889
44670 3.77889
44671 3.77889
44672 3.77889
44673 3.77889
44674 3.77889
44675 3.77889
44676 3.77889
44677 3.77889
44678 3.77889
44679 3.77889
44680 3.77889
44681 3.77889
44682 3.77889
44683 3.77889
44684 3.77889
44685 3.77889
44686 3.77889
44687 3.77889
44688 3.77889
44689 3.77889
44690 3.77889
44691 3.77889
44692 3.77889
44693 3.77889
44694 3.77889
44695 3.77889
44696 3.77889
44697 3.77889
44698 3.77889
44699 3.77889
44700 3.77889
44701 3.29058
44702 3.29058
44703 3.29058
44704 3.29058
44705 3.29058
44706 3.29058
44707 3.29058
44708 3.29058
44709 3.29058
44710 3.29058
44711 3.29058
44712 3.29058
44713 3.29058
44714 3.29058
44715 3.29058
44716 3.29058
44717 3.29058
44718 3.29058
44719 3.29058
44720 3.29058
44721 3.29058
44722 3.29058
44723 3.29058
44724 3.29058
44725 3.29058
44726 3.29058
44727 3.29058
44728 3.29058
44729 3.29058
44730 3.29058
44731 3.29058
44732 3.29058
44733 3.29058
44734 3.29058
44735 3.29058
44736 3.29058
44737 3.29058
44738 3.29058
44739 3.29058
44740 3.29058
44741 3.29058
44742 3.29058
44743 3.29058
44744 3.29058
44745 3.29058
44746 3.29058
44747 3.29058
44748 3.29058
44749 3.29058
44750 3.29058
44751 3.32045
44752 3.32045
44753 3.32045
44754 3.32045
44755 3.32045
44756 3.32045
44757 3.32045
44758 3.32045
44759 3.32045
44760 3.32045
44761 3.32045
44762 3.32045
44763 3.32045
44764 3.32045
44765 3.32045
44766 3.32045
44767 3.32045
44768 3.32045
44769 3.32045
44770 3.32045
44771 3.32045
44772 3.32045
44773 3.32045
44774 3.32045
44775 3.32045
44776 3.32045
44777 3.32045
44778 3.32045
44779 3.32045
44780 3.32045
44781 3.32045
44782 3.32045
44783 3.32045
44784 3.32045
44785 3.32045
44786 3.32045
44787 3.32045
44788 3.32045
44789 3.32045
44790 3.32045
44791 3.32045
44792 3.32045
44793 3.32045
44794 3.32045
44795 3.32045
44796 3.32045
44797 3.32045
44798 3.32045
44799 3.32045
44800 3.32045
44801 3.50673
44802 3.50673
44803 3.50673
44804 3.50673
44805 3.50673
44806 3.50673
44807 3.50673
44808 3.50673
44809 3.50673
44810 3.50673
44811 3.50673
44812 3.50673
44813 3.50673
44814 3.50673
44815 3.50673
44816 3.50673
44817 3.50673
44818 3.50673
44819 3.50673
44820 3.50673
44821 3.50673
44822 3.50673
44823 3.50673
44824 3.50673
44825 3.50673
44826 3.50673
44827 3.50673
44828 3.50673
44829 3.50673
44830 3.50673
44831 3.50673
44832 3.50673
44833 3.50673
44834 3.50673
44835 3.50673
44836 3.50673
44837 3.50673
44838 3.50673
44839 3.50673
44840 3.50673
44841 3.50673
44842 3.50673
44843 3.50673
44844 3.50673
44845 3.50673
44846 3.50673
44847 3.50673
44848 3.50673
44849 3.50673
44850 3.50673
44851 4.996
44852 4.996
44853 4.996
44854 4.996
44855 4.996
44856 4.996
44857 4.996
44858 4.996
44859 4.996
44860 4.996
44861 4.996
44862 4.996
44863 4.996
44864 4.996
44865 4.996
44866 4.996
44867 4.996
44868 4.996
44869 4.996
44870 4.996
44871 4.996
44872 4.996
44873 4.996
44874 4.996
44875 4.996
44876 4.996
44877 4.996
44878 4.996
44879 4.996
44880 4.996
44881 4.996
44882 4.996
44883 4.996
44884 4.996
44885 4.996
44886 4.996
44887 4.996
44888 4.996
44889 4.996
44890 4.996
44891 4.996
44892 4.996
44893 4.996
44894 4.996
44895 4.996
44896 4.996
44897 4.996
44898 4.996
44899 4.996
44900 4.996
44901 3.63938
44902 3.63938
44903 3.63938
44904 3.63938
44905 3.63938
44906 3.63938
44907 3.63938
44908 3.63938
44909 3.63938
44910 3.63938
44911 3.63938
44912 3.63938
44913 3.63938
44914 3.63938
44915 3.63938
44916 3.63938
44917 3.63938
44918 3.63938
44919 3.63938
44920 3.63938
44921 3.63938
44922 3.63938
44923 3.63938
44924 3.63938
44925 3.63938
44926 3.63938
44927 3.63938
44928 3.63938
44929 3.63938
44930 3.63938
44931 3.63938
44932 3.63938
44933 3.63938
44934 3.63938
44935 3.63938
44936 3.63938
44937 3.63938
44938 3.63938
44939 3.63938
44940 3.63938
44941 3.63938
44942 3.63938
44943 3.63938
44944 3.63938
44945 3.63938
44946 3.63938
44947 3.63938
44948 3.63938
44949 3.63938
44950 3.63938
44951 5.68012
44952 5.68012
44953 5.68012
44954 5.68012
44955 5.68012
44956 5.68012
44957 5.68012
44958 5.68012
44959 5.68012
44960 5.68012
44961 5.68012
44962 5.68012
44963 5.68012
44964 5.68012
44965 5.68012
44966 5.68012
44967 5.68012
44968 5.68012
44969 5.68012
44970 5.68012
44971 5.68012
44972 5.68012
44973 5.68012
44974 5.68012
44975 5.68012
44976 5.68012
44977 5.68012
44978 5.68012
44979 5.68012
44980 5.68012
44981 5.68012
44982 5.68012
44983 5.68012
44984 5.68012
44985 5.68012
44986 5.68012
44987 5.68012
44988 5.68012
44989 5.68012
44990 5.68012
44991 5.68012
44992 5.68012
44993 5.68012
44994 5.68012
44995 5.68012
44996 5.68012
44997 5.68012
44998 5.68012
44999 5.68012
45000 5.68012
